tree
version=v4
num_class=1
num_tree_per_iteration=1
label_index=0
max_feature_idx=37
objective=binary sigmoid:1
feature_names=Column_0 Column_1 Column_2 Column_3 Column_4 Column_5 Column_6 Column_7 Column_8 Column_9 Column_10 Column_11 Column_12 Column_13 Column_14 Column_15 Column_16 Column_17 Column_18 Column_19 Column_20 Column_21 Column_22 Column_23 Column_24 Column_25 Column_26 Column_27 Column_28 Column_29 Column_30 Column_31 Column_32 Column_33 Column_34 Column_35 Column_36 Column_37
feature_infos=none [0:1] [0:2] [0.23800000548362732:1] [0:1] [0:1] [0:1] [0:1] [0:1] [0.41402554512023926:32.933795928955078] none [1:61] [0:15] [0.5:1] [0.86319911479949951:0.99700111150741577] [0:1] [0:1] [0:1] [0:1] [0:1] [0:1] [0:1] [0:1] [0:1] [0:1] [0:1] [0:1] none [0:1] [0:1] [0:1] [0:1] [0:1] [0:1] [0:1] [0:1] [0:1] [0:1]
tree_sizes=1635 1715 1709 1720 1724 1718 1714 1717 1716 1712 1730 1717 1730 1736 1728 1729 1732 1722 1738 1731 1728 1719 1737 1740 1733 1728 1722 1726 1740 1724 1727 1730 1730 1723 1724 1721 1731 1735 1743 1733 1728 1732 1739 1735 1723 1737 1732 1726 1738 1755 1732 1738 1732 1734 1728 1729 1740 1728 1741 1744 1727 1738 1730 1732 1738 1740 1729 1728 1739 1735 1732 1738 1739 1733 1748 1742 1736 1732 1734 1739 1742 1747 1745 1743 1736 1744 1734 1729 1748 1740 1728 1738 1724 1756 1744 1737 1738 1734 1744 1742 1747 1755 1750 1734 1739 1733 1741 1730 1743 1733 1745 1744 1730 1730 1743 1738 1733 1758 1757 1777 1743 1752 1750 1744 1745 1742 1753 1755 1746 1745 1750 1754 1753 1747 1754 1757 1748 1756 1742 1755 1759 1758 1749 1747 1738 1743 1742 1746 1748 1746 1743 1740 1747 1751 1757 1742 1760 1741 1746 1752 1757 1749 1740 1741 1753 1770 1747 1764 1748 1741 1764 1743 1741 1750 1771 1746 1748 1752 1743 1742 1759 1749 1747 1756 1759 1766 1740 1744 1761 1756 1769 1749 1744 1754 1748 1742 1752 1760 1763 1756 1752 1745 1759 1751 1765 1750 1770 1763 1773 1757 1743 1756 1747 1747 1764 1754 1763 1756 1753 1757 1752 1752 1758 1784 1764 1755 1749 1756 1747 1741 1758 1744 1755 1762 1762 1753 1745 1767 1766 1763 1747 1744 1753 1755 1754 1781 1756 1749 1764 1756 1759 1738 1746 1748 1762 1756 1759 1747 1754 1746 1745 1761 1757 1768 1764 1738 1786 1755 1745 1746 1755 1763 1755 1758 1749 1759 1760 1765 1764 1750 1749 1752 1756 1753 1754 1793 1747 1774 1749 1759 1748 1762 1749 1768 1744 1746 1747 1751 1750 1754

Tree=0
num_leaves=15
num_cat=0
split_feature=7 5 12 3 12 9 11 3 3 14 11 4 14 4
split_gain=469.227 262.569 130.911 23.9465 29.4711 28.6033 10.4372 8.02335 14.4749 2.89331 2.45769 2.28117 1.79085 1.5362
threshold=1.0000000180025095e-35 1.0000000180025095e-35 11.500000000000002 0.9454999864101411 6.5000000000000009 3.7255351543426518 13.500000000000002 0.55500000715255748 0.87349998950958263 0.930240958929062 31.000000000000004 0.90404999256134044 0.94004181027412426 0.96799999475479137
decision_type=2 2 2 2 2 2 2 2 2 2 2 2 2 2
left_child=-1 2 7 4 5 6 -3 12 -9 -5 -8 -11 -2 -10
right_child=1 3 -4 9 -6 -7 10 8 13 11 -12 -13 -14 -15
leaf_value=1.997936926128776 2.4764148987679562 2.3634526982951884 2.0432843353003052 2.5139177623610176 2.2958767438911947 2.5594242727702201 2.5381184158777108 2.3082876114315036 2.5372473792119026 2.501087476836322 2.4705556792196046 2.5588823638276548 2.5423390928702116 2.4728345257591782
leaf_weight=3.3375341892242423 0.76485158503055517 2.0164269059896531 2.8508104532957077 4.102385774254798 0.69531962275504966 11.611837700009344 1.1125113964080808 0.97344747185707126 1.0429794341325758 1.4601712077856053 3.3375341892242432 93.033765524625778 1.5297031700611112 0.69531962275505055
leaf_count=48 11 29 41 59 10 167 16 14 15 21 48 1338 22 10
internal_value=2.50927 2.52684 2.26406 2.54636 2.49523 2.5137 2.43593 2.44649 2.40097 2.55614 2.48957 2.55791 2.51695 2.50745
internal_weight=128.565 125.227 7.85711 117.37 18.7736 18.0783 6.46647 5.0063 2.71175 98.5963 4.45005 94.4939 2.29455 1.7383
internal_count=1849 1801 113 1688 270 260 93 72 39 1418 64 1359 33 25
is_linear=0
shrinkage=1


Tree=1
num_leaves=15
num_cat=0
split_feature=12 9 4 14 18 11 25 17 12 12 9 9 14 9
split_gain=157.054 130.397 110.482 31.1935 20.1517 14.5966 14.761 12.1315 10.2924 5.84078 5.3477 3.29689 4.65664 2.80471
threshold=8.0000000000000018 2.3613666296005253 0.99994999170303356 0.98247721791267406 1.0000000180025095e-35 34.500000000000007 1.0000000180025095e-35 1.0000000180025095e-35 5.5000000000000009 3.5000000000000004 9.5119538307189959 3.174047708511353 0.96607625484466564 1.2175102233886721
decision_type=2 2 2 2 2 2 2 2 2 2 2 2 2 2
left_child=1 3 -2 5 7 6 9 11 -6 -1 -9 12 -3 -5
right_child=2 4 -4 13 8 -7 -8 10 -10 -11 -12 -13 -14 -15
leaf_value=-0.21955854172913503 -0.31994282055064144 -0.041109342167525827 0.013563881440102841 -0.035116436547924186 -0.16916353284464303 0.023942620544562525 -0.045186344311042917 -0.083835325800646385 0.023611486889349619 -0.030739004638879894 0.027872889143850183 0.046504759540004187 0.040204896723653079 0.037459865440678558
leaf_weight=6.6572191417217219 5.1394209265708906 2.1915250569581977 4.0383496508002281 1.2801333814859384 0.80616308748721965 0.79059588909149248 2.5574069991707802 1.9233179986476892 0.77380658686161041 0.81131692230701435 1.0713354945182798 94.096912555396557 2.9399703815579414 2.2787880450487137
leaf_count=79 59 31 59 17 10 11 35 26 11 11 16 1403 44 34
internal_value=0.00226505 0.0183478 -0.186281 -0.117851 0.0381541 -0.156963 -0.172106 0.0412923 -0.102193 -0.205099 -0.0468985 0.0443952 0.00443686 0.00937783
internal_weight=127.356 118.178 9.17777 14.3755 103.803 10.8165 10.0259 102.223 1.57997 7.46854 2.99465 99.2284 5.1315 3.55892
internal_count=1846 1728 118 187 1541 136 125 1520 21 90 42 1478 75 51
is_linear=0
shrinkage=0.05


Tree=2
num_leaves=15
num_cat=0
split_feature=7 5 15 3 12 9 14 3 3 12 4 11 14 3
split_gain=238.863 153.471 37.2055 26.5613 34.7035 23.1217 5.72902 3.75173 6.60773 3.61573 7.1691 3.18371 2.02725 1.47951
threshold=1.0000000180025095e-35 1.0000000180025095e-35 1.0000000180025095e-35 0.9454999864101411 8.0000000000000018 3.7255351543426518 0.95251977443695079 0.82949998974800121 0.55500000715255748 8.0000000000000018 0.99994999170303356 34.500000000000007 0.92844375967979442 0.75499999523162853
decision_type=2 2 2 2 2 2 2 2 2 2 2 2 2 2
left_child=-1 2 -2 4 5 6 13 8 -4 12 -11 -8 -5 -3
right_child=1 3 7 9 -6 -7 11 -9 -10 10 -12 -13 -14 -15
leaf_value=-0.30825279747019607 -0.2448947886818017 0.028351447468900753 -0.011856096302941323 0.0077279751329389496 -0.21220957651137218 0.049095574446386431 -0.11629519823142626 0.026032064827909138 -0.13858047733286269 -0.063321067018096838 0.041660449427397543 -0.013262603540152402 0.049568593850277641 -0.026328946408094491
leaf_weight=4.8939094915986052 5.1351763457059842 1.0618294402957027 2.837208785116673 3.4165046960115424 1.0692916810512532 10.653539128601549 2.8248477205634117 0.92321696877479542 0.83056356757879246 1.5729900002479542 3.4268750548362732 1.2857081517577169 84.117685593664646 2.1503115594387054
leaf_count=42 46 13 38 51 10 166 35 13 9 18 52 18 1305 29
internal_value=0.00267138 0.017633 -0.1633 0.034715 -0.0182884 0.00382177 -0.0600303 -0.0445555 -0.0640937 0.0457031 0.0035836 -0.0929695 0.0480413 -0.0058138
internal_weight=126.2 121.306 9.72617 111.58 19.0455 17.9762 7.3227 4.59099 3.66777 92.5341 4.99987 4.11056 87.5342 3.21214
internal_count=1845 1803 106 1697 271 261 95 60 47 1426 70 53 1356 42
is_linear=0
shrinkage=0.05


Tree=3
num_leaves=15
num_cat=0
split_feature=7 5 3 12 37 9 11 3 17 14 3 3 11 12
split_gain=219.233 150.777 26.7519 29.7025 21.7795 20.5307 9.348 10.6633 3.88551 2.06351 1.7921 1.99413 1.30291 1.14524
threshold=1.0000000180025095e-35 1.0000000180025095e-35 0.9454999864101411 8.0000000000000018 1.0000000180025095e-35 3.3852339982986455 10.500000000000002 0.55500000715255748 1.0000000180025095e-35 0.96845462918281566 0.92050001025199901 0.32999999821186071 40.500000000000007 8.0000000000000018
decision_type=2 2 2 2 2 2 2 2 2 2 2 2 2 2
left_child=-1 4 3 5 6 10 7 -2 12 -10 11 -3 13 -4
right_child=1 2 8 -5 -6 -7 -8 -9 9 -11 -12 -13 -14 -15
leaf_value=-0.25062000386448474 -0.018598679613247411 -0.070566724532128894 0.050420768872178424 -0.18977849790754414 -0.21975910722571351 0.044686449211421495 0.018369877306939456 -0.16827586235175382 -0.049049190236062482 0.025416638160759383 -0.11345028049622458 -0.010762312786920705 -0.010227342617282443 0.019645254335087112
leaf_weight=7.2246098071336737 2.481710880994795 1.8254511505365432 80.097280740737915 1.2491364777088154 5.0945969074964523 10.567079205065964 1.8656134679913519 1.9254083409905431 0.97866969928145298 0.89830639213323593 0.8107093572616576 3.6300919502973557 0.62329384684562583 4.9202146381139746
leaf_count=50 33 22 1296 10 35 168 23 21 14 14 10 44 10 72
internal_value=-0.00103588 0.0163737 0.0354155 -0.0191057 -0.149081 0.00349082 -0.0693536 -0.103018 0.046769 -0.0169635 -0.0625685 -0.0386045 0.0483455 0.0488888
internal_weight=124.192 116.968 105.6 18.0825 11.3673 16.8333 6.27273 4.40712 87.5178 1.87698 6.26625 5.45554 85.6408 85.0175
internal_count=1822 1772 1660 254 112 244 77 54 1406 28 76 66 1378 1368
is_linear=0
shrinkage=0.05


Tree=4
num_leaves=15
num_cat=0
split_feature=7 5 4 12 12 15 3 3 3 17 14 14 3 23
split_gain=170.938 141.263 31.0953 19.5077 46.2054 19.2464 6.06272 4.43366 5.93135 1.65389 1.48843 1.45648 2.45809 0.871182
threshold=1.0000000180025095e-35 1.0000000180025095e-35 0.88425001502037059 8.0000000000000018 13.500000000000002 1.0000000180025095e-35 0.32999999821186071 0.82949998974800121 0.55500000715255748 1.0000000180025095e-35 0.96440431475639354 0.93343460559844982 0.92599999904632579 1.0000000180025095e-35
decision_type=2 2 2 2 2 2 2 2 2 2 2 2 2 2
left_child=-1 5 6 9 -5 -2 -3 8 -7 13 -11 -8 -13 -4
right_child=1 2 3 4 -6 7 11 -9 -10 10 -12 12 -14 -15
leaf_value=-0.20764781881347286 -0.1851179269229298 -0.12043692201048656 0.048132691690430829 -0.20934236238969547 0.044683004607746379 -0.013330064420127193 -0.058501939470411539 0.026842573480362099 -0.12548638137285295 -0.035040167222099204 0.027798033095218763 0.024107356871228551 -0.045155818325636123 0.020653466214088836
leaf_weight=8.4434936642646772 7.5414527207612974 2.1551992744207373 85.154181402176619 1.6402688175439823 4.7730010598897934 2.7488120198249817 0.80674053728580464 0.97047290951013554 1.4983975887298582 0.7271193191409101 1.0749375224113462 2.4081800431013112 1.05478098988533 5.1657797880470744
leaf_count=50 52 24 1434 13 71 36 10 13 13 10 17 31 15 83
internal_value=-0.00292886 0.0133801 0.0328449 0.0399514 -0.0397618 -0.137492 -0.0668458 -0.0499534 -0.0692724 0.0458682 -0.00101332 -0.0220735 -0.00238028 0.0468044
internal_weight=126.163 117.719 104.96 98.5353 6.41327 12.7591 6.4249 5.21768 4.24721 92.122 1.80206 4.2697 3.46296 90.32
internal_count=1872 1822 1708 1628 84 114 80 62 49 1544 27 56 46 1517
is_linear=0
shrinkage=0.05


Tree=5
num_leaves=15
num_cat=0
split_feature=3 12 7 7 9 24 11 17 12 4 2 9 9 9
split_gain=143.912 48.3154 54.5625 28.3406 24.157 6.49019 5.47103 4.14861 3.62028 5.77662 2.88653 1.74516 1.5583 1.52069
threshold=0.9454999864101411 8.0000000000000018 1.0000000180025095e-35 1.0000000180025095e-35 2.9083033800125127 1.0000000180025095e-35 20.500000000000004 1.0000000180025095e-35 8.0000000000000018 0.99994999170303356 1.0000000180025095e-35 3.5444744825363164 9.6862173080444354 9.5119538307189959
decision_type=2 2 2 2 2 2 2 2 2 2 2 2 2 2
left_child=1 2 -1 -2 5 6 -4 8 -5 12 11 -6 -10 -9
right_child=3 -3 4 7 10 -7 -8 13 9 -11 -12 -13 -14 -15
leaf_value=-0.16918442986648313 -0.12712086625069169 -0.18675200054017255 -0.11228347085615734 0.044701528987270638 -0.0083030479251090927 0.028688348991220448 -0.026927379648816276 -0.037454842261829074 -0.0041312095930596095 0.041027570873429377 -0.022379602350310838 0.044694639173796021 -0.07552734499235271 0.023523485358381904
leaf_weight=6.2637590020895031 1.6671744734048832 7.575030803680419 4.9677814915776253 75.333296053111553 1.4630548991262884 1.0474334806203849 3.924457848072052 1.7698829919099801 1.4614546000957482 3.3070860803127289 1.6344786435365684 10.75182221829891 0.9462638497352599 0.78563327342271794
leaf_count=33 9 42 53 1321 20 11 46 24 12 55 19 181 10 13
internal_value=-0.000786683 -0.0809891 -0.0491753 0.0351332 -0.0120261 -0.0680046 -0.081143 0.039833 0.0418262 0.00291064 0.0300238 0.0381988 -0.0461203 -0.0173649
internal_weight=122.899 37.6278 30.0528 85.2708 23.789 9.93967 8.89224 83.6036 81.0481 5.7148 13.8494 12.2149 2.40772 2.55552
internal_count=1849 405 363 1444 330 110 99 1435 1398 77 220 201 22 37
is_linear=0
shrinkage=0.05


Tree=6
num_leaves=15
num_cat=0
split_feature=3 12 9 7 5 7 7 11 3 3 3 12 9 11
split_gain=129.458 41.0517 48.834 36.7845 13.8368 10.0338 9.23803 5.48422 11.5385 3.66398 3.52973 3.47828 3.52351 2.57698
threshold=0.9454999864101411 8.0000000000000018 3.5444744825363164 1.0000000180025095e-35 1.0000000180025095e-35 1.0000000180025095e-35 1.0000000180025095e-35 6.5000000000000009 0.55500000715255748 0.41550000011920935 0.38750000298023229 8.0000000000000018 13.11981773376465 34.500000000000007
decision_type=2 2 2 2 2 2 2 2 2 2 2 2 2 2
left_child=1 2 6 -2 -5 -4 -1 8 9 -8 13 -6 -13 -9
right_child=3 -3 5 4 11 -7 7 10 -10 -11 -12 12 -14 -15
leaf_value=-0.14664012257565393 -0.1285016272539638 -0.16643162035426001 -0.084815281112000956 -0.092015145205568138 0.046341588059934907 0.045144026148568987 -0.069774947585153207 -0.085449960738271213 -0.1706629710518798 0.019334103581636588 0.0047376185694795511 -0.044647111537663209 0.029569494629820437 0.0034069565445903633
leaf_weight=5.769563540816308 2.3860557079315177 8.6428181082010251 0.75821530818939287 1.0183700621128071 73.397267121821642 11.308797955512997 1.0282937735319175 1.8598171994090082 1.8751943483948705 1.9358915090560911 4.0336701944470406 1.5560802966356266 3.2771173715591431 1.0379367023706434
leaf_count=28 12 44 4 7 1338 192 10 18 16 23 48 20 52 13
internal_value=-0.00116509 -0.0759243 -0.0449295 0.0343584 0.0408021 0.0311123 -0.0960995 -0.061784 -0.0985465 -0.0213818 -0.0269284 0.0436706 0.00211729 -0.0609141
internal_weight=119.885 38.2502 29.6074 81.6349 79.2488 12.067 17.5404 11.7708 4.83938 2.96419 6.93142 78.2305 4.8332 2.89775
internal_count=1825 396 352 1429 1417 196 156 128 49 33 79 1410 72 31
is_linear=0
shrinkage=0.05


Tree=7
num_leaves=15
num_cat=0
split_feature=3 37 9 5 9 11 17 11 24 11 13 14 14 9
split_gain=118.793 33.9002 40.732 16.1639 13.1555 14.1413 4.60371 3.2518 3.12413 2.97883 3.38184 2.37981 1.784 2.21365
threshold=0.9454999864101411 1.0000000180025095e-35 3.60814380645752 1.0000000180025095e-35 2.2800099849700932 10.500000000000002 1.0000000180025095e-35 20.500000000000004 1.0000000180025095e-35 2.5000000000000004 0.75000000000000011 0.96845462918281566 0.930240958929062 10.436212062835695
decision_type=2 2 2 2 2 2 2 2 2 2 2 2 2 2
left_child=1 2 7 -2 5 -5 12 8 -1 -4 -11 -8 13 -6
right_child=3 -3 9 4 6 -7 11 -9 -10 10 -12 -13 -14 -15
leaf_value=-0.11225250394087441 -0.089219423874406192 -0.15298904604406227 -0.041007924417735153 -0.11172898020671354 0.025954589956325821 0.037687112778362876 -0.048113724431611007 -0.043967074398399683 -0.030336412301604217 -0.038051468918112341 0.04414674618484031 0.026788270720576907 0.04596448597504988 -0.045089724007989593
leaf_weight=10.996847227215772 1.7002539336681355 8.8890252262353879 0.55839473381638427 2.1257411465048781 2.7715780586004253 2.4588035829365253 1.4816298410296433 5.9260825216770163 2.3029521554708472 0.64338943362235923 10.168492559343575 1.0067076683044431 68.881599992513657 0.55888961255550373
leaf_count=84 12 43 5 12 48 46 20 63 18 8 179 17 1295 10
internal_value=-0.00151038 -0.0715742 -0.0438276 0.0331063 0.0368082 -0.0391945 0.0419288 -0.0865918 -0.101182 0.0296366 0.036448 -0.0188182 0.0442505 0.00637341
internal_weight=120.47 39.4852 30.5962 80.9852 79.2849 4.58454 74.7004 19.2259 13.2998 11.3703 10.8119 2.48834 72.2121 3.33047
internal_count=1860 400 357 1460 1448 58 1390 165 102 192 187 37 1353 58
is_linear=0
shrinkage=0.05


Tree=8
num_leaves=15
num_cat=0
split_feature=7 12 3 3 2 12 17 4 11 3 3 3 3 4
split_gain=91.5588 70.0514 32.0998 20.619 13.9749 8.81933 3.99527 3.20036 2.33159 2.18712 5.71495 2.20055 1.14966 1.06756
threshold=1.0000000180025095e-35 8.0000000000000018 0.99849998950958263 0.76649999618530285 1.0000000180025095e-35 5.5000000000000009 1.0000000180025095e-35 0.99954998493194591 32.500000000000007 0.38750000298023229 0.55500000715255748 0.62000000476837169 0.99849998950958263 0.97424998879432689
decision_type=2 2 2 2 2 2 2 2 2 2 2 2 2 2
left_child=-1 3 -3 8 6 -6 13 -4 9 -2 -11 -12 -8 -5
right_child=1 2 7 4 5 -7 12 -9 -10 10 11 -13 -14 -15
leaf_value=-0.13806863617152432 -0.078841319414677632 -0.1307023810233254 -0.042510862414167343 0.032488945289360104 -0.12262897796469152 0.029286396606099187 0.013636680843748281 0.04227006610436574 0.013875805359598148 0.019887273358032434 -0.096782925542220705 -0.0091429700549808066 -0.036293647913805231 0.049100048247390636
leaf_weight=9.9106035679578763 2.3549486175179464 10.014588251709936 0.58216086775064368 23.284894105046988 1.2558453083038323 1.1132694557309148 1.5645205900073043 3.7437847033143044 1.5729047879576672 3.3522125110030174 1.2757409512996676 1.3822047412395475 1.2585989013314247 53.144289921969175
leaf_count=45 21 45 6 432 11 13 22 63 22 37 8 15 19 1052
internal_value=-9.70499e-05 0.0139857 -0.0851582 0.0302665 0.0385582 -0.0637384 0.0423723 0.0250211 -0.0351332 -0.0448461 -0.0221792 -0.0661665 -0.012294 0.0445243
internal_weight=115.811 105.9 14.3405 91.5594 81.6214 2.36911 79.2523 4.32595 9.93801 8.36511 6.01016 2.65795 2.82312 76.4292
internal_count=1811 1766 114 1652 1549 24 1525 69 103 81 60 23 41 1484
is_linear=0
shrinkage=0.05


Tree=9
num_leaves=15
num_cat=0
split_feature=3 12 9 5 9 11 11 12 4 17 9 14 3 14
split_gain=89.4851 26.3305 28.3619 18.3475 10.2202 8.15886 5.66254 3.10008 5.8092 2.87113 1.48432 1.94087 1.75074 1.46013
threshold=0.9454999864101411 8.0000000000000018 3.5444744825363164 1.0000000180025095e-35 2.2266194820404057 10.500000000000002 20.500000000000004 8.0000000000000018 0.99994999170303356 1.0000000180025095e-35 5.8397583961486825 0.95533749461174022 0.92599999904632579 0.96845462918281566
decision_type=2 2 2 2 2 2 2 2 2 2 2 2 2 2
left_child=1 2 6 -2 5 -5 -1 9 -9 -6 11 -4 -13 -11
right_child=3 -3 10 4 7 -7 -8 8 -10 13 -12 12 -14 -15
leaf_value=-0.08429694545715867 -0.084455860529315419 -0.12379846024719943 0.036483746632841596 -0.092246664771686748 0.045603076738014919 0.024499454860691546 -0.021967999757089424 -0.054305024788159434 0.039779375497065741 -0.033348392837970024 0.04509232933167559 -0.035253063891073716 0.025804711298864292 0.02584196968984849
leaf_weight=14.314106404781347 2.3777389377355567 10.681850403547285 2.1954063326120359 1.8295468538999546 61.416186239570379 2.4946559779345989 5.9436755999922743 1.7748184651136387 3.015488188713789 1.3252908810973161 5.580009363591671 2.2845078930258755 0.95511375740170468 0.93905663490295399
leaf_count=103 14 46 41 10 1263 47 63 19 57 17 106 32 19 16
internal_value=-0.0014764 -0.059172 -0.0339456 0.0310782 0.0359453 -0.0329437 -0.0679032 0.0407075 0.00156244 0.0435824 0.0289596 0.00796307 -0.0154112 -0.00840464
internal_weight=117.127 41.9547 31.2728 75.1728 72.795 4.3242 20.2578 68.4708 4.79031 63.6805 11.015 5.43503 3.23962 2.26435
internal_count=1853 410 364 1443 1429 57 166 1372 76 1296 198 92 51 33
is_linear=0
shrinkage=0.05


Tree=10
num_leaves=15
num_cat=0
split_feature=5 9 12 12 32 17 15 9 11 36 36 9 14 4
split_gain=62.9706 47.3956 12.7407 24.7947 10.8486 10.8154 6.07399 3.97679 5.25395 3.94991 2.95669 2.61108 2.01674 1.86795
threshold=1.0000000180025095e-35 2.2800099849700932 8.0000000000000018 13.500000000000002 1.0000000180025095e-35 1.0000000180025095e-35 1.0000000180025095e-35 3.992484569549561 6.5000000000000009 1.0000000180025095e-35 1.0000000180025095e-35 4.5105085372924814 0.98742127418518078 0.98054999113082897
decision_type=2 2 2 2 2 2 2 2 2 2 2 2 2 2
left_child=6 4 5 -4 9 7 -1 8 -3 -2 -10 -7 -11 -13
right_child=1 2 3 -5 -6 11 -8 -9 10 12 -12 13 -14 -15
leaf_value=-0.11152343390728428 -0.099639785622511634 -0.052340417988764848 -0.13240733580184844 0.042869031489773564 0.033686973271905285 -0.075307173886949422 -0.044327245924030728 0.044660099483983709 0.040005858678785561 -0.044190534109543878 -0.023833254895876291 0.03029868017305954 0.024480918659165032 -0.039653231740874137
leaf_weight=9.8481710925698298 8.9430389776825852 1.7259191572666157 2.5106381848454467 3.932541873306036 1.7752281613647944 1.5516896918416017 7.9362189620733252 60.346259117126465 6.9171686992049199 2.530788674950601 1.6248934231698511 1.2738941535353658 0.78530172258615483 0.6452679969370364
leaf_count=49 53 23 13 66 37 12 67 1284 135 26 27 19 10 10
internal_value=-0.00181881 0.0146479 0.0295522 -0.034042 -0.0671498 0.0354627 -0.0854935 0.0398137 0.00989508 -0.0831913 0.0266372 -0.042163 -0.0260239 0.00125235
internal_weight=112.347 94.5626 80.5283 6.44318 14.0344 74.0851 17.7844 70.6142 10.268 12.2591 8.54206 3.47085 3.31609 1.91916
internal_count=1831 1715 1589 79 126 1510 116 1469 185 89 162 41 36 29
is_linear=0
shrinkage=0.05


Tree=11
num_leaves=15
num_cat=0
split_feature=3 11 5 11 9 9 9 11 17 3 3 5 14 14
split_gain=81.5891 16.5586 13.9305 11.9683 16.2256 6.99734 6.11872 5.81005 4.67796 2.98747 8.54215 2.65768 2.32739 1.73865
threshold=0.9454999864101411 20.500000000000004 1.0000000180025095e-35 11.500000000000002 3.5444744825363164 2.9083033800125127 2.2800099849700932 10.500000000000002 1.0000000180025095e-35 0.55500000715255748 0.38750000298023229 1.0000000180025095e-35 0.96845462918281566 0.930240958929062
decision_type=2 2 2 2 2 2 2 2 2 2 2 2 2 2
left_child=1 3 -2 4 9 -3 7 -4 13 10 -1 -6 -10 -8
right_child=2 5 6 -5 11 -7 8 -9 12 -11 -12 -13 -14 -15
leaf_value=-0.10297688002685224 -0.0729280416058464 -0.034716376941712722 -0.069841820511972491 -0.11035066546514022 -0.033107951689467507 0.043004807622287144 0.0031076113979944591 0.026125416502524913 -0.05296553735046286 -0.099804138358354805 0.007794457736350624 0.030412919483259311 0.024675040926800389 0.042754298808796463
leaf_weight=2.0130263492465037 2.2513661533594123 5.4243267700076085 1.8499679341912258 12.976791221648453 1.2997392416000355 4.2729621790349483 3.0705101378262034 2.693287655711174 1.3635102137923234 6.7072026878595352 3.8178649917244911 5.523979727178812 0.86239481717348088 58.830856826156378
leaf_count=12 13 51 9 58 13 83 60 52 17 39 34 109 15 1283
internal_value=-0.00268959 -0.0571214 0.0299182 -0.0738485 -0.0451657 0.000349002 0.0342884 -0.0185015 0.038255 -0.0769628 -0.0399244 0.0156286 -0.0245605 0.0408684
internal_weight=112.958 42.0359 70.9219 32.3386 19.3618 9.69729 68.6705 4.54326 64.1273 12.5381 5.83089 6.82372 2.22591 61.9014
internal_count=1848 399 1449 265 207 134 1436 61 1375 85 46 122 32 1343
is_linear=0
shrinkage=0.05


Tree=12
num_leaves=15
num_cat=0
split_feature=7 37 9 18 12 5 30 17 23 9 14 14 14 14
split_gain=66.075 62.1931 18.1197 9.09255 7.86601 15.5096 6.43603 3.56666 2.7342 5.51085 1.71607 2.85789 1.5208 1.32685
threshold=1.0000000180025095e-35 1.0000000180025095e-35 1.5551638007164004 1.0000000180025095e-35 13.500000000000002 0.75000000000000011 1.0000000180025095e-35 1.0000000180025095e-35 1.0000000180025095e-35 3.7738654613494877 0.93820601701736461 0.97169688344001781 0.96845462918281566 0.98742127418518078
decision_type=2 2 2 2 2 2 2 2 2 2 2 2 2 2
left_child=-1 2 6 7 -3 -6 10 8 -4 -10 -2 -12 -9 -13
right_child=1 4 3 -5 5 -7 -8 12 9 -11 11 13 -14 -15
leaf_value=-0.11389644158878361 -0.039991003040338417 -0.12082919355819857 0.04849692072538301 -0.052032165335487802 -0.082459732911075403 0.040540523239432899 -0.10381198949324331 -0.027755829591174914 -0.059307141048707449 0.039405661564771183 0.028641419812675512 -0.040376827399864867 0.02779966183902028 0.011342881242059144
leaf_weight=10.217818334698675 2.0842411667108509 5.4829946234822247 62.682778988033533 1.7723737023770798 6.4034002423286438 3.1714062355458736 1.1707099676132209 2.0711488351225849 1.1888609491288651 3.0138126090168953 4.2902776673436147 2.6354307308793072 1.0881879329681394 1.3362693972885606
leaf_count=43 16 25 1428 16 26 59 7 24 10 67 39 24 19 15
internal_value=0.00114494 0.0141175 0.0311603 0.0404482 -0.0762686 -0.041738 -0.0253619 0.0434878 0.0459122 0.00544948 -0.00811794 0.00337227 -0.00653743 -0.0241944
internal_weight=108.61 98.3919 83.3341 71.8172 15.0578 9.57481 11.5169 70.0448 66.8855 4.20267 10.3462 8.26198 3.15934 3.9717
internal_count=1818 1775 1665 1564 110 85 101 1548 1505 77 94 78 43 39
is_linear=0
shrinkage=0.05


Tree=13
num_leaves=15
num_cat=0
split_feature=3 7 37 9 5 7 7 14 3 3 17 37 4 33
split_gain=69.7837 23.7605 14.6365 23.0261 11.0211 8.53028 3.48918 3.12786 4.19122 10.5254 2.99773 1.21869 2.1549 1.41124
threshold=0.9454999864101411 1.0000000180025095e-35 1.0000000180025095e-35 3.258797407150269 1.0000000180025095e-35 1.0000000180025095e-35 1.0000000180025095e-35 0.930240958929062 0.29999999701976782 0.55500000715255748 1.0000000180025095e-35 1.0000000180025095e-35 0.99994999170303356 1.0000000180025095e-35
decision_type=2 2 2 2 2 2 2 2 2 2 2 2 2 2
left_child=2 -2 3 6 -3 -5 -1 -8 -9 -10 11 13 -13 -6
right_child=1 4 -4 5 10 -7 7 8 9 -11 -12 12 -14 -15
leaf_value=-0.094599017918069378 -0.091385843783570883 -0.054128072307547619 -0.099058503241532078 -0.072794709634656049 0.048303778541918981 0.036511766861164627 -0.09068648268912255 -0.075528669735831444 0.038317275633537234 -0.061294932844255551 -0.01243769008335846 -0.024282089344946356 0.037156607723421754 0.014187097592380694
leaf_weight=6.4420508444309244 2.8516415953636161 2.3124770596623412 10.806875616312025 1.1479354500770576 50.008355092257261 10.93622516840696 2.0717171952128455 2.3772792518138877 4.7387764826416952 3.9536542296409607 2.0515084303915492 1.562207713723182 2.4186035245656967 4.3098580315709105
leaf_count=26 12 13 44 5 1210 212 19 17 47 29 28 17 53 104
internal_value=-0.00162139 0.0305917 -0.0508692 -0.0318952 0.0374909 0.0213582 -0.0641969 -0.0436578 -0.028072 -0.00863969 0.0418266 0.0439136 0.0130115 0.0459022
internal_weight=107.989 65.5147 42.4745 31.6676 62.663 12.0842 19.5835 13.1414 11.0697 8.69243 60.3505 58.299 3.98081 54.3182
internal_count=1836 1437 399 355 1425 217 138 112 93 76 1412 1384 70 1314
is_linear=0
shrinkage=0.05


Tree=14
num_leaves=15
num_cat=0
split_feature=5 9 12 12 11 4 14 15 4 11 11 14 9 4
split_gain=43.6268 27.6839 16.2509 18.6347 9.95901 7.80432 3.4372 3.24012 1.58526 2.19564 1.0237 1.34319 0.987126 0.957124
threshold=1.0000000180025095e-35 3.5444744825363164 8.0000000000000018 13.500000000000002 9.5000000000000018 0.88425001502037059 0.930240958929062 1.0000000180025095e-35 0.95205000042915355 10.500000000000002 34.500000000000007 0.97711780667305004 17.948051452636722 0.86004999279975902
decision_type=2 2 2 2 2 2 2 2 2 2 2 2 2 2
left_child=7 4 6 -4 -2 10 8 -1 -3 -10 11 -6 -8 -9
right_child=1 2 3 -5 5 -7 12 13 9 -11 -12 -13 -14 -15
leaf_value=-0.081530435776968155 -0.072221342936530306 0.028094689330154965 -0.10790738529787028 0.040988480678390254 -0.060138263013477883 0.033183826963018997 0.045086158662915189 -0.04251307191378137 -0.067642098405314141 0.01054053433687057 -0.0016647528983514026 -0.0066607404391009796 -0.0073126381175137424 -0.0024629776397417412
leaf_weight=11.548494383692741 7.9902800582349327 1.1198408268392079 3.2804323732852927 3.3462391048669815 3.7985192835330945 6.4638459533452988 53.689035981893539 6.0976239517331123 0.68270013481378589 1.4430523514747617 1.7237361967563627 1.9174117818474767 0.65045373886823554 2.0513125546276569
leaf_count=54 52 22 15 65 24 135 1329 45 14 32 20 13 12 19
internal_value=0.000888527 0.0163852 0.0328375 -0.0372042 -0.0311941 -0.00435214 0.0413951 -0.0643723 -0.00671615 -0.0281757 -0.0370324 -0.0458621 0.0443381 -0.0338025
internal_weight=105.803 86.1055 64.2118 6.62667 21.8938 13.9035 57.5851 19.6974 3.24559 2.12575 7.43967 5.71593 54.3395 8.14894
internal_count=1851 1733 1489 80 244 192 1409 118 68 46 57 37 1341 64
is_linear=0
shrinkage=0.05


Tree=15
num_leaves=15
num_cat=0
split_feature=7 5 3 15 12 17 4 14 3 12 14 12 14 14
split_gain=59.6289 42.9014 12.2895 7.38143 5.85001 4.42347 4.28589 3.18841 2.84579 2.02459 1.9605 1.29434 1.46954 2.66654
threshold=1.0000000180025095e-35 1.0000000180025095e-35 0.9454999864101411 1.0000000180025095e-35 4.5000000000000009 1.0000000180025095e-35 0.88425001502037059 0.93121567368507396 0.55500000715255748 1.5000000000000002 0.96871685981750499 8.0000000000000018 0.930240958929062 0.92699933052062999
decision_type=2 2 2 2 2 2 2 2 2 2 2 2 2 2
left_child=-1 3 4 -2 6 11 -3 -5 -9 -10 -7 12 13 -4
right_child=1 2 5 7 -6 10 -8 8 9 -11 -12 -13 -14 -15
leaf_value=-0.10275072987045702 -0.080324716542833241 -0.024075048426085335 0.032677093977577953 -0.057274130079014343 -0.069366508764653181 -0.043127000107907619 0.025644616931398197 0.040281578705111606 -0.054766845371655097 0.014362558805517862 0.025305370982998079 0.012153711746340773 0.047919243049901958 -0.051430932675582269
leaf_weight=11.648038372397421 10.53881696611643 6.3333936519920888 1.6460690759122365 1.6282748244702805 2.0701835826039305 1.5959192886948579 9.6734891980886442 2.4821006059646606 1.1791443526744845 1.4298689626157282 0.91234155371785153 3.8694833256304255 47.689538583159447 0.46682019159197796
leaf_count=48 48 58 36 13 14 19 192 25 6 14 17 71 1257 10
internal_value=-0.000932674 0.0129972 0.0295521 -0.055951 -0.00607023 0.04092 0.00571332 -0.0122695 0.00916397 -0.0233986 -0.0181177 0.0439599 0.0461433 0.00354202
internal_weight=103.163 91.5154 74.2572 17.2582 18.0771 56.1802 16.0069 6.71939 5.09111 2.60901 2.50826 53.6719 49.8024 2.11289
internal_count=1828 1780 1674 106 264 1410 250 58 45 20 36 1374 1303 46
is_linear=0
shrinkage=0.05


Tree=16
num_leaves=15
num_cat=0
split_feature=7 37 9 2 12 5 30 9 4 23 14 14 14 34
split_gain=46.6499 41.3094 19.1369 6.5974 6.20641 11.1818 6.11176 7.16137 4.59195 2.91192 3.07236 3.24125 2.04034 1.73103
threshold=1.0000000180025095e-35 1.0000000180025095e-35 4.0992836952209482 1.0000000180025095e-35 13.500000000000002 0.75000000000000011 1.0000000180025095e-35 3.927794456481934 0.93600001931190502 1.0000000180025095e-35 0.930240958929062 0.982448309659958 0.930240958929062 1.0000000180025095e-35
decision_type=2 2 2 2 2 2 2 2 2 2 2 2 2 2
left_child=-1 2 6 12 -3 -6 7 8 9 10 -2 -12 13 -4
right_child=1 4 3 -5 5 -7 -8 -9 -10 -11 11 -13 -14 -15
leaf_value=-0.09403408278764018 -0.040623725391055701 -0.10102629904903125 0.024740695171304589 -0.040809236837042226 -0.066894902385574398 0.0394756935555588 -0.078354789283737653 -0.089145447426443286 0.032756554671053838 -0.059999071263270136 0.02756881957472513 -0.035777302479062224 0.048876720530091761 -0.036433434403477592
leaf_weight=11.045504316687582 2.5982731580734333 5.6953899115323994 2.664447963237762 1.5385994762182225 6.1707285642623901 2.9631849639117718 1.9002286568284024 1.1236818395555008 8.8840517625212652 1.5583834275603301 7.3743016198277456 1.7298822030425069 46.280087135732174 0.70922773331403721
leaf_count=45 25 25 58 12 25 64 16 22 196 11 74 15 1248 14
internal_value=-0.00151032 0.0105951 0.0255479 0.0428355 -0.0631516 -0.0318964 -0.0099076 -0.00131953 0.00679603 -0.0116735 -0.00102134 0.0131828 0.0461818 0.00649064
internal_weight=102.236 91.1905 76.3612 51.1924 14.8293 9.13391 25.1688 23.2686 22.1449 13.2608 11.7025 9.10418 49.6538 3.37368
internal_count=1850 1805 1691 1332 114 89 359 343 321 125 114 89 1320 72
is_linear=0
shrinkage=0.05


Tree=17
num_leaves=15
num_cat=0
split_feature=7 12 9 11 3 2 3 3 3 14 4 14 34 14
split_gain=50.5461 38.6978 12.9678 11.2338 9.37004 5.33019 3.74361 3.54911 3.19689 2.93217 2.26835 1.58914 2.11702 1.32106
threshold=1.0000000180025095e-35 8.0000000000000018 4.0992836952209482 6.5000000000000009 0.99849998950958263 1.0000000180025095e-35 0.55500000715255748 0.92599999904632579 0.36599999666213995 0.98707339167594921 0.99994999170303356 0.94521561264991771 1.0000000180025095e-35 0.94004181027412426
decision_type=2 2 2 2 2 2 2 2 2 2 2 2 2 2
left_child=-1 2 3 6 -3 11 8 9 -2 -5 -6 12 -4 -10
right_child=1 4 5 7 10 -7 -8 -9 13 -11 -12 -13 -14 -15
leaf_value=-0.092973352072234741 -0.056149669398152469 -0.082649408804165381 0.0297299230847759 0.014549774283412465 -0.02973341680951741 -0.028327950968867623 -0.073095854748343556 0.04604288590096732 -0.015915548866323435 -0.048100694677305239 0.03542048916801073 0.049550764312529881 -0.033528169592852035 0.037615655694711918
leaf_weight=11.710486739873884 1.1791722178459183 10.311066716909407 5.7052642218768588 7.1714236959815008 1.3874722197651856 1.9079198241233815 4.2972405329346657 7.3613188080489627 1.1533152237534525 1.4209086075425146 2.1092437878251076 41.257938545197248 0.7693827487528323 1.9969821497797964
leaf_count=48 7 42 142 70 15 15 44 185 11 13 52 1169 16 21
internal_value=0.000302113 0.0136155 0.0280226 -0.00170755 -0.0604891 0.0424869 -0.0447821 0.022852 -0.00823676 0.000254889 0.00870485 0.0458407 0.018733 0.0189052
internal_weight=99.7391 88.0286 74.2209 24.5804 13.8078 49.6405 8.62671 15.9537 4.32947 8.59233 3.49672 47.7326 6.47465 3.1503
internal_count=1850 1802 1693 351 109 1342 83 268 39 83 67 1327 158 32
is_linear=0
shrinkage=0.05


Tree=18
num_leaves=15
num_cat=0
split_feature=3 7 37 7 9 14 12 12 17 24 3 3 36 14
split_gain=43.6854 15.296 11.0664 16.4507 9.19722 7.24559 3.56914 11.3808 3.05365 2.94069 2.69003 4.43867 5.53636 1.35856
threshold=0.9454999864101411 1.0000000180025095e-35 1.0000000180025095e-35 1.0000000180025095e-35 3.7255351543426518 0.92844375967979442 8.0000000000000018 13.500000000000002 1.0000000180025095e-35 1.0000000180025095e-35 0.55500000715255748 0.38750000298023229 1.0000000180025095e-35 0.96845462918281566
decision_type=2 2 2 2 2 2 2 2 2 2 2 2 2 2
left_child=2 -2 3 -1 9 -3 8 -8 -7 10 11 12 -5 -10
right_child=1 5 -4 4 -6 6 7 -9 13 -11 -12 -13 -14 -15
leaf_value=-0.082118021032022717 -0.073411771696872241 -0.030200669842130091 -0.081663583926079517 -0.087425135386383343 0.040968813815749211 0.045022889744239777 -0.097680846038614141 0.043320496904992331 -0.035498908703040004 0.033275990883157018 -0.047847579617656427 0.031829653731385479 0.0079866306998364837 0.02359587483925725
leaf_weight=7.8183038234710684 2.6586242169141761 3.4759300686419001 10.60369488596916 1.7078581526875511 7.3957839272916308 43.386412773281336 1.1355679482221592 3.3437072224915028 1.2546347156167024 1.327481500804425 7.7812989875674257 3.3734114840626717 3.1256888061761856 0.81165340170264233
leaf_count=32 11 56 44 10 171 1296 6 68 14 12 69 36 27 17
internal_value=-0.00197755 0.0269321 -0.0393141 -0.0234857 -0.00246309 0.0331846 0.0381034 -0.00372906 0.0422175 -0.0222374 -0.0285341 -0.0070143 -0.0349332 -0.0121611
internal_weight=99.2001 56.0665 43.1335 32.5298 24.7115 53.4079 49.932 4.47928 45.4527 17.3157 15.9883 8.20696 4.83355 2.06629
internal_count=1869 1468 401 357 325 1457 1401 74 1327 154 142 73 37 31
is_linear=0
shrinkage=0.05


Tree=19
num_leaves=15
num_cat=0
split_feature=3 7 11 5 7 12 3 11 12 4 11 17 14 3
split_gain=40.5469 21.7141 9.93624 6.59344 3.60187 8.98458 4.64745 3.49221 11.6056 4.17063 3.56768 2.60864 2.51545 2.29903
threshold=0.9454999864101411 1.0000000180025095e-35 32.500000000000007 1.0000000180025095e-35 1.0000000180025095e-35 8.0000000000000018 0.38750000298023229 25.500000000000004 8.0000000000000018 0.98135000467300426 26.500000000000004 1.0000000180025095e-35 0.97992375493049633 0.93149998784065258
decision_type=2 2 2 2 2 2 2 2 2 2 2 2 2 2
left_child=2 -2 4 -3 -1 6 12 11 9 10 -9 -5 -6 -8
right_child=1 3 -4 7 5 -7 13 8 -10 -11 -12 -13 -14 -15
leaf_value=-0.07972984988834067 -0.079211435409172831 -0.041643356410193996 0.030942453885850537 0.046337153379680945 -0.084068623862072228 -0.075738943050148694 -0.012453444057003797 -0.080350527609459432 -0.10776159168603183 0.045592135099083504 0.01631964670462225 -0.0052975256805523965 -0.0038683569332455857 0.035276057064395842
leaf_weight=8.0083298683166486 3.8462059795856467 2.0848319157958022 3.5710013657808295 35.329529657959938 2.4365976303815908 10.010987877845762 13.775456938892601 0.52574309706687605 0.83108408749103624 7.4458142034709454 1.866253290325403 2.4150113500654689 1.5068892315030096 2.0548445470631114
leaf_count=33 16 12 73 1054 14 42 169 14 5 233 55 35 11 50
internal_value=-0.00538425 0.0228551 -0.042149 0.0320162 -0.0496749 -0.0392665 -0.0180444 0.0359667 0.00959167 0.0285339 -0.022352 0.0429819 -0.0604042 -0.00453007
internal_weight=95.7086 54.3445 41.3641 50.4983 37.7931 29.7848 19.7738 48.4134 10.6689 9.83781 2.392 37.7445 3.94349 15.8303
internal_count=1816 1424 392 1408 319 286 244 1396 307 302 69 1089 25 219
is_linear=0
shrinkage=0.05


Tree=20
num_leaves=15
num_cat=0
split_feature=7 5 9 12 12 11 15 4 14 6 14 9 14 14
split_gain=33.6069 35.6597 9.78919 11.9915 11.6942 5.22586 3.81691 2.92389 2.6787 1.67333 1.61687 1.39249 1.28496 1.14962
threshold=1.0000000180025095e-35 1.0000000180025095e-35 4.0992836952209482 8.0000000000000018 13.500000000000002 6.5000000000000009 1.0000000180025095e-35 0.88425001502037059 0.93820601701736461 1.0000000180025095e-35 0.96292808651924144 3.927794456481934 0.930240958929062 0.982448309659958
decision_type=2 2 2 2 2 2 2 2 2 2 2 2 2 2
left_child=-1 6 5 9 -5 -3 -2 13 12 -4 -11 -9 -8 -7
right_child=1 2 3 4 -6 7 8 11 -10 10 -12 -13 -14 -15
leaf_value=-0.083154948264397302 -0.068834384908088991 -0.051410454874252366 0.046760029959968641 -0.08687424325370012 0.038603016549448935 -0.0018257399633535597 -0.072919507548460522 0.031256319652556562 0.0077702907235207468 -0.038245150331288412 0.027705761328906182 -0.019700981054957697 -0.006491966791615348 -0.045520400657940219
leaf_weight=11.019428655505179 12.104325495660307 3.9752127900719669 39.786144783720374 2.8798835873603812 2.7375283539295197 4.0325783900916568 1.2918558791279786 7.8697915337979776 4.0181159228086472 0.66270314529538055 1.1099795680493114 0.88191236928105343 1.3819042704999445 1.4895443618297575
leaf_count=46 56 40 1274 13 64 38 9 201 39 10 25 19 12 13
internal_value=-0.0049249 0.00616626 0.0236524 0.0354791 -0.0291325 -0.00717593 -0.0528192 0.00770261 -0.018668 0.0446918 -0.00185082 0.0246276 -0.0496996 -0.0187843
internal_weight=95.2409 84.2215 65.4253 47.1762 5.61741 18.249 18.7962 14.2738 6.69188 41.5588 1.77268 8.7517 2.67376 5.52212
internal_count=1859 1813 1697 1386 77 311 116 271 60 1309 35 220 21 51
is_linear=0
shrinkage=0.05


Tree=21
num_leaves=15
num_cat=0
split_feature=7 5 3 12 12 9 11 14 37 12 3 14 14 11
split_gain=31.289 28.8202 10.064 6.20263 10.513 4.69792 10.3798 6.48609 4.56468 3.03849 3.6547 2.63086 2.40774 1.33658
threshold=1.0000000180025095e-35 1.0000000180025095e-35 0.36599999666213995 8.0000000000000018 13.500000000000002 4.0992836952209482 6.5000000000000009 0.96137788891792308 1.0000000180025095e-35 5.5000000000000009 0.55500000715255748 0.97876101732254039 0.930240958929062 36.500000000000007
decision_type=2 2 2 2 2 2 2 2 2 2 2 2 2 2
left_child=-1 8 11 5 -5 6 7 -4 9 10 -2 -3 -7 -8
right_child=1 2 3 4 -6 12 13 -9 -10 -11 -12 -13 -14 -15
leaf_value=-0.078489637297321765 0.010281417251408619 -0.067851589907204857 0.016174519738105814 -0.084466283779337278 0.03914733824729752 -7.2295714199506486e-05 0.042171370068764383 -0.10250644336281622 -0.065995736354914555 0.034736977485696381 -0.052005787015792559 0.0039131790531818228 0.047628702693987141 -0.0041620473846408568
leaf_weight=10.81936629116535 3.4062142595648748 2.4516245648264876 1.5465950220823281 2.166430950164794 2.8664640635251999 2.8417517244815818 8.2326810564845783 1.8147151954472063 9.6791923940181732 1.4901327006518847 5.0127553418278694 1.862605422735214 36.708117095753551 1.6685262098908413
leaf_count=46 34 16 18 10 66 66 198 17 42 14 32 14 1229 36
internal_value=-0.00241371 0.00848185 0.0251353 0.0307676 -0.0192436 0.0358026 0.00917873 -0.0567115 -0.0430185 -0.0165821 -0.0283891 -0.0419621 0.044284 0.0346978
internal_weight=92.5672 81.7478 62.1595 57.8453 5.0329 52.8124 13.2625 3.36131 19.5883 9.9091 8.41897 4.31423 39.5499 9.90121
internal_count=1838 1792 1670 1640 76 1564 269 35 122 80 66 30 1295 234
is_linear=0
shrinkage=0.05


Tree=22
num_leaves=15
num_cat=0
split_feature=7 37 9 30 2 12 3 3 11 23 9 14 34 33
split_gain=27.8208 28.9695 10.1365 6.91121 6.81793 4.90841 9.30116 2.68585 4.88636 2.64186 4.80352 2.75536 4.13961 2.61838
threshold=1.0000000180025095e-35 1.0000000180025095e-35 1.5551638007164004 1.0000000180025095e-35 1.0000000180025095e-35 13.500000000000002 0.96149998903274547 0.55500000715255748 6.5000000000000009 1.0000000180025095e-35 4.1389088630676278 0.94521561264991771 1.0000000180025095e-35 1.0000000180025095e-35
decision_type=2 2 2 2 2 2 2 2 2 2 2 2 2 2
left_child=-1 2 3 7 9 -3 -7 -2 -9 11 -11 12 13 -4
right_child=1 5 4 -5 -6 6 -8 8 -10 10 -12 -13 -14 -15
leaf_value=-0.076221443624376176 0.018777467362617893 -0.08677678716086315 0.037831788628234053 -0.090500454994460189 -0.035312473893885386 -0.063133317661556956 0.034854533611340784 -0.069770521570021171 0.023901065714103692 -0.048452672258799484 0.0381860911694165 0.046333004221817478 -0.057984109578276502 -0.033582156782567929
leaf_weight=10.004859298467634 6.9045210033655131 5.7314128428697559 5.8735892921686164 1.5580856502056128 2.70515352487564 4.9270803928375244 3.2597221918404102 1.9779815301299097 1.8974149860441683 1.8352014534175385 2.6718210894614458 36.669581063091755 0.8247820921242236 0.76347126811742771
leaf_count=43 66 26 149 7 23 22 70 10 18 17 71 1252 16 16
internal_value=-0.00178219 0.00866282 0.0230475 -0.0166146 0.0327138 -0.0542864 -0.0245706 0.000840657 -0.0284129 0.0371324 0.000515598 0.0407777 0.0112281 0.0262953
internal_weight=87.6047 77.5998 63.6816 12.338 51.3436 13.9182 8.1868 10.7799 3.8754 48.6384 4.50702 44.1314 7.46184 6.63706
internal_count=1806 1763 1645 101 1544 118 92 94 28 1521 88 1433 181 165
is_linear=0
shrinkage=0.05


Tree=23
num_leaves=15
num_cat=0
split_feature=3 12 5 3 36 14 12 12 33 24 14 3 36 5
split_gain=28.3541 9.31753 3.95032 2.78854 3.10052 1.71238 2.04147 6.4719 1.73053 1.67341 1.51153 2.63165 1.37673 1.31326
threshold=0.95049998164176952 8.0000000000000018 1.0000000180025095e-35 0.68149998784065258 1.0000000180025095e-35 0.94521561264991771 8.0000000000000018 13.500000000000002 1.0000000180025095e-35 1.0000000180025095e-35 0.95533749461174022 0.82949998974800121 1.0000000180025095e-35 0.75000000000000011
decision_type=2 2 2 2 2 2 2 2 2 2 2 2 2 2
left_child=1 3 -2 4 9 8 -7 -8 -4 -1 12 -12 -5 -13
right_child=2 -3 5 10 -6 6 7 -9 -10 -11 11 13 -14 -15
leaf_value=-0.049254235430107367 -0.036344153762052828 -0.068411244291897252 0.015213793125789122 0.026042095035071339 0.010083671069117667 0.037065248326093404 -0.079259369254583559 0.037318029822912123 -0.04428000089268927 0.0028706743195984724 0.033534429901111183 -0.040950872433529267 -0.023152522676740405 -0.0040410268742945912
leaf_weight=9.6286502555012703 1.5370101556181897 10.362965300679205 4.460132908076047 5.5286074467003372 3.2970886006951323 35.020525988191366 0.81049278378486578 2.4818811975419521 0.57676775753498066 1.6762383878231055 1.6552699059247959 4.0852772761136276 0.98409052565693844 5.0468722935765982
leaf_count=64 7 47 127 99 29 1200 4 65 14 12 44 52 13 100
internal_value=-0.000304158 -0.0293402 0.0270795 -0.014955 -0.0302842 0.0300971 0.0336161 -0.00315946 0.00219484 -0.0419202 -0.00106869 -0.0121858 0.0165163 -0.0229647
internal_weight=87.1519 42.2651 44.8868 31.9021 14.602 43.3498 38.3129 3.29237 5.0369 11.3049 17.3001 10.7874 6.5127 9.13215
internal_count=1877 460 1417 413 105 1410 1269 69 141 76 308 196 112 152
is_linear=0
shrinkage=0.05


Tree=24
num_leaves=15
num_cat=0
split_feature=7 37 4 2 14 3 12 3 3 11 15 14 3 14
split_gain=27.0063 24.9772 8.12792 8.42147 4.34454 4.11826 8.92214 2.4176 3.45687 5.11659 2.10735 5.48053 1.44795 1.35232
threshold=1.0000000180025095e-35 1.0000000180025095e-35 0.88425001502037059 1.0000000180025095e-35 0.94521561264991771 0.96149998903274547 13.500000000000002 0.28950001299381262 0.55500000715255748 6.5000000000000009 1.0000000180025095e-35 0.92844375967979442 0.38750000298023229 0.94755619764328014
decision_type=2 2 2 2 2 2 2 2 2 2 2 2 2 2
left_child=-1 2 7 4 10 -3 -7 -2 12 -10 11 -4 -9 -5
right_child=1 5 3 13 -6 6 -8 8 9 -11 -12 -13 -14 -15
leaf_value=-0.073330246813371788 -0.043952398863504438 -0.068287848668393034 0.015413002740444399 -0.0010351928362686354 0.045645863252548657 -0.079130359780105505 0.042004052568174771 -0.0040355367780444112 -0.05964885434929549 0.026439864042191803 0.028023736904488301 -0.091835601694758726 0.043442326026260712 -0.061191044464052852
leaf_weight=9.9561891555786115 2.7641384750604621 8.6294528990983945 3.0554233752191062 1.5574188716709607 37.936733806505799 1.5399369299411763 2.8069831617176533 2.2555531710386258 3.0266713351011276 2.2437460701912642 3.2323065157979727 0.74721464700996865 3.4872183948755264 1.473910618573427
leaf_count=44 17 40 64 13 1332 7 70 19 23 24 99 19 38 10
internal_value=4.41847e-05 0.0106553 0.0239862 0.0335475 0.0391101 -0.0499881 -0.00768244 -0.00934321 0.00227876 -0.0246271 0.00257062 -0.0203951 0.0269618 -0.0382079
internal_weight=84.7129 74.7567 61.7803 48.003 44.9717 12.9764 4.34692 13.7773 11.0132 5.27042 7.03494 3.80264 5.74277 3.03133
internal_count=1819 1775 1658 1537 1514 117 77 121 104 47 182 83 57 23
is_linear=0
shrinkage=0.05


Tree=25
num_leaves=15
num_cat=0
split_feature=7 5 12 12 9 11 14 3 15 14 14 11 11 3
split_gain=22.9491 23.7901 7.61271 10.1461 7.85421 4.27152 5.80965 3.67919 3.54788 2.90143 2.34046 1.54662 1.39035 0.761154
threshold=1.0000000180025095e-35 1.0000000180025095e-35 8.0000000000000018 13.500000000000002 3.992484569549561 6.5000000000000009 0.96137788891792308 0.87599998712539684 1.0000000180025095e-35 0.95720818638801586 0.930240958929062 38.500000000000007 34.500000000000007 0.44699999690055853
decision_type=2 2 2 2 2 2 2 2 2 2 2 2 2 2
left_child=-1 8 4 -4 5 6 -3 12 -2 13 -6 -9 -7 -10
right_child=1 2 3 -5 10 7 -8 11 9 -11 -12 -13 -14 -15
leaf_value=-0.072080384530949088 -0.061286236756792081 0.022039323709071742 -0.078142660584779589 0.037747989511955238 -0.0025662302249160099 -0.027020229552519794 -0.082231225735688487 0.044520575946497651 -0.0060726240568740484 0.02657584975370806 0.045220892377067161 -0.022435396346630221 0.017577436261865205 -0.045503364084415875
leaf_weight=9.7691328674554807 10.123673573136331 1.7364096678793459 3.2369607985019675 2.5855567194521427 2.6687873527407637 4.2061752043664438 2.1362827382981777 5.989016454666853 2.236045077443122 2.1843971312046051 31.448133764788508 0.37263043224811543 1.8038342110812662 3.1348289400339127
leaf_count=44 50 20 15 70 63 33 17 192 21 20 1224 13 23 23
internal_value=-0.0038707 0.00599309 0.0219216 -0.0286903 0.0282177 -0.000499877 -0.0405508 0.0141323 -0.0430913 -0.0143972 0.0415161 0.0380838 -0.0130368 -0.0326172
internal_weight=83.6319 73.8627 56.1838 5.82252 50.3613 16.2443 3.87269 12.3717 17.6789 7.55527 34.1169 6.36165 6.01001 5.37087
internal_count=1828 1784 1670 85 1585 298 37 261 114 64 1287 205 56 44
is_linear=0
shrinkage=0.05


Tree=26
num_leaves=15
num_cat=0
split_feature=7 37 9 11 3 12 14 11 18 3 14 12 14 14
split_gain=24.1539 19.7254 12.87 7.25288 4.9254 5.53899 3.70891 2.68684 2.65035 2.52357 2.20865 2.15145 2.44831 1.31615
threshold=1.0000000180025095e-35 1.0000000180025095e-35 3.992484569549561 6.5000000000000009 0.96149998903274547 13.500000000000002 0.930240958929062 38.500000000000007 1.0000000180025095e-35 0.32999999821186071 0.94125753641128551 4.5000000000000009 0.91946774721145641 0.8952736258506776
decision_type=2 2 2 2 2 2 2 2 2 2 2 2 2 2
left_child=-1 2 3 -2 -3 -6 -5 9 10 -8 11 13 -13 -4
right_child=1 4 8 6 5 -7 7 -9 -10 -11 -12 12 -14 -15
leaf_value=-0.069604776204002614 -0.04449493868086013 -0.065543037710125221 -0.02314993133068128 -0.036742345848399603 -0.064274811754539418 0.036315474019190476 -0.0086569953230217472 -0.039969126572875685 -0.013754787900321301 0.042966054888994167 0.048016514750157502 0.022418240739387179 -0.066075014586886152 0.039521277586814653
leaf_weight=10.38762743771076 7.7408167384564903 8.4499965906143171 0.35622093081474249 2.1792193315923205 1.1239475607872003 2.8481625076383352 2.756365388631818 0.64860065467655736 1.7500351555645455 8.5237439051270467 28.594163086265326 0.74945162609219529 0.70115341246128082 3.0020829979330301
leaf_count=48 67 41 9 24 5 64 21 18 13 213 1152 18 16 82
internal_value=-0.00206607 0.00888435 0.02141 -0.00853212 -0.0459056 0.000649928 0.0128392 0.0240384 0.0397412 0.0306739 0.0428623 0.00922495 -0.0298637 0.0290872
internal_weight=79.8116 69.424 57.0019 21.8487 12.4221 3.97211 14.1079 11.9287 35.1531 11.2801 33.4031 4.80891 1.45061 3.3583
internal_count=1791 1743 1633 343 110 69 276 252 1290 234 1277 125 34 91
is_linear=0
shrinkage=0.05


Tree=27
num_leaves=15
num_cat=0
split_feature=3 7 37 9 2 12 12 11 7 11 9 3 11 14
split_gain=25.2532 10.4222 5.75619 11.3473 4.98744 4.16806 6.97304 3.54591 3.20559 1.82749 1.0306 1.89857 1.49758 1.00003
threshold=0.95049998164176952 1.0000000180025095e-35 1.0000000180025095e-35 4.0992836952209482 1.0000000180025095e-35 8.0000000000000018 13.500000000000002 20.500000000000004 1.0000000180025095e-35 40.500000000000007 2.9598593711853032 0.55500000715255748 31.000000000000004 0.94521561264991771
decision_type=2 2 2 2 2 2 2 2 2 2 2 2 2 2
left_child=2 -2 3 7 5 9 -7 -1 -5 13 11 -9 -13 -3
right_child=1 4 -4 8 -6 6 -8 10 -10 -11 -12 12 -14 -15
leaf_value=-0.04747249708219739 -0.059932701693058116 0.015586277812164982 -0.064284432751739493 -0.037927326056588162 -0.056549387112927063 -0.07161614363229625 0.035502286244435473 0.010681275828832083 0.040611218720351921 -0.029343954599818957 0.027014636380849822 0.0038761846835579403 -0.062059007993313535 0.045864899191786615
leaf_weight=17.905566480010751 2.4888370782136908 4.5141902193427148 9.1511417478322965 0.73390443623065849 0.69188031554222007 1.5735515505075444 2.7492997441440821 3.3421543203294268 7.1159629169851542 0.25523993000388046 1.0363382901996372 1.169823043048382 1.4007135033607481 26.950162155553699
leaf_count=126 11 133 46 3 3 7 62 30 208 9 21 9 14 1154
internal_value=-0.0042682 0.0242416 -0.0309272 -0.019963 0.0313818 0.0345508 -0.00961874 -0.0362287 0.0298125 0.0406803 -0.00492948 -0.0136265 -0.0393709 0.0421347
internal_weight=81.0788 39.2232 41.8556 32.7045 36.7343 36.0424 4.32285 24.8546 7.84987 31.7196 6.94903 5.91269 2.57054 31.4644
internal_count=1836 1379 457 411 1368 1365 69 200 211 1296 74 53 23 1287
is_linear=0
shrinkage=0.05


Tree=28
num_leaves=15
num_cat=0
split_feature=7 37 9 34 14 33 4 3 11 9 3 24 14 3
split_gain=17.5549 16.4368 10.4296 7.19863 5.79347 4.32302 5.94919 3.75962 7.93322 3.35048 6.21151 2.35846 1.45451 1.19639
threshold=1.0000000180025095e-35 1.0000000180025095e-35 4.0992836952209482 1.0000000180025095e-35 0.97372514009475719 1.0000000180025095e-35 0.97705000638961803 0.96149998903274547 14.500000000000002 3.927794456481934 0.93149998784065258 1.0000000180025095e-35 0.99147549271583568 0.91650000214576732
decision_type=2 2 2 2 2 2 2 2 2 2 2 2 2 2
left_child=-1 2 9 5 -5 12 -7 -3 -9 10 11 13 -4 -2
right_child=1 7 3 4 -6 6 -8 8 -10 -11 -12 -13 -14 -15
leaf_value=-0.066379872038553264 -0.018321460726912507 -0.063007514342982643 0.04978017433404433 -0.079157113304377608 0.022977813055400146 -0.081204657168050143 0.033802708513831804 0.038311751468559606 -0.076734162326970098 -0.07122003013859457 0.037211571893269034 0.031760469590647815 -0.012874490472612349 -0.062563250062510067
leaf_weight=9.1329265832900983 14.222830781713133 8.3680736273527128 25.797449927777059 1.540426462888717 2.3274650722742081 0.84666815400123541 1.9453711193054912 3.0095437187701455 1.3978039771318433 1.029368033632635 5.7101351264864197 1.1945379674434669 0.58009391464292903 1.0816084407269961
leaf_count=44 117 43 1059 21 93 17 87 73 6 24 188 11 27 10
internal_value=-0.00491169 0.00404979 0.0157891 0.0334516 -0.0256035 0.0418714 -0.0132901 -0.0450541 -0.00561844 -0.00966538 -0.00386669 -0.0193975 0.0479823 -0.0250936
internal_weight=78.1843 69.0514 56.276 33.0375 3.86789 29.1696 2.79204 12.7754 4.40735 23.2385 22.2091 16.499 26.3775 15.3044
internal_count=1820 1776 1654 1304 114 1190 104 122 79 350 326 138 1086 127
is_linear=0
shrinkage=0.05


Tree=29
num_leaves=15
num_cat=0
split_feature=7 12 3 18 3 12 9 9 12 23 34 6 9 36
split_gain=19.0989 18.4122 8.172 5.95473 3.9262 6.3781 3.35164 3.01538 2.66124 2.312 1.78522 1.827 1.72463 0.993776
threshold=1.0000000180025095e-35 8.0000000000000018 0.32999999821186071 1.0000000180025095e-35 0.96149998903274547 13.500000000000002 4.0992836952209482 3.927794456481934 4.5000000000000009 1.0000000180025095e-35 1.0000000180025095e-35 1.0000000180025095e-35 22.461568832397464 1.0000000180025095e-35
decision_type=2 2 2 2 2 2 2 2 2 2 2 2 2 2
left_child=-1 2 13 6 -3 -6 7 9 -5 -4 12 -12 -8 -2
right_child=1 4 3 8 5 -7 10 -9 -10 -11 11 -13 -14 -15
leaf_value=-0.064892039624929163 -0.061849877503143739 -0.060398487460422805 0.027740806831636017 -0.062365025400148724 -0.067127907293021358 0.036154376494419466 0.046076195401212272 -0.046414344114048857 0.014198170518888093 -0.014967436701702247 0.023108425387551146 -0.041017800864103164 -0.02674120235829543 -0.012028270343425143
leaf_weight=9.2781906723976117 1.6719684153795231 8.8543780595064145 13.000637199729686 1.7393571138381951 1.3869393914937962 3.0039524808526039 27.4547309242189 1.034219056367873 1.4150849208235738 3.3985828123986712 2.5686600338667627 0.61875489726662625 0.22579364478588004 2.5909264385700226
leaf_count=46 8 47 267 10 6 74 1208 25 13 22 103 13 1 19
internal_value=-0.00126353 0.008102 0.0207605 0.0264215 -0.0428675 -0.00286963 0.0308817 0.0123762 -0.0328685 0.0185384 0.0406168 0.0038373 0.0445705 -0.0396082
internal_weight=78.2422 68.964 55.7187 51.4558 13.2453 4.39089 48.3014 17.4334 3.15444 16.3992 30.8679 3.18741 27.6805 4.26289
internal_count=1862 1816 1689 1662 127 80 1639 314 23 289 1325 116 1209 27
is_linear=0
shrinkage=0.05


Tree=30
num_leaves=15
num_cat=0
split_feature=3 2 37 9 9 11 12 12 14 8 9 24 12 25
split_gain=15.7809 5.23813 5.17589 5.78351 4.31592 7.72171 4.19142 6.85676 3.51858 3.16296 3.13098 2.04635 1.87713 1.83227
threshold=0.9454999864101411 1.0000000180025095e-35 1.0000000180025095e-35 5.9426732063293466 4.0992836952209482 5.5000000000000009 8.0000000000000018 13.500000000000002 0.94521561264991771 0.75000000000000011 7.3861246109008798 1.0000000180025095e-35 1.5000000000000002 1.0000000180025095e-35
decision_type=2 2 2 2 2 2 2 2 2 2 2 2 2 2
left_child=2 4 3 9 5 -2 8 -8 10 11 -6 13 -12 -1
right_child=1 -3 -4 -5 6 -7 7 -9 -10 -11 12 -13 -14 -15
leaf_value=-0.042256809344073248 -0.089717318226919099 -0.061215562104751389 -0.061184454322642093 0.035266132439069502 0.034018147343694377 0.014698108357107074 -0.07046077328515353 0.033937768826402058 0.04336919554166406 0.03243905078103114 0.019203101551178849 0.0082861262976336274 -0.056116274196712536 -0.0017943658712844014
leaf_weight=17.524187488481417 1.393797781318425 1.1596721708774556 8.7988385111093503 3.5473679993301621 1.880763728171593 6.0192273519933224 1.8473187536001194 2.5953519176691771 21.317097479477525 1.3316325396299351 0.59810527041554484 2.5737662576138964 1.7741534467786548 3.4029597938060752
leaf_count=166 13 5 48 103 62 200 8 63 1029 17 25 28 42 28
internal_value=-0.0065931 0.0156239 -0.029456 -0.0178713 0.0195359 -0.0132646 0.027804 -0.0144426 0.0354114 -0.0265334 -0.00513768 -0.0310626 -0.0370632 -0.0360591
internal_weight=75.7642 38.5855 37.1788 28.3799 37.4258 7.41303 30.0128 4.44267 25.5701 24.8325 4.25302 23.5009 2.37226 20.9271
internal_count=1837 1447 390 342 1442 213 1229 71 1158 239 129 222 67 194
is_linear=0
shrinkage=0.05


Tree=31
num_leaves=15
num_cat=0
split_feature=7 5 3 14 12 9 3 15 14 14 9 12 14 3
split_gain=18.6375 16.5261 4.60752 4.73977 3.11237 4.01419 2.98768 2.76153 2.54294 2.25871 2.18044 1.95332 1.86346 1.84744
threshold=1.0000000180025095e-35 1.0000000180025095e-35 0.95049998164176952 0.94521561264991771 4.5000000000000009 3.5444744825363164 0.91749998927116405 1.0000000180025095e-35 0.93820601701736461 0.97846508026123058 7.3861246109008798 1.5000000000000002 0.91946774721145641 0.28950001299381262
decision_type=2 2 2 2 2 2 2 2 2 2 2 2 2 2
left_child=-1 7 4 10 5 6 9 -2 -9 13 -4 -12 -13 -3
right_child=1 2 3 -5 -6 -7 -8 8 -10 -11 11 12 -14 -15
leaf_value=-0.065155120208310199 -0.051241707461524427 -0.019046653124039796 0.019393777240679807 0.040724137601015065 -0.048544652887947688 0.03760108120921743 -0.051690964120712314 -0.043537237757701928 0.010965072041033886 -0.027679108285112504 0.018827517349923099 -0.00081082335429191743 -0.089490575963867947 0.037592723645244283
leaf_weight=9.6868382245302183 9.7051689252257365 1.3149829655885747 2.1181305088102844 25.626862162724137 1.7589643392711867 6.0991685558110467 2.1869460735470057 2.4035209119319907 4.9823231361806393 2.475766409188509 0.57927618548274074 0.91871688514947869 0.76782491058111191 3.956772543489933
leaf_count=49 54 7 70 1221 15 224 23 19 44 19 24 19 17 37
internal_value=-0.0039471 0.00603959 0.0210868 0.0327242 0.000761306 0.00870277 -0.0108553 -0.0348866 -0.00984794 0.00526318 -0.0129186 -0.0398141 -0.0594666 0.0226804
internal_weight=74.5813 64.8944 47.8034 30.0108 17.7926 16.0336 9.93447 17.091 7.38584 7.74752 4.38395 2.26582 1.68654 5.27176
internal_count=1842 1793 1676 1351 325 310 86 117 63 63 130 60 36 44
is_linear=0
shrinkage=0.05


Tree=32
num_leaves=15
num_cat=0
split_feature=3 7 2 37 7 11 12 30 14 11 3 3 14 11
split_gain=18.1169 8.42678 6.04843 5.70229 7.92105 4.21219 4.45141 2.79845 1.90606 3.50455 2.38903 4.00577 2.50433 2.16871
threshold=0.95049998164176952 1.0000000180025095e-35 1.0000000180025095e-35 1.0000000180025095e-35 1.0000000180025095e-35 25.500000000000004 1.5000000000000002 1.0000000180025095e-35 0.930240958929062 7.5000000000000009 0.55500000715255748 0.62000000476837169 0.982448309659958 31.000000000000004
decision_type=2 2 2 2 2 2 2 2 2 2 2 2 2 2
left_child=3 -2 5 4 -1 -3 -7 8 9 -6 12 -12 -10 -11
right_child=1 2 -4 -5 7 6 -8 -9 10 13 11 -13 -14 -15
leaf_value=-0.058776280708493035 -0.053914133001339327 0.046011435990287855 -0.05720826888540459 -0.05934292526479884 -0.068351883502992677 0.032625711630477158 -0.035522588174308568 -0.050528401936247795 0.048420735303921825 0.038814091321889982 -0.062502307064678353 0.0096576880326133454 -0.01188441185548068 -0.026107003927102808
leaf_weight=6.68721775710583 2.2982789874076834 22.853078795596964 0.98087382316589256 8.4767608940601331 1.3500479348003924 4.4835003744810811 3.2621170859783888 1.5531330499798048 5.1399064175784615 1.7203260883688929 1.307491861283778 10.589733814820645 1.9243052676320074 1.5037511978298423
leaf_count=36 11 1044 4 49 11 229 104 16 50 17 6 249 15 23
internal_value=-0.00265535 0.0239083 0.031053 -0.0250497 -0.01437 0.0356032 0.00314462 -0.000734525 0.00447689 -0.0216014 0.0115348 -0.00250391 0.0325568 0.00952197
internal_weight=74.1305 33.8778 31.5796 40.2527 31.7759 30.5987 7.74562 25.0887 23.5356 4.57413 18.9614 11.8972 7.06421 3.22408
internal_count=1864 1392 1381 472 423 1377 333 387 371 51 320 255 65 40
is_linear=0
shrinkage=0.05


Tree=33
num_leaves=15
num_cat=0
split_feature=3 7 2 17 12 9 4 4 9 9 11 24 11 4
split_gain=14.3962 10.3655 5.2641 3.84494 3.46286 5.63533 2.51264 5.81363 2.72335 1.75437 1.74355 1.66573 1.38653 1.34271
threshold=0.9454999864101411 1.0000000180025095e-35 1.0000000180025095e-35 1.0000000180025095e-35 8.0000000000000018 3.9558867216110234 0.97154998779296886 0.9694499969482423 10.646895885467531 7.2236735820770273 1.5000000000000002 1.0000000180025095e-35 38.500000000000007 0.97714999318122875
decision_type=2 2 2 2 2 2 2 2 2 2 2 2 2 2
left_child=4 -2 3 6 5 11 7 8 -3 -9 -7 13 -8 -1
right_child=1 2 -4 -5 -6 10 12 9 -10 -11 -12 -13 -14 -15
leaf_value=-0.036566895697793166 -0.057207563940823339 0.038719344844830035 -0.05559908921316295 -0.025446227641503439 -0.0557407657352776 -0.03173239966780847 0.045093702868782504 -0.093797734708132019 -0.034067613350251144 0.011189525553522121 0.032158993758777163 0.010088281126743141 -0.015726082512296003 0.0063373759891479564
leaf_weight=18.99655800126494 3.2413299679756156 5.8492813538759973 0.98756353557109733 2.1687846742570391 7.2581517100334159 0.45288680493831535 21.93913180753589 0.57439887896180142 0.7689171079546212 0.27475052885711193 5.3913913201540709 2.0611983984708777 0.51213876716792484 1.7087431605905283
leaf_count=151 16 246 4 38 44 2 1084 14 33 11 170 18 24 15
internal_value=-0.00458648 0.0173752 0.0261487 0.030269 -0.0266903 -0.017687 0.0350001 0.00844724 0.026901 -0.0721473 0.023295 -0.0287448 0.0430949 -0.0328973
internal_weight=72.1852 36.3163 33.075 32.0874 35.8689 28.6108 29.9186 7.46735 6.6182 0.849149 5.84428 22.7665 22.4513 20.7053
internal_count=1870 1470 1454 1450 400 356 1412 304 279 25 172 184 1108 166
is_linear=0
shrinkage=0.05


Tree=34
num_leaves=15
num_cat=0
split_feature=7 37 9 34 11 33 3 5 2 11 12 3 9 11
split_gain=12.8201 14.1121 6.28247 6.79526 6.21159 4.10506 3.21696 2.62779 2.20234 2.47709 2.1055 5.455 1.86497 1.0922
threshold=1.0000000180025095e-35 1.0000000180025095e-35 4.0992836952209482 1.0000000180025095e-35 6.5000000000000009 1.0000000180025095e-35 0.91749998927116405 0.75000000000000011 1.0000000180025095e-35 38.500000000000007 13.500000000000002 0.96149998903274547 8.9802742004394549 26.500000000000004
decision_type=2 2 2 2 2 2 2 2 2 2 2 2 2 2
left_child=-1 2 4 5 6 -4 7 -2 9 -6 -3 -12 -5 -7
right_child=1 10 3 12 8 13 -8 -9 -10 -11 11 -13 -14 -15
leaf_value=-0.059948264380742314 -0.026123243449029495 -0.065858231149230326 0.047029833099153887 -0.050697171972176047 0.029711195448793692 -0.036266841370974391 -0.069816349701556688 0.036490594132582058 -0.0316106081260598 -0.037150589717312818 -0.050590375709252636 0.031969807348523081 0.01119386479497613 0.013212661622838622
leaf_weight=7.9306009858846656 5.2582557275891322 5.0281122922897321 21.931066658347852 2.0682560317218299 12.010100264102215 1.2907987348735324 2.8561579529196024 1.3334007076919077 1.1996546760201461 0.69721394218504507 4.1638030111789703 2.4083402939140797 1.5166604500263927 1.4183556772768497
leaf_count=44 36 28 1119 45 256 52 30 11 9 20 26 69 67 56
internal_value=-0.00385954 0.00400528 0.0153354 0.0307932 -0.00384323 0.0400666 -0.0332664 -0.0103191 0.0170364 0.0236 -0.0435924 -0.0201099 -0.0277826 -0.013784
internal_weight=71.1108 63.1802 51.5799 28.2251 23.3548 24.6402 9.44781 6.59166 13.907 12.7073 11.6003 6.57214 3.58492 2.70915
internal_count=1868 1824 1701 1339 362 1227 77 47 285 276 123 95 112 108
is_linear=0
shrinkage=0.05


Tree=35
num_leaves=15
num_cat=0
split_feature=16 11 15 9 4 4 14 11 4 4 9 4 11 14
split_gain=9.61405 5.83973 3.61698 7.72337 3.13457 2.64014 1.9424 1.81808 1.89908 1.71185 1.60362 1.47696 1.31918 1.63395
threshold=1.0000000180025095e-35 27.500000000000004 1.0000000180025095e-35 4.0992836952209482 0.97495001554489147 0.93154999613761913 0.98707339167594921 10.500000000000002 0.99994999170303356 0.96665000915527355 7.4721910953521737 0.99994999170303356 5.5000000000000009 0.96324706077575695
decision_type=2 2 2 2 2 2 2 2 2 2 2 2 2 2
left_child=1 2 7 12 9 6 -3 -1 -9 -2 -11 -5 13 -4
right_child=4 5 3 11 -6 -7 -8 8 -10 10 -12 -13 -14 -15
leaf_value=-0.083010604071205266 0.015426030631800133 0.011354191020433063 -0.0083655077878391475 0.036759845657654 0.039657362443559052 0.042038994861193946 -0.049113031936780405 -0.03826092090598069 0.013909968223670896 -0.04653794700101356 0.020169655874620926 -0.013442343989059051 -0.019057784633538029 -0.073634166001834339
leaf_weight=1.8492031414061774 5.2389373108744648 3.4495961926877481 1.7446949258446718 6.3960563447326413 12.467571374028919 4.6313027013093233 0.92478862404823292 10.885500140488144 1.5203662011772401 1.8326644729822876 0.64633114077150811 1.2761121392250059 11.740431208163498 2.348806694149971
leaf_count=19 181 38 14 285 632 242 7 82 57 56 32 39 120 15
internal_value=-0.00298507 -0.0153779 -0.0239228 -0.0110613 0.0250978 0.0192614 -0.00818896 -0.0430156 -0.0313066 -0.000272819 -0.0283474 0.0278225 -0.0304357 -0.0529199
internal_weight=66.9524 46.7669 37.7612 23.5061 20.1855 9.00569 4.37438 14.2551 12.4059 7.71793 2.479 7.67217 15.8339 4.0935
internal_count=1819 918 631 473 901 287 45 158 139 269 88 324 149 29
is_linear=0
shrinkage=0.05


Tree=36
num_leaves=15
num_cat=0
split_feature=7 37 9 11 3 34 14 33 3 12 14 2 3 3
split_gain=14.0897 10.7535 5.5977 4.91489 5.62685 3.36775 4.82442 4.18577 2.4066 4.26935 2.34333 2.70099 2.00525 1.93353
threshold=1.0000000180025095e-35 1.0000000180025095e-35 4.0992836952209482 7.5000000000000009 0.55500000715255748 1.0000000180025095e-35 0.97372514009475719 1.0000000180025095e-35 0.96149998903274547 13.500000000000002 0.90128409862518322 1.0000000180025095e-35 0.43649999797344213 0.95449998974800121
decision_type=2 2 2 2 2 2 2 2 2 2 2 2 2 2
left_child=-1 2 3 4 12 7 -7 -4 -3 -10 -5 -12 -2 -6
right_child=1 8 5 10 13 6 -8 -9 9 -11 11 -13 -14 -15
leaf_value=-0.059614068814926882 -0.022066324705213598 -0.055030106378580003 0.046619844561436689 -0.040675159150560233 -0.06493573343237255 -0.06000793108236957 0.034158710094516383 -0.015770875905979295 -0.055583330419374202 0.032126899902766896 0.033871909317605628 -0.028685050963690874 0.040015744950973584 0.0040138257808783511
leaf_weight=8.0195838212966901 1.278730072081091 6.0645964294671995 20.234844192862518 0.60809788107871909 4.8765009399503469 1.5146528687328094 2.0123606100678444 2.5846188943833104 1.3412299454212191 2.4173056129366159 10.220969580113884 1.2536787055432803 2.4682477861642838 1.0942886862903831
leaf_count=46 7 39 1114 6 34 22 103 99 6 69 242 9 26 29
internal_value=-0.00143368 0.00748942 0.0173106 -0.00152051 -0.0265622 0.0323783 -0.0106032 0.0391878 -0.0377997 -0.00427567 0.0191106 0.0252856 0.0186437 -0.0535361
internal_weight=65.9897 57.9701 48.147 21.8005 9.71777 26.3465 3.52701 22.8195 9.82313 3.75854 12.0827 11.4746 3.74698 5.97079
internal_count=1851 1805 1691 353 96 1338 125 1213 114 75 257 251 33 63
is_linear=0
shrinkage=0.05


Tree=37
num_leaves=15
num_cat=0
split_feature=7 37 9 34 14 9 3 24 4 3 3 11 4 14
split_gain=11.8853 9.54823 8.43683 5.86435 4.03232 3.46525 5.497 2.54474 1.89197 1.72735 5.16239 2.70086 1.17193 1.15017
threshold=1.0000000180025095e-35 1.0000000180025095e-35 4.0992836952209482 1.0000000180025095e-35 0.97372514009475719 3.927794456481934 0.93400001525878917 1.0000000180025095e-35 0.99994999170303356 0.55500000715255748 0.38750000298023229 20.500000000000004 0.93750000000000011 0.91946774721145641
decision_type=2 2 2 2 2 2 2 2 2 2 2 2 2 2
left_child=-1 2 5 -4 13 6 7 9 -3 10 11 -2 -11 -5
right_child=1 8 3 4 -6 -7 -8 -9 -10 12 -12 -13 -14 -15
leaf_value=-0.059626606776761938 -0.063403739858478789 -0.048293269289345742 0.040643784310258259 -0.0016736399553627422 0.021923520708863647 -0.065740220736933905 0.04203504585171388 0.034128990772720511 0.0071441621285231079 -0.047435314980670155 0.041737649720175019 0.00032718700766424814 -0.0062955007708924973 -0.080728047998548755
leaf_weight=7.9818075895309439 2.2528385967016344 8.5869429446756804 21.639766137115661 0.64324105530977194 2.0865387320518494 1.4952230975031842 4.2616761308163396 1.4253154024481762 1.551372708752752 5.7445524185895902 2.8871226459741592 3.3792344182729721 2.7897212021052837 1.1138563342392442
leaf_count=46 10 60 1206 9 99 28 186 14 58 37 31 28 28 13
internal_value=-0.00598965 0.00202493 0.0111987 0.0307527 -0.0218286 -0.00976578 -0.00347128 -0.0155854 -0.0399304 -0.0214008 -0.00447201 -0.0308816 -0.0360581 -0.0628914
internal_weight=67.8392 59.8574 49.7191 25.4834 3.84364 24.2357 22.7405 18.4788 10.1383 17.0535 8.5192 5.63207 8.53427 1.7571
internal_count=1853 1807 1689 1327 121 362 334 148 118 134 69 38 65 22
is_linear=0
shrinkage=0.05


Tree=38
num_leaves=15
num_cat=0
split_feature=7 12 9 9 18 9 12 4 14 23 36 5 36 9
split_gain=12.0388 7.65112 11.692 3.56952 3.37263 2.59972 1.88714 1.85613 1.50098 1.08554 0.91834 0.882193 0.879885 1.20942
threshold=1.0000000180025095e-35 8.0000000000000018 4.0992836952209482 3.927794456481934 1.0000000180025095e-35 2.1465229988098149 1.0000000180025095e-35 0.99994999170303356 0.92844375967979442 1.0000000180025095e-35 1.0000000180025095e-35 0.75000000000000011 1.0000000180025095e-35 2.8171484470367436
decision_type=2 2 2 2 2 2 2 2 2 2 2 2 2 2
left_child=-1 2 3 5 10 6 -2 -3 -8 12 -4 -9 -7 -14
right_child=1 7 4 -5 -6 9 8 11 -10 -11 -12 -13 13 -15
leaf_value=-0.058594007949201346 -0.037371317358946811 -0.043452214603939096 0.042364202064502698 -0.071994351224840894 -0.021805036870006029 0.033996404661395717 -0.040844906135940863 -0.022810088874061076 0.0082946158225128876 -0.014520692022026747 -0.0061851808675648387 0.027399095331081331 0.024731514037398778 -0.033761549409802603
leaf_weight=8.1307443976402265 6.3186082206666523 8.290065355598923 21.712819863110788 1.3671452552080143 1.7722975388169278 4.4595251213759175 0.94364668428897847 0.53739188611507471 6.7787857912480831 1.6578553318977354 0.7697451813146462 1.1588755734264851 0.81426561437547185 0.74739235639572144
leaf_count=49 49 62 1249 25 13 149 5 3 82 12 54 58 18 15
internal_value=-0.00526175 0.00317711 0.0116856 -0.0135303 0.035273 -0.00684359 -0.0191723 -0.0345512 -0.00170434 0.015311 0.0405094 0.00893205 0.0244231 -0.00551406
internal_weight=65.4592 57.3284 47.3421 23.0872 24.2549 21.7201 14.041 9.98633 7.72243 7.67904 22.4826 1.69627 6.02118 1.56166
internal_count=1843 1794 1671 355 1316 330 136 123 87 194 1303 61 182 33
is_linear=0
shrinkage=0.05


Tree=39
num_leaves=15
num_cat=0
split_feature=3 7 11 4 35 24 2 4 15 12 11 9 11 12
split_gain=10.9848 6.18247 4.5961 2.6307 2.54492 2.8111 1.7756 1.55465 2.93624 1.82842 1.99255 1.66457 1.40204 2.73199
threshold=0.9454999864101411 1.0000000180025095e-35 16.000000000000004 0.87620002031326305 1.0000000180025095e-35 1.0000000180025095e-35 1.0000000180025095e-35 0.97424998879432689 1.0000000180025095e-35 2.5000000000000004 31.000000000000004 1.2175102233886721 26.500000000000004 8.0000000000000018
decision_type=2 2 2 2 2 2 2 2 2 2 2 2 2 2
left_child=2 -2 4 -4 5 -1 7 8 9 10 -3 -9 -13 -14
right_child=1 6 3 -5 -6 -7 -8 11 -10 -11 -12 12 13 -15
leaf_value=-0.04233707554927002 -0.049231495355570171 -0.094861749649821664 -0.012575681113925655 0.039858219037695146 0.027216144527701599 0.013199467082593744 -0.032985614116777244 -0.031821017183552847 0.027654867711498183 0.0015493495342830624 0.012567235911050701 0.043154586974077862 0.027875945804821989 -0.046381402183469637
leaf_weight=22.594582894817002 2.2605802565813091 0.37487731594592899 5.4702185131609422 2.8448138209059834 0.92944536544382472 2.0666078822687259 0.49821174144744773 0.20561543107033031 5.1850451454520226 2.194942981004715 0.32731303200125694 14.538023788481953 3.387811427935957 0.74500584602355946
leaf_count=216 12 11 45 82 11 41 2 4 243 84 19 847 216 3
internal_value=-0.00476908 0.0171194 -0.0238946 0.00771656 -0.0340697 -0.0373501 0.0241203 0.0263177 0.00685453 -0.027916 -0.0668213 0.0338869 0.0361914 0.00806157
internal_weight=63.6231 29.7174 33.9057 8.31503 25.5906 24.6612 27.4568 26.9586 8.08218 2.89713 0.70219 18.8765 18.6708 4.13282
internal_count=1836 1441 395 127 268 257 1429 1427 357 114 30 1070 1066 219
is_linear=0
shrinkage=0.05


Tree=40
num_leaves=15
num_cat=0
split_feature=7 12 4 15 4 12 4 31 12 11 2 4 6 11
split_gain=9.04543 9.46087 6.13376 3.23507 5.19348 2.8133 2.92277 2.39642 1.84805 1.6701 1.90758 1.54449 1.48653 1.09691
threshold=1.0000000180025095e-35 8.0000000000000018 0.98135000467300426 1.0000000180025095e-35 0.88425001502037059 5.5000000000000009 0.92969998717308056 1.0000000180025095e-35 13.500000000000002 5.5000000000000009 1.0000000180025095e-35 0.99975001811981212 1.0000000180025095e-35 32.500000000000007
decision_type=2 2 2 2 2 2 2 2 2 2 2 2 2 2
left_child=-1 2 3 5 -5 6 13 -8 -3 11 12 -4 -11 -2
right_child=1 8 9 4 -6 -7 7 -9 -10 10 -12 -13 -14 -15
leaf_value=-0.055973767674565557 -0.023716688188776508 -0.060355308259642006 0.022497562953915608 -0.015300432091551561 0.034252628370298736 0.029276598663254445 -0.074349030192020368 0.016569761195224558 -0.016409353879748081 0.047441314211717663 -0.018900461608355016 -0.048380510296470669 -0.017804936843574311 0.01918254240577609
leaf_weight=6.9632982909679404 2.0975195672363065 4.656292259693144 0.79515910428017267 10.05670320428908 9.2488323906436545 1.2098965318873522 3.4558528112247591 0.48311729729175557 5.9796075653284788 13.306550662964577 0.75706399232149202 0.412734754383564 0.43572679534554559 1.8932771496474741
leaf_count=45 19 29 55 85 382 46 101 30 96 895 5 4 9 25
internal_value=-0.0061794 0.00103908 0.0113811 -0.0026524 0.00895702 -0.0256397 -0.0363588 -0.0621007 -0.039182 0.035433 0.0399984 -0.0126646 0.0443051 -0.00359912
internal_weight=61.7516 54.7883 44.1524 28.4452 19.3055 9.13966 7.92977 3.93897 10.6359 15.7072 14.4993 1.20789 13.7423 3.9908
internal_count=1826 1781 1656 688 467 221 175 131 125 968 909 59 904 44
is_linear=0
shrinkage=0.05


Tree=41
num_leaves=15
num_cat=0
split_feature=7 37 9 18 11 3 12 1 14 3 11 11 3 14
split_gain=9.21034 8.05882 7.18939 4.61676 3.78271 2.62319 5.35083 2.06037 2.05794 2.28943 2.4574 3.34504 2.45096 1.8152
threshold=1.0000000180025095e-35 1.0000000180025095e-35 3.992484569549561 1.0000000180025095e-35 5.5000000000000009 0.96149998903274547 13.500000000000002 1.0000000180025095e-35 0.90128409862518322 0.27700001001358038 6.5000000000000009 38.500000000000007 0.55500000715255748 0.88813546299934398
decision_type=2 2 2 2 2 2 2 2 2 2 2 2 2 2
left_child=-1 2 4 13 -2 -3 -7 -6 -9 -10 12 -12 -11 -4
right_child=1 5 3 -5 7 6 -8 8 9 10 11 -13 -14 -15
leaf_value=-0.054560962479445023 -0.046051708916149701 -0.052676584774496715 -0.029703902181298564 -0.030064716648957979 -0.048117688658042918 -0.054438767837339391 0.042510250502959084 -0.049974830432736962 -0.040969295358825208 0.026089282582297681 0.03681889773767838 -0.04462092738711735 -0.030228432219677245 0.041933090288777466
leaf_weight=6.446030691266059 3.7524425759911564 5.9970382601022703 0.24699148535729065 1.925467338412999 0.78943715244532242 1.5626270323991778 2.2012206558138132 0.46193146705627341 0.94010727107525127 2.3054771497845676 10.909037751145657 0.56445112638175565 3.7567671425640583 20.561840162612498
leaf_count=43 30 45 7 13 5 7 73 4 5 21 245 18 23 1295
internal_value=-0.00229406 0.00457695 0.0134022 0.0328285 -0.00597999 -0.0345698 -0.000718236 0.00349638 0.00795343 0.0118934 0.0167848 0.0295563 -0.00814926 0.0397598
internal_weight=62.4209 55.9748 46.214 22.7343 23.4797 9.76089 3.76385 19.7272 18.9378 18.4758 17.5357 11.4735 6.06224 20.8088
internal_count=1834 1791 1666 1315 351 125 80 321 316 312 307 263 44 1302
is_linear=0
shrinkage=0.05


Tree=42
num_leaves=15
num_cat=0
split_feature=7 37 36 2 3 12 3 23 14 6 34 8 3 14
split_gain=9.79077 10.1593 4.76531 3.5461 3.2202 2.12923 5.64029 1.7971 1.62762 1.54847 1.49823 1.1075 1.06444 0.864243
threshold=1.0000000180025095e-35 1.0000000180025095e-35 1.0000000180025095e-35 1.0000000180025095e-35 0.28950001299381262 13.500000000000002 0.96149998903274547 1.0000000180025095e-35 0.99494275450706493 1.0000000180025095e-35 1.0000000180025095e-35 0.75000000000000011 0.75499999523162853 0.96440431475639354
decision_type=2 2 2 2 2 2 2 2 2 2 2 2 2 2
left_child=-1 2 3 4 -2 -3 -7 8 9 -6 -11 -5 -4 -9
right_child=1 5 12 11 7 6 -8 13 -10 10 -12 -13 -14 -15
leaf_value=-0.05422996438382667 -0.034407357003058851 -0.060502893648202806 -0.0039293655336449613 -0.032519137928237372 0.040110150319301451 -0.046479800838050755 0.041679414490608815 -0.01367208260264061 -0.0294250807087241 0.025003563980392746 -0.041389341348721381 0.013729177721515114 -0.044515769394457574 0.022429614687612398
leaf_weight=6.6809158548712722 1.1771249771118153 4.3011815696954709 3.8382926508784285 2.7612862139940253 26.595302551053472 3.6221100091934204 2.0400197207927704 2.8426275718957177 0.2398466719314446 0.86098297871649154 0.59890549071133137 1.2844674475491045 2.0923741748556495 1.9260034039616583
leaf_count=46 5 27 32 17 1384 28 68 40 8 21 12 13 83 50
internal_value=-0.00135975 0.00602423 0.0163939 0.0228566 0.0280614 -0.037294 -0.0132283 0.0312302 0.0358669 0.0374186 -0.00798672 -0.018025 -0.0226054 0.00226959
internal_weight=60.8614 54.1805 44.2172 38.2865 34.2408 9.96331 5.66213 33.0637 28.295 28.0552 1.45989 4.04575 5.93067 4.76863
internal_count=1834 1788 1665 1550 1520 123 96 1515 1425 1417 33 30 115 90
is_linear=0
shrinkage=0.05


Tree=43
num_leaves=15
num_cat=0
split_feature=3 14 37 9 15 9 2 24 11 9 37 11 11 14
split_gain=8.55645 5.57981 2.50343 4.10035 1.94276 1.96376 1.70254 1.5869 1.54298 1.03828 1.02108 2.31721 0.983141 0.979462
threshold=0.9454999864101411 0.94521561264991771 1.0000000180025095e-35 5.8397583961486825 1.0000000180025095e-35 7.3861246109008798 1.0000000180025095e-35 1.0000000180025095e-35 40.500000000000007 2.2800099849700932 1.0000000180025095e-35 26.500000000000004 13.500000000000002 0.92844375967979442
decision_type=2 2 2 2 2 2 2 2 2 2 2 2 2 2
left_child=2 4 3 7 5 -2 8 -1 9 -3 -11 12 -12 -6
right_child=1 6 -4 -5 13 -7 -8 -9 -10 10 11 -13 -14 -15
leaf_value=-0.025489700531508497 0.0068069663346164147 -0.0039284920408746661 -0.050948014365584084 0.037607037820445499 -0.027203014468371613 -0.06841404583281939 -0.030654775900757353 0.014139962602132876 -0.03342322364393753 0.038059809582232679 -0.01724786025560698 -0.042648931213356396 0.040698299905475882 0.028680245099578019
leaf_weight=21.075251957401644 0.97453500889241995 1.8072716593742466 5.2598908171057692 2.4393803942948571 0.28331782855093468 2.081254992634058 0.49371114373206992 2.2113510044291607 0.19547878298908372 17.094916516914967 0.35879133641719785 0.74975182116031636 1.8688827771693468 1.2313373694196341
leaf_count=215 31 59 42 105 7 36 2 29 10 1173 2 3 64 70
internal_value=-0.00447408 0.0157196 -0.0220994 -0.0145154 -0.0302086 -0.0486614 0.0259076 -0.0212991 0.0284463 0.0304357 0.0335694 0.00470087 0.0289132 0.0115663
internal_weight=58.1251 27.1392 30.9859 25.726 4.57045 3.05579 22.5688 23.2866 22.0751 21.8796 20.0723 2.97743 2.22767 1.51466
internal_count=1848 1457 391 349 144 67 1313 244 1311 1301 1242 69 66 77
is_linear=0
shrinkage=0.05


Tree=44
num_leaves=15
num_cat=0
split_feature=7 3 12 9 14 3 3 14 11 12 3 4 14 14
split_gain=8.34145 6.66531 4.26097 3.77911 3.53593 1.89294 2.78956 2.77678 2.05493 1.80222 1.59447 1.36833 1.39513 1.2713
threshold=1.0000000180025095e-35 0.95649999380111705 8.0000000000000018 4.0992836952209482 0.94521561264991771 0.91749998927116405 0.32999999821186071 0.95720818638801586 6.5000000000000009 1.0000000180025095e-35 0.6120000183582307 0.88425001502037059 0.99035143852233898 0.9275864064693452
decision_type=2 2 2 2 2 2 2 2 2 2 2 2 2 2
left_child=-1 2 3 5 13 6 -2 9 -7 -8 -11 -6 -13 -3
right_child=1 4 -4 -5 11 8 7 -9 -10 10 -12 12 -14 -15
leaf_value=-0.053771778630633739 -0.034172789187364994 0.0098381011044414036 -0.048709923020543243 0.031834964138272151 -0.025528817045715791 -0.063681557980829862 0.02304702700039106 0.040291201777796971 0.0072397364979176681 0.0040738015780439844 -0.04718890552814483 0.03968910826433597 -0.003732324230426728 -0.039531486837692802
leaf_weight=6.110003635287284 4.221013970673094 1.8829758092761069 5.1699895411729804 5.2766512222588053 0.29063393548131244 2.124282848089933 2.1224548164755088 3.5918318871408701 1.2407106179744003 2.5229329168796539 2.3221294060349464 16.078004432842139 1.8915160270407785 1.7401632675901053
leaf_count=43 26 42 44 227 5 14 25 33 31 22 14 1121 108 78
internal_value=-0.0030481 0.00401731 -0.0117369 -0.00191544 0.0242146 -0.0128802 -0.00404673 0.0099104 -0.0418642 -0.00884248 -0.0243652 0.0329214 0.0351627 -0.0172955
internal_weight=56.5853 50.4753 28.592 23.422 21.8833 18.1454 14.7804 10.5593 3.36499 6.96752 4.84506 18.2602 17.9695 3.62314
internal_count=1833 1790 436 392 1354 165 120 94 45 61 36 1234 1229 120
is_linear=0
shrinkage=0.05


Tree=45
num_leaves=15
num_cat=0
split_feature=16 4 21 2 24 11 3 34 14 3 11 3 14 4
split_gain=6.4004 3.59472 2.72177 2.356 1.92832 2.17753 1.89274 1.82832 1.70657 2.12154 1.51392 1.37983 2.46751 1.64708
threshold=1.0000000180025095e-35 0.97154998779296886 1.0000000180025095e-35 1.0000000180025095e-35 1.0000000180025095e-35 5.5000000000000009 0.91749998927116405 1.0000000180025095e-35 0.98690772056579601 0.96650001406669628 37.500000000000007 0.93900001049041759 0.93121567368507396 0.97060000896453869
decision_type=2 2 2 2 2 2 2 2 2 2 2 2 2 2
left_child=2 6 4 -3 5 -1 -2 8 9 -7 -11 -8 -13 -14
right_child=1 3 -4 -5 -6 7 11 -9 -10 10 -12 12 13 -15
leaf_value=-0.054837593445776822 0.031752750689131047 0.037738346395514516 0.028955488013092546 -0.040711555410558216 0.0092977181104878914 -0.015296336166045591 -0.053859553048491209 -0.060579997135280866 -0.036011044955179476 0.029906335447595578 -0.036679105085657339 -0.047341614796757484 0.03572312552951707 -0.036737304105990048
leaf_weight=4.698739578947424 0.97563037090003746 10.668535694479939 1.9710827721282829 0.23637421429157335 3.9855218306183806 19.665532388724394 1.5173843223601577 1.6304428484290827 6.7603176133707157 3.9928012769669285 0.15120710711926211 1.023448918014765 2.3486111098900442 0.15102058649063099
leaf_count=39 15 698 114 2 120 211 17 17 154 264 8 24 159 8
internal_value=-0.00870795 0.016668 -0.0188789 0.032761 -0.0218213 -0.0253392 -0.0130143 -0.0195126 -0.0154728 -0.00842481 0.0208186 -0.0255015 -0.00408038 0.0220987
internal_weight=59.7767 16.921 42.8556 10.9049 40.8846 36.899 6.0161 32.2003 30.5699 23.8095 4.14401 5.04046 3.52308 2.49963
internal_count=1850 923 927 700 813 693 223 654 637 483 272 208 191 167
is_linear=0
shrinkage=0.05


Tree=46
num_leaves=15
num_cat=0
split_feature=7 37 9 9 2 14 8 12 5 14 14 23 14 14
split_gain=7.13299 6.6209 6.38774 3.81664 2.52565 1.5618 1.44313 1.31741 2.27882 0.990859 0.928725 2.2276 1.69868 0.853109
threshold=1.0000000180025095e-35 1.0000000180025095e-35 4.0992836952209482 3.927794456481934 1.0000000180025095e-35 0.88813546299934398 0.75000000000000011 13.500000000000002 0.75000000000000011 0.99147549271583568 0.95092076063156139 1.0000000180025095e-35 0.93820601701736461 0.98733773827552807
decision_type=2 2 2 2 2 2 2 2 2 2 2 2 2 2
left_child=-1 2 3 6 5 -4 10 -3 -9 -7 11 12 -2 -12
right_child=1 7 4 -5 -6 9 -8 8 -10 -11 13 -13 -14 -15
leaf_value=-0.052029746746572562 -0.0019363470704055641 -0.055753935223268283 -0.025537619008232898 -0.065889827386121008 -0.01666794543417538 0.042253782967886983 0.033849565734636392 -0.032338808736378323 0.02913371281515343 -0.0084092167427138546 -0.018743211615181408 -0.040676364254100851 0.043524420098560536 0.014912120652932943
leaf_weight=5.736944153904914 4.41578741185368 3.4342383593320829 0.31228671967983856 1.4597644172608841 1.8818713352084149 16.340244157239798 1.760105688124894 3.750096507370472 1.3089872952550647 0.70248122233897348 9.8275957778096181 0.99209634400904168 2.7161897178739309 1.4991084011271585
leaf_count=43 40 24 8 26 14 1219 85 29 63 51 123 7 45 32
internal_value=-0.00369911 0.0027074 0.0110175 -0.00693243 0.0314686 0.037312 -9.1019e-05 -0.0351373 -0.0142502 0.0398152 -0.0046673 0.00769688 0.0186004 -0.0134405
internal_weight=56.1378 50.4009 41.9075 22.6706 19.2369 17.355 21.2109 8.49332 5.05908 17.0427 19.4508 8.12407 7.13198 11.3267
internal_count=1809 1766 1650 358 1292 1278 332 116 92 1270 247 92 85 155
is_linear=0
shrinkage=0.05


Tree=47
num_leaves=15
num_cat=0
split_feature=7 12 9 9 15 11 3 4 4 9 3 9 3 14
split_gain=7.05636 6.6305 4.96256 3.50248 3.11058 3.7891 2.74004 1.64264 2.63055 1.59952 1.43551 1.92681 1.69844 1.65944
threshold=1.0000000180025095e-35 8.0000000000000018 4.0992836952209482 3.927794456481934 1.0000000180025095e-35 10.500000000000002 0.95049998164176952 0.97644999623298656 0.97124999761581432 8.9802742004394549 0.91749998927116405 3.3852339982986455 0.32999999821186071 0.930240958929062
decision_type=2 2 2 2 2 2 2 2 2 2 2 2 2 2
left_child=-1 2 3 6 5 9 10 8 -7 -4 12 -12 -2 -14
right_child=1 -3 4 -5 -6 7 -8 -9 -10 -11 11 -13 13 -15
leaf_value=-0.052819978189512666 -0.024068531102759153 -0.037603835664305738 -0.054419221448348168 -0.062050398954384405 0.04610369921993511 0.030019705232257238 0.038281744476620951 0.041624292599165093 -0.049806828570236571 0.0075495043958887509 -0.056544582610331462 0.011005718302794775 -0.020255370618882561 0.019616436307650434
leaf_weight=5.9199828952550879 4.3645443618297675 8.2088364586234075 1.8234410267323258 1.5293602757155884 9.5372277814894915 1.3485783254727723 2.9240969587117425 4.3905827337875962 0.85916851926594962 1.3064746987074611 1.8869916461408132 1.2245945520699022 2.6473908424377433 8.8645701929926854
leaf_count=44 27 114 49 24 779 62 172 343 24 70 16 18 20 81
internal_value=-0.00544514 0.000974445 0.00908039 -0.00634065 0.0272311 0.00615635 8.6092e-05 0.0266221 -0.00688822 -0.0329878 -0.00741685 -0.0337486 -0.000562216 0.00956113
internal_weight=56.8358 50.9159 42.707 23.4415 19.2655 9.72825 21.9122 6.59833 2.20775 3.12992 18.9881 3.11159 15.8765 11.512
internal_count=1843 1799 1685 358 1327 548 334 429 86 119 162 34 128 101
is_linear=0
shrinkage=0.05


Tree=48
num_leaves=15
num_cat=0
split_feature=37 9 34 33 4 14 11 13 14 12 14 14 9 4
split_gain=5.04619 3.49605 3.26894 2.72098 3.06606 2.56074 2.50563 2.78018 1.75859 1.72467 1.52307 3.48032 1.60925 1.34993
threshold=1.0000000180025095e-35 4.0992836952209482 1.0000000180025095e-35 1.0000000180025095e-35 0.97455000877380382 0.98270678520202648 5.5000000000000009 0.75000000000000011 0.99147549271583568 13.500000000000002 0.94826391339302074 0.91151106357574474 2.3613666296005253 0.99994999170303356
decision_type=2 2 2 2 2 2 2 2 2 2 2 2 2 2
left_child=1 6 3 8 -5 -4 -1 -8 13 -2 11 -9 -12 -3
right_child=9 2 5 4 -6 -7 7 10 -10 -11 12 -13 -14 -15
leaf_value=-0.034490764096050459 -0.056502934359389058 0.042144792636631671 -0.048653261701876394 -0.067850548710251077 0.025743412344744879 0.026041721401599396 -0.038139574482763144 -0.027193041946310371 -0.02398256493904441 -0.012453387155820093 -0.012768743912825975 0.049086284366751838 0.021811305329845959 -0.0092579852043796085
leaf_weight=5.9078617878258255 4.1004708558320981 13.256555647589266 2.0470887077972288 0.67731982842087823 1.0287955058738587 1.0480380291119216 2.9605630831793013 1.3934399653226126 0.57828994281590063 5.2547876555472612 9.3896547276526672 3.9338483288884163 3.9804817084223023 1.0480349157005555
leaf_count=49 30 1011 42 14 78 72 34 12 35 101 113 53 135 49
internal_value=-0.00372878 0.0031355 0.0187357 0.027429 -0.0227555 -0.0231779 -0.00827016 8.88492e-05 0.0342524 -0.0353526 0.00777093 0.0279898 -0.00167236 0.0380199
internal_weight=56.6052 47.25 19.6841 16.589 1.70612 3.09513 27.5658 21.658 14.8829 9.35526 18.6974 5.32729 13.3701 14.3046
internal_count=1828 1697 1301 1187 92 114 396 347 1095 131 313 65 248 1060
is_linear=0
shrinkage=0.05


Tree=49
num_leaves=15
num_cat=0
split_feature=7 37 9 9 34 33 4 30 12 4 36 23 11 13
split_gain=5.40918 5.39017 4.27341 3.44072 3.38186 2.41957 1.92607 1.74933 1.65317 1.22315 1.11064 0.904346 1.07643 0.883783
threshold=1.0000000180025095e-35 1.0000000180025095e-35 4.0992836952209482 3.927794456481934 1.0000000180025095e-35 1.0000000180025095e-35 0.97785001993179332 1.0000000180025095e-35 13.500000000000002 0.98025000095367443 1.0000000180025095e-35 1.0000000180025095e-35 31.000000000000004 0.75000000000000011
decision_type=2 2 2 2 2 2 2 2 2 2 2 2 2 2
left_child=-1 2 3 7 5 10 -7 11 -3 -10 -4 12 13 -2
right_child=1 8 4 -5 -6 6 -8 -9 9 -11 -12 -13 -14 -15
leaf_value=-0.04937206522047341 -0.0072913565486696641 -0.055029731747983673 0.047174681463385569 -0.05933613170708775 -0.018535645952411389 -0.043052426292960404 0.026324959418156837 -0.034380202484034748 -0.037371524073643102 0.006990663818534049 -0.0073806809910960114 -0.014506110566208286 -0.0043764265375534619 0.027449030494549526
leaf_weight=4.7196958661079398 1.8307690247893447 3.3951956927776319 12.303366086445749 1.5721482187509526 2.762662347406148 0.98576770164072458 1.0809375140815971 1.9360520960763086 1.4825984835624693 3.4973530918359756 0.73452607449144203 3.1755683645606032 6.1923022000119081 8.2506924653425813
leaf_count=39 22 25 1062 23 112 18 86 15 13 84 61 19 81 199
internal_value=-0.00334311 0.00196795 0.00961144 -0.00468866 0.0272602 0.0362672 -0.0100145 0.00179995 -0.0323414 -0.0102574 0.0437943 0.00690656 0.0116828 0.0210516
internal_weight=53.9196 49.1999 40.8248 22.9575 17.8673 15.1046 2.06671 21.3854 8.37515 4.97995 13.0379 19.4493 16.2738 10.0815
internal_count=1859 1820 1698 359 1339 1227 104 336 122 97 1123 321 302 221
is_linear=0
shrinkage=0.05


Tree=50
num_leaves=15
num_cat=0
split_feature=16 4 11 15 9 11 11 12 11 3 11 14 3 9
split_gain=2.9424 4.05056 3.20129 3.02356 3.12744 2.83126 2.19181 2.14889 1.84054 1.82732 1.69014 1.51778 1.51699 1.77015
threshold=1.0000000180025095e-35 0.97705000638961803 32.500000000000007 1.0000000180025095e-35 2.3613666296005253 40.500000000000007 10.500000000000002 1.0000000180025095e-35 11.500000000000002 0.60750001668930065 48.500000000000007 0.96904006600379955 0.91749998927116405 3.992484569549561
decision_type=2 2 2 2 2 2 2 2 2 2 2 2 2 2
left_child=2 8 3 6 7 -4 -1 -5 11 -9 -7 12 -2 -14
right_child=1 -3 5 4 -6 10 -8 9 -10 -11 -12 -13 13 -15
leaf_value=-0.075408692976027883 0.027503069693383217 0.033111725502558781 0.041254310332660256 -0.046291063055801669 0.016672337956926572 -0.070798978142445623 -0.02375829270445981 0.012478597543239843 -0.052314441892479281 -0.032568122551619033 0.016369307706691122 0.031492601003709507 -0.053723228778481361 0.0094796308839433241
leaf_weight=2.0365378353744736 0.70383066870272104 8.4079350568354112 3.5091004827991119 4.1926630064845103 8.349448864348231 0.22712419182062138 12.820822045207022 5.2721944376826286 1.4012437695637343 2.5304961185902357 0.47194869071245193 1.5453983880579469 1.7655919622629883 1.4180844957008956
leaf_count=19 13 613 167 36 440 3 189 46 44 13 32 106 23 100
internal_value=-0.00661344 0.0115294 -0.0137419 -0.0187434 -0.00567867 0.0236619 -0.0351471 -0.021322 -0.0158603 -0.00417071 -0.0369521 0.000212627 -0.0161214 -0.0300343
internal_weight=54.6524 15.2421 39.4103 35.2022 20.3448 4.20817 14.8574 11.9954 6.83415 7.80269 0.699073 5.43291 3.88751 3.18368
internal_count=1844 899 945 743 535 202 208 95 286 59 35 242 136 123
is_linear=0
shrinkage=0.05


Tree=51
num_leaves=15
num_cat=0
split_feature=7 12 4 17 9 5 24 12 2 4 9 4 12 11
split_gain=6.58865 3.96196 3.69033 2.7187 2.52965 2.75424 2.21597 1.78601 1.58689 2.33409 2.51397 1.83728 1.95241 1.7469
threshold=1.0000000180025095e-35 8.0000000000000018 0.9775499999523164 1.0000000180025095e-35 1.5551638007164004 1.0000000180025095e-35 1.0000000180025095e-35 13.500000000000002 1.0000000180025095e-35 0.88425001502037059 5.9426732063293466 0.95205000042915355 2.5000000000000004 6.5000000000000009
decision_type=2 2 2 2 2 2 2 2 2 2 2 2 2 2
left_child=-1 2 6 4 -4 -6 8 -3 9 -2 -11 -12 13 -13
right_child=1 7 3 -5 5 -7 -8 -9 -10 10 11 12 -14 -15
leaf_value=-0.051223361506939673 -0.015548527223480026 -0.051765564259672027 -0.031176708236913132 -0.037096841967870768 -0.022645108774137376 0.047049474365624511 0.037545636318711335 -0.004934291468894585 -0.036105967197988885 0.034043907098186346 0.026462422067214737 0.012392631748597577 0.0079536052949022006 -0.083880889564616257
leaf_weight=5.5490462481975547 12.263302040286371 3.2661174386739722 0.64624205604195317 0.65040153078734952 1.0065517909824837 11.297700121998785 2.1183826113119713 4.3452555555850267 2.9888964481651774 5.8929945090785605 1.031139641068876 0.32452282682061218 1.325018076226115 0.85603120550513268
leaf_count=46 104 26 8 11 7 1030 72 88 19 228 61 30 74 52
internal_value=-0.00417136 0.00220082 0.00857659 0.0288073 0.0345391 0.0400745 -0.00235723 -0.0287077 -0.00711059 -0.00170054 0.0160728 -0.014775 -0.0344534 -0.0638697
internal_weight=53.5616 48.0126 40.4012 13.6009 12.9505 12.3043 26.8003 7.61137 24.6819 21.693 9.42971 3.53671 2.50557 1.18055
internal_count=1856 1810 1696 1056 1045 1037 640 114 568 549 445 217 156 82
is_linear=0
shrinkage=0.05


Tree=52
num_leaves=15
num_cat=0
split_feature=7 12 3 14 14 18 4 11 4 33 4 34 11 14
split_gain=6.19284 4.23293 2.70167 3.3371 4.18625 2.07152 2.01026 1.67433 1.64267 1.27849 2.20807 1.24564 1.21683 2.00087
threshold=1.0000000180025095e-35 8.0000000000000018 0.31700000166893011 0.930240958929062 0.92699933052062999 1.0000000180025095e-35 0.88425001502037059 1.5000000000000002 0.99994999170303356 1.0000000180025095e-35 0.97484999895095836 1.0000000180025095e-35 7.5000000000000009 0.98085978627204906
decision_type=2 2 2 2 2 2 2 2 2 2 2 2 2 2
left_child=-1 2 -2 4 6 7 -4 -5 -3 12 -11 -8 13 -9
right_child=1 8 3 5 -6 -7 11 9 -10 10 -12 -13 -14 -15
leaf_value=-0.049922120092136271 -0.024255539310101461 -0.04015895280753428 -0.029900595340363958 -0.031162248622098317 -0.060399202529433829 -0.024663166868981276 0.040837792688155461 0.021995807986248939 0.013882401490977497 -0.058348146903426962 0.025040659587409905 -0.012727603812465672 0.040355956935137327 -0.038247076412110843
leaf_weight=5.5161565393209449 4.534234717488288 6.0780484192073336 1.2680692821741093 0.49527832865715637 2.1867725113406777 1.5165222957730282 2.9124587196856742 11.381263172719631 1.2218456305563448 0.37332886829972156 0.979819823987782 0.96165185794234265 12.411340475548057 0.63563002180308181
leaf_count=49 26 60 8 2 27 11 64 415 57 8 87 14 969 29
internal_value=-0.00423838 0.00205738 0.00865957 0.0134627 -0.0150663 0.0212477 0.0109069 0.0247044 -0.0305308 0.0269012 -0.0129848 0.0276582 0.0295343 0.0161158
internal_weight=52.4724 46.9563 39.6564 35.1221 7.32895 27.7932 5.14218 26.2767 7.29989 25.7814 1.35315 3.87411 24.4282 12.0169
internal_count=1826 1777 1660 1634 113 1521 86 1510 117 1508 95 78 1413 444
is_linear=0
shrinkage=0.05


Tree=53
num_leaves=15
num_cat=0
split_feature=16 4 7 15 11 11 12 4 11 7 12 4 8 1
split_gain=4.80932 2.00615 1.97514 2.46779 5.64349 2.90892 1.69367 2.02309 1.62849 1.58491 1.34961 1.09504 1.02 0.857329
threshold=1.0000000180025095e-35 0.97804999351501476 1.0000000180025095e-35 1.0000000180025095e-35 7.5000000000000009 10.500000000000002 8.0000000000000018 0.98145002126693737 11.500000000000002 1.0000000180025095e-35 13.500000000000002 0.97900000214576732 0.75000000000000011 1.0000000180025095e-35
decision_type=2 2 2 2 2 2 2 2 2 2 2 2 2 2
left_child=2 8 -1 5 -5 -4 7 -7 -2 -3 -8 -12 -10 -6
right_child=1 9 3 4 13 6 10 -9 12 -11 11 -13 -14 -15
leaf_value=-0.045640906432139187 0.012219060993232589 -0.020546145516377474 -0.067755359527617687 -0.019031931337864457 -0.012955798974584879 -0.011329936056486418 -0.050401399926903345 0.035534387121154892 -0.053345458126506623 0.043992066108589217 -0.034306928878499565 0.0075150198388987018 0.013227621763283902 0.040972404838571813
leaf_weight=3.6176758706569663 5.5326632857322675 0.50613928586244572 2.0132536832243231 10.204747528769078 0.3616240471601494 8.0228899326175469 3.1309495493769628 2.0924133080989114 0.9014677135273812 6.0291056674905121 1.539200887084007 3.3724994268268347 0.35205317009240389 6.2787185194902104
leaf_count=34 254 4 21 116 2 108 26 157 21 586 15 82 26 411
internal_value=-0.00596537 0.0191707 -0.0144685 -0.0103015 0.00377346 -0.0216787 -0.0133 0.000688982 -0.000478695 0.0369304 -0.0290245 -0.00917718 -0.0370754 0.0367242
internal_weight=53.9554 13.3214 40.634 37.0163 16.8451 20.1712 18.158 10.1153 6.78618 6.53524 8.04265 4.9117 1.25352 6.64034
internal_count=1863 891 972 938 529 409 388 265 301 590 123 97 47 413
is_linear=0
shrinkage=0.05


Tree=54
num_leaves=15
num_cat=0
split_feature=7 3 37 14 9 14 2 3 3 3 14 9 9 12
split_gain=5.45052 4.16094 3.71126 2.89981 2.44847 1.80613 2.05498 1.75862 1.83779 2.89803 1.77095 1.1747 1.54056 1.66866
threshold=1.0000000180025095e-35 0.95649999380111705 1.0000000180025095e-35 0.94521561264991771 4.0992836952209482 0.98471453785896312 1.0000000180025095e-35 0.28300000727176672 0.32999999821186071 0.55500000715255748 0.94004181027412426 5.9426732063293466 6.9260485172271737 8.0000000000000018
decision_type=2 2 2 2 2 2 2 2 2 2 2 2 2 2
left_child=-1 2 4 -3 7 6 -5 -2 -9 10 -10 -7 -13 -14
right_child=1 3 -4 5 -6 11 -8 8 9 -11 -12 12 13 -15
leaf_value=-0.048971172766783588 0.02668643918482981 -0.017014118801937084 -0.047211749483899244 0.047837397373441504 0.028413589534078566 0.032435459142135692 -0.025071697768587333 -0.050269508503678485 -0.013876710271287682 -0.021176174475772302 0.041303235309417506 -0.051917445920694062 0.033127500109114284 -0.019765531770951042
leaf_weight=4.9478619992732993 2.0174437463283637 3.6949278665706542 4.5137824118137351 8.5257021985016728 4.3947297679260364 1.7675043535418797 0.46198034286499101 2.09179110080004 1.6622645519673813 10.621664288453756 2.990292102098465 0.46836103778332461 1.8877460099756715 2.1405360698699951
leaf_count=46 12 132 47 814 246 153 2 12 13 106 38 43 185 51
internal_value=-0.00385747 0.00178504 -0.0102473 0.0193651 -0.0016082 0.028683 0.0419547 -0.00947493 -0.0149002 -0.0072651 0.0226214 0.00648681 -0.00775821 0.0066801
internal_weight=52.1866 47.2387 28.292 18.9468 23.7782 15.2518 8.98768 19.3835 17.366 15.2742 4.65256 6.26415 4.49664 4.02828
internal_count=1900 1854 474 1380 427 1248 816 181 169 157 51 432 279 236
is_linear=0
shrinkage=0.05


Tree=55
num_leaves=15
num_cat=0
split_feature=7 37 9 33 12 3 9 3 12 14 11 14 3 11
split_gain=6.19329 3.3077 3.22313 3.4462 1.94272 3.98117 1.92038 1.99836 1.29663 1.57681 2.66331 1.23321 1.04639 1.82405
threshold=1.0000000180025095e-35 1.0000000180025095e-35 3.992484569549561 1.0000000180025095e-35 13.500000000000002 0.96149998903274547 3.927794456481934 0.95049998164176952 4.5000000000000009 0.97255700826644909 10.500000000000002 0.98481070995330822 0.95449998974800121 26.500000000000004
decision_type=2 2 2 2 2 2 2 2 2 2 2 2 2 2
left_child=-1 2 6 8 -3 -6 7 -2 -4 10 -10 12 -5 -14
right_child=1 4 3 11 5 -7 -8 -9 9 -11 -12 -13 13 -15
leaf_value=-0.049312602419255516 -0.0044102638124612972 -0.050678159103776203 0.043697790639793205 0.012822246517810677 -0.039062813735935474 0.041100555838211782 -0.051929798875856227 0.036475393415604379 -0.050056907724153124 0.034160915285224677 0.02857358771363086 0.018163857228193431 -0.090315905329443183 0.0021202396074959159
leaf_weight=5.2128587737679473 20.349897916428752 2.9444271326065055 9.9459139695391077 0.30520597472786848 2.2843023017048836 1.9320628521963952 0.8214296605437984 2.4765318855643264 1.2954190038144582 2.0594343785196543 1.1402771617285905 0.5603206418454646 0.41808100137859561 0.7841044943779707
leaf_count=49 174 24 979 4 24 70 12 182 19 199 51 54 20 26
internal_value=-0.00235618 0.00373045 0.00942562 0.0256936 -0.0254486 -0.00149236 -0.00251289 0.00137029 0.0342645 0.00923852 -0.0156435 -0.0258223 -0.0428959 -0.0564405
internal_weight=52.5303 47.3174 40.1566 16.5088 7.16079 4.21637 23.6479 22.8264 14.441 4.49513 2.4357 2.06771 1.50739 1.20219
internal_count=1887 1838 1720 1352 118 94 368 356 1248 269 70 104 50 46
is_linear=0
shrinkage=0.05


Tree=56
num_leaves=15
num_cat=0
split_feature=7 37 4 2 3 3 33 4 14 17 11 11 4 4
split_gain=3.94674 3.58406 4.48944 3.19731 2.48114 2.68236 1.81532 1.80937 1.29943 1.18816 1.86506 1.55945 1.53405 1.43177
threshold=1.0000000180025095e-35 1.0000000180025095e-35 0.88425001502037059 1.0000000180025095e-35 0.55500000715255748 0.32999999821186071 1.0000000180025095e-35 0.97455000877380382 0.93461748957633983 1.0000000180025095e-35 6.5000000000000009 40.500000000000007 0.99304997920990001 0.99975001811981212
decision_type=2 2 2 2 2 2 2 2 2 2 2 2 2 2
left_child=-1 2 4 6 5 -2 9 -8 -7 10 13 -12 -11 -4
right_child=1 -3 3 -5 -6 8 7 -9 -10 12 11 -13 -14 -15
leaf_value=-0.047084804623652936 -0.022538321051250372 -0.031556795446770612 0.017152821632206518 -0.024671459238362763 -0.039526971793737008 -0.010353904109681704 -0.043171668381265516 0.0247527494204587 0.04197431403080331 0.024478620165130884 0.047039926172486979 -0.019019067006589261 -0.043761510284245478 -0.038612383105999321
leaf_weight=4.2951667234301558 4.7483249306678754 7.1148555064573875 3.9070149301551416 2.9149306900799266 5.5553694004192939 1.2303408756852148 1.0972841400653117 0.95419739373028267 2.8621224090456963 0.8560052542015899 11.83934654621407 0.44041732419282276 0.51934931427240372 0.51420008204877365
leaf_count=43 28 116 219 23 51 10 18 88 35 25 1132 29 6 15
internal_value=-0.00627097 -0.00138912 0.00501574 0.0184028 -0.0162154 0.000961266 0.0255133 -0.01382 0.0272986 0.0304677 0.0340246 0.0434169 -0.0088646 0.00474105
internal_weight=48.8489 44.5538 37.4389 23.0427 14.3962 8.84079 20.1278 2.05148 4.09246 18.0763 16.701 12.2798 1.37535 4.42122
internal_count=1838 1795 1679 1555 124 73 1532 106 45 1426 1395 1161 31 234
is_linear=0
shrinkage=0.05


Tree=57
num_leaves=15
num_cat=0
split_feature=7 37 9 34 9 3 3 12 3 3 9 12 4 4
split_gain=4.48044 4.15983 4.76257 3.34855 2.51626 2.27683 1.96646 1.5569 1.25926 1.67889 1.25966 1.21801 0.690315 0.625973
threshold=1.0000000180025095e-35 1.0000000180025095e-35 3.992484569549561 1.0000000180025095e-35 3.927794456481934 0.32999999821186071 0.99849998950958263 13.500000000000002 0.95049998164176952 0.55500000715255748 2.9083033800125127 1.5000000000000002 0.99365001916885387 0.99304997920990001
decision_type=2 2 2 2 2 2 2 2 2 2 2 2 2 2
left_child=-1 2 4 -4 5 -2 -3 -8 9 -7 11 -11 13 -5
right_child=1 6 3 12 -6 8 7 -9 -10 10 -12 -13 -14 -15
leaf_value=-0.047115919757939682 -0.029942264881204734 -0.048077306570251138 0.039753408977188133 -0.0047983480597917627 -0.058151424959153736 0.022642052626585779 -0.032376957618624684 0.030271151573385155 0.035291719996135604 -0.034545131758160208 0.011950950443464456 0.0075361698130069366 0.017201433183223851 -0.051585552040926387
leaf_weight=4.35328335314989 4.3461622372269693 4.5542948693037024 12.13214033609256 1.9469752274453638 1.1495428755879391 4.8021405339241054 0.69541056454181682 1.4296371331438422 2.2702462100423864 4.5566064864397031 3.3887629015371203 2.0433348417282104 0.50648661330342282 0.39984883368015278
leaf_count=44 25 49 1185 78 16 52 3 68 183 30 46 11 38 2
internal_value=-0.00391035 0.00129075 0.00795879 0.0288768 -0.00657385 -0.0013326 -0.0323439 0.00596973 0.00720977 0.000937483 -0.0106081 -0.0222395 -0.0156849 -0.0258014
internal_weight=48.5749 44.2216 37.5422 14.9855 22.5568 21.4073 6.67934 2.12505 17.0611 14.7908 9.9887 6.59994 2.85331 2.34682
internal_count=1830 1786 1666 1303 363 347 120 71 322 139 87 41 118 80
is_linear=0
shrinkage=0.05


Tree=58
num_leaves=15
num_cat=0
split_feature=7 15 9 11 3 35 5 4 9 12 31 4 12 12
split_gain=3.75404 2.34484 5.90101 3.58501 2.07158 2.02993 2.01338 1.64926 2.09067 2.97465 2.95876 1.86263 1.64362 2.47987
threshold=1.0000000180025095e-35 1.0000000180025095e-35 4.0992836952209482 7.5000000000000009 0.38750000298023229 1.0000000180025095e-35 1.0000000180025095e-35 0.99334999918937694 2.8171484470367436 2.5000000000000004 1.0000000180025095e-35 0.99304997920990001 8.0000000000000018 13.500000000000002
decision_type=2 2 2 2 2 2 2 2 2 2 2 2 2 2
left_child=-1 5 3 -3 -5 6 -2 8 -8 10 -10 -11 -9 -14
right_child=1 2 -4 4 -6 -7 7 12 9 11 -12 -13 13 -15
leaf_value=-0.047145977930450951 -0.042055512437789815 -0.022609812728544149 0.044082390646938946 -0.027620650627249246 0.043590934834833256 0.030736685238969108 0.0014828688915452814 0.03622041911796877 -0.093608731952856461 0.019132493794706038 0.015965194921519429 -0.049039859082013894 -0.043399822796389882 0.028829612740052371
leaf_weight=4.5690153166651717 5.5355026796460214 11.711158794816585 6.6210739067755631 0.60440857708454077 3.1195303341373801 1.411720708478241 6.0583685250021535 2.5049067265354088 1.7390921171754601 2.3534279093146329 0.46088663581758726 0.42975602578371752 1.5731813386082649 1.2834853734821081
leaf_count=48 46 107 784 3 100 120 68 256 70 131 45 5 11 64
internal_value=-0.00837515 -0.00354198 0.0079726 -0.00925687 0.0286328 -0.0142991 -0.0184107 -0.00847337 -0.0189817 -0.0399513 -0.0728379 -0.00157423 0.0127493 -0.0118868
internal_weight=49.9755 45.4065 22.0562 15.4351 3.72394 23.3503 21.9386 16.4031 11.0415 4.98316 2.19998 2.78318 5.36157 2.85667
internal_count=1858 1810 994 210 103 816 696 650 319 251 115 136 331 75
is_linear=0
shrinkage=0.05


Tree=59
num_leaves=15
num_cat=0
split_feature=16 14 31 15 11 11 11 1 6 8 14 12 14 14
split_gain=3.36583 3.02941 1.53526 1.4449 3.04798 1.33948 1.32551 1.15027 1.14852 0.877564 0.81189 1.00246 0.887394 1.0846
threshold=1.0000000180025095e-35 0.96560412645339977 1.0000000180025095e-35 1.0000000180025095e-35 7.5000000000000009 10.500000000000002 11.500000000000002 1.0000000180025095e-35 1.0000000180025095e-35 0.75000000000000011 0.98912182450294506 8.0000000000000018 0.98690772056579601 0.9766443967819215
decision_type=2 2 2 2 2 2 2 2 2 2 2 2 2 2
left_child=2 6 3 5 8 -1 -2 -6 -5 -8 12 -12 13 -7
right_child=1 -3 -4 4 7 10 9 -9 -10 -11 11 -13 -14 -15
leaf_value=-0.058301120490428918 0.0058840870181569027 0.038877511111750626 0.024835527102058781 -0.028946322489867254 -0.022044966704992133 -0.027303880721886411 -0.055010814192524661 0.025918036586753204 0.0097104845520433782 0.011248694675668344 0.031004671128353145 -0.016728636772355733 -0.047388117034813472 0.0041155267492634469
leaf_weight=1.7388056218624104 4.3804616718552989 6.4675822011195123 1.7899638274684537 7.9038168303668517 0.70648129284381767 5.0498286732472462 0.86657051276415564 6.5636608111672103 1.9163577165454624 0.28519834205508232 1.0622722352854901 1.4281763844192026 1.9511745055206109 4.6115415673702955
leaf_count=18 241 605 127 83 6 58 17 429 41 26 33 33 34 97
internal_value=-0.00390277 0.0179814 -0.0117575 -0.0144198 -0.00392462 -0.0248367 -0.00865947 0.0191552 -0.0212024 -0.041001 -0.0171238 0.00668109 -0.0223539 -0.0133275
internal_weight=46.7219 11.9998 34.7221 32.9321 17.0903 15.8418 5.53223 7.27014 9.82017 1.15177 14.103 2.49045 11.6125 9.66137
internal_count=1848 889 959 832 559 273 284 435 124 43 255 66 189 155
is_linear=0
shrinkage=0.05


Tree=60
num_leaves=15
num_cat=0
split_feature=7 9 37 34 14 12 14 9 5 6 9 5 5 9
split_gain=4.60636 2.72309 4.83008 2.57753 1.89025 1.85337 1.60805 1.22374 1.18322 0.909162 0.919997 1.39876 1.29467 0.900406
threshold=1.0000000180025095e-35 4.0992836952209482 1.0000000180025095e-35 1.0000000180025095e-35 0.97372514009475719 13.500000000000002 0.88813546299934398 3.927794456481934 0.75000000000000011 1.0000000180025095e-35 2.9083033800125127 0.75000000000000011 0.75000000000000011 2.870187640190125
decision_type=2 2 2 2 2 2 2 2 2 2 2 2 2 2
left_child=-1 7 3 6 -5 -4 -3 9 -7 10 11 -2 -12 -13
right_child=1 2 5 4 -6 8 -8 -9 -10 -11 12 13 -14 -15
leaf_value=-0.04675071145980552 -0.018039494774859343 -0.023914569637423611 -0.046744383836314067 -0.036928659883549868 0.027067570515481816 -0.016715694516107119 0.043867236855838931 -0.041338884053896699 0.029849841209251871 0.029051429165752225 0.03360069204822097 0.033696645373732327 -0.012225642448025129 -0.020805459901695592
leaf_weight=4.5168618559837332 15.470926362089823 0.33177337609231727 2.4224118739366522 1.6092711277306073 1.1352430828846989 2.2283314317464828 11.028449800796805 1.7132328702136863 1.3780725151300433 0.8196523254737248 1.9760702340863634 1.5627041151747114 2.406657746527344 0.30413435399532307
leaf_count=50 144 8 21 20 94 20 1190 31 64 8 65 70 57 3
internal_value=-0.00365672 0.001662 0.0148715 0.0302716 -0.010298 -0.0203387 0.040113 -0.00945833 0.00369514 -0.00538199 -0.00790284 -0.0129735 0.0108401 0.0206574
internal_weight=48.9038 44.3869 20.1336 14.1047 2.74451 6.02882 11.3602 24.2534 3.6064 22.5401 21.7205 17.3378 4.38273 1.86684
internal_count=1845 1795 1417 1312 114 105 1198 378 84 347 339 217 122 73
is_linear=0
shrinkage=0.05


Tree=61
num_leaves=15
num_cat=0
split_feature=7 37 4 33 9 9 36 3 3 13 12 3 3 11
split_gain=4.61104 2.95011 4.38785 2.15515 1.72021 2.09875 1.71353 1.48939 1.7389 1.35752 1.26433 1.88681 1.0186 0.937335
threshold=1.0000000180025095e-35 1.0000000180025095e-35 0.9775499999523164 1.0000000180025095e-35 4.0992836952209482 3.927794456481934 1.0000000180025095e-35 0.92950001358985912 0.91749998927116405 0.75000000000000011 13.500000000000002 0.96149998903274547 0.32999999821186071 1.5000000000000002
decision_type=2 2 2 2 2 2 2 2 2 2 2 2 2 2
left_child=-1 2 3 4 5 7 -6 8 9 -2 -3 -12 -11 -4
right_child=1 10 13 -5 6 -7 -8 -9 -10 12 11 -13 -14 -15
leaf_value=-0.046249403884853768 -0.027483441490672774 -0.046701501332353748 -0.017889875918968619 -0.047793198147782295 0.032840563964329793 -0.050472246168836547 -0.038355552556661759 0.034458910696753296 -0.045325023403109461 -0.010601769666961108 -0.033625930114678508 0.025848319485723505 0.017202523495897477 0.037679916974291211
leaf_weight=4.2261164039373389 2.3386617340147522 2.6686100512742987 0.24710682034492393 1.3716161577031005 5.0422378052026025 1.2580019626766432 0.13043536152690638 1.7945062015205611 1.3051051143556822 4.1789065524935856 1.5601844787597656 1.7935469672083855 8.6649206727743131 10.121591091621665
leaf_count=47 15 25 1 22 383 14 9 82 9 24 19 66 78 1072
internal_value=-0.00190752 0.00346663 0.00896916 -0.00224584 0.00204256 -0.00499278 0.0251223 0.00059196 -0.00485381 0.00121103 -0.0263743 -0.00318809 0.00804369 0.0348985
internal_weight=46.7015 42.4754 36.4531 26.0844 24.7128 19.5401 5.17267 18.2821 16.4876 15.1825 6.02234 3.35373 12.8438 10.3687
internal_count=1866 1819 1709 636 614 222 392 208 126 117 110 85 102 1073
is_linear=0
shrinkage=0.05


Tree=62
num_leaves=15
num_cat=0
split_feature=7 14 37 3 14 9 14 30 3 3 9 14 3 15
split_gain=4.07229 3.28309 2.38337 1.92804 1.84208 1.38563 1.67522 1.66211 2.01225 2.1253 2.01438 1.70117 1.44161 1.41312
threshold=1.0000000180025095e-35 0.930240958929062 1.0000000180025095e-35 0.96149998903274547 0.9275864064693452 3.992484569549561 0.94521561264991771 1.0000000180025095e-35 0.55500000715255748 0.68149998784065258 3.5113354921340947 0.95533749461174022 0.29999999701976782 1.0000000180025095e-35
decision_type=2 2 2 2 2 2 2 2 2 2 2 2 2 2
left_child=-1 4 5 -4 -2 7 13 8 12 -10 -11 -12 -3 -7
right_child=1 2 3 -5 -6 6 -8 -9 9 10 11 -13 -14 -15
leaf_value=-0.044903463509434804 -0.0094238564932645191 -0.0024197787877328269 -0.04112407616981964 0.010412905276713666 -0.06444082395753524 -0.046661878221151323 0.037414295741216054 -0.036547600241528956 -0.035850265953504441 0.030288248226705457 0.023314245231190571 -0.043249868845401017 0.045902655185841738 0.021245929206748899
leaf_weight=3.9300138093531123 6.806686293333768 2.0767103284597441 2.7260980755090705 2.9132054094225168 1.1543464446440337 0.50438881572335847 8.9968219352886063 1.0172239150851972 2.4444887116551381 4.0895720915868878 0.75873538851738009 1.5060264305211601 4.0926623046398163 0.71250788448378444
leaf_count=48 98 11 35 75 19 17 1146 9 12 155 25 41 47 69
internal_value=-0.00201572 0.00321604 0.0104636 -0.0169422 -0.0237023 0.0167687 0.0303388 0.00682254 0.0118741 -0.00374671 0.0117988 -0.0206391 0.0315679 -0.0152528
internal_weight=43.7295 39.7995 31.8384 5.6393 7.96103 26.1991 10.2137 15.9854 14.9682 8.79882 6.35433 2.26476 6.16937 1.2169
internal_count=1807 1759 1642 110 117 1532 1232 300 291 233 221 66 58 86
is_linear=0
shrinkage=0.05


Tree=63
num_leaves=15
num_cat=0
split_feature=7 14 3 12 33 4 30 14 3 9 3 14 3 14
split_gain=3.46211 2.45802 2.49463 3.36229 1.94499 2.29219 1.84675 1.82795 1.54506 1.7369 1.13667 0.965021 2.56455 0.836885
threshold=1.0000000180025095e-35 0.930240958929062 0.95049998164176952 4.5000000000000009 1.0000000180025095e-35 0.97484999895095836 1.0000000180025095e-35 0.9275864064693452 0.91749998927116405 4.1389088630676278 0.32999999821186071 0.95720818638801586 0.55500000715255748 0.88813546299934398
decision_type=2 2 2 2 2 2 2 2 2 2 2 2 2 2
left_child=-1 7 3 6 -4 -6 8 13 10 -10 -3 12 -12 -2
right_child=1 2 4 -5 5 -7 -8 -9 9 -11 11 -13 -14 -15
leaf_value=-0.044347670005017527 -0.0375104980859381 -0.0042976628247564323 0.029042501869509008 -0.045420713499686738 -0.072880372012311026 0.020854589880314245 -0.037268997564474257 -0.056757820420485661 -0.03346828792057284 0.025583925687478377 0.0395409271217671 0.043752789805752028 -0.022357328023899354 0.00056250911004544237
leaf_weight=3.7803652398288241 0.82070276420563271 3.4998065605759647 11.98396966187283 2.9988712649792424 0.21509019844234067 0.70408318331465125 1.2876948956400163 1.6660248208791015 2.6277307672426118 1.0217431439086793 2.3337573483586294 3.9169473377987742 2.4418148500844836 6.8270575851202011
leaf_count=47 10 21 1233 41 5 83 16 20 33 109 28 91 29 95
internal_value=-0.00401182 0.0005292 0.00699789 -0.00406657 0.023309 -0.0276256 0.00527934 -0.0208663 0.0107454 -0.0149888 0.0190006 0.0278566 0.00950037 -0.00738835
internal_weight=46.1257 42.3453 33.0315 20.1284 12.9031 0.919173 17.1295 9.31379 15.8418 3.64947 12.1923 8.69252 4.77557 7.64776
internal_count=1861 1814 1689 368 1321 88 327 125 311 142 169 148 57 105
is_linear=0
shrinkage=0.05


Tree=64
num_leaves=15
num_cat=0
split_feature=7 37 4 24 34 11 8 24 11 4 9 9 14 11
split_gain=2.88428 2.29681 3.82328 2.06615 1.49366 1.46028 1.63646 1.38526 1.15143 1.07035 2.32209 3.72122 1.25384 1.44013
threshold=1.0000000180025095e-35 1.0000000180025095e-35 0.9775499999523164 1.0000000180025095e-35 1.0000000180025095e-35 32.500000000000007 0.75000000000000011 1.0000000180025095e-35 38.500000000000007 0.9694499969482423 3.6883435249328618 7.4721910953521737 0.90128409862518322 10.500000000000002
decision_type=2 2 2 2 2 2 2 2 2 2 2 2 2 2
left_child=-1 2 3 5 7 6 9 -4 -7 12 -11 -12 -2 -14
right_child=1 -3 4 -5 -6 8 -8 -9 -10 10 11 -13 13 -15
leaf_value=-0.043187119799192888 -0.050203482384244186 -0.025802569507545843 0.045088293799591839 0.03578524942136193 -0.0082069271308909137 0.035982239990082279 0.028709289672619216 -0.018528313979416757 -0.023922893344699627 0.021559097488653162 -0.1055992328169309 0.0026307437050971686 -0.015603090595439423 0.015365697009036693
leaf_weight=3.2749293372035018 0.90461725089700706 6.1516771400347343 7.0716242799535376 1.810342920012771 1.6291271499358115 1.9017594023607665 1.187288587912916 0.41716397553682316 0.3258693292737006 0.58653017226606552 0.89827492600306902 1.2841521399095652 11.492888355161993 4.4535649530589572
leaf_count=40 10 119 922 73 73 53 72 36 16 12 36 45 236 74
internal_value=-0.00414479 1.54553e-05 0.00529606 -0.00506607 0.0312417 -0.00963192 -0.0139493 0.0397793 0.0225222 -0.0177978 -0.0425166 -0.0611003 -0.0115818 -0.00655771
internal_weight=43.3898 40.1149 33.9632 24.8453 9.11792 23.0349 20.8073 7.48879 2.22763 19.62 2.76896 2.18243 16.8511 15.9465
internal_count=1817 1777 1658 627 1031 554 485 958 69 413 93 81 320 310
is_linear=0
shrinkage=0.05


Tree=65
num_leaves=15
num_cat=0
split_feature=9 14 37 34 14 11 11 14 14 12 4 14 4 4
split_gain=2.09503 2.76673 2.34906 2.77528 1.45531 1.41753 2.33455 1.46607 1.32183 1.12751 1.13321 0.856715 0.836206 0.735849
threshold=4.0992836952209482 0.92699933052062999 1.0000000180025095e-35 1.0000000180025095e-35 0.930240958929062 16.000000000000004 38.500000000000007 0.95092076063156139 0.98270678520202648 13.500000000000002 0.99814999103546154 0.92844375967979442 0.99994999170303356 0.86840000748634349
decision_type=2 2 2 2 2 2 2 2 2 2 2 2 2 2
left_child=1 -1 3 12 -3 7 -7 -6 11 -4 -11 -5 -2 -9
right_child=2 4 9 8 5 6 -8 13 -10 10 -12 -13 -14 -15
leaf_value=0.034238046693403863 0.034353818505711557 -0.051767785500492026 -0.041729321756902332 0.0058372152366612156 0.0018893120112440165 0.019100235200064153 -0.051040754468515206 -0.011845363792730251 0.021105061766478098 -0.02529886531390016 0.023083162258833244 -0.050619210102304725 -0.0096980615917731661 -0.041231272910588646
leaf_weight=1.9634891115129018 10.004445204511285 1.8499232940375829 1.7307939939200867 0.67256456613540638 5.1110966047272113 5.6019986094906917 0.46030886936932791 4.7710427530109865 0.71069228975102294 1.1643712595105171 1.7544014817103744 1.3886252380907533 0.76845022523775774 5.6397111751139164
leaf_count=22 1147 12 15 11 63 141 17 41 68 15 67 32 53 116
internal_value=-0.00323742 -0.0123149 0.00941534 0.0196532 -0.0174571 -0.0123544 0.00730136 -0.0200085 -0.0198954 -0.0186085 0.00225177 -0.0363085 0.0306547 -0.0299826
internal_weight=43.5919 25.3976 18.1943 13.5448 23.4341 21.5842 6.06231 15.5219 2.77188 4.64957 2.91877 2.06119 10.7729 10.4108
internal_count=1820 412 1408 1311 390 378 158 220 111 97 82 43 1200 157
is_linear=0
shrinkage=0.05


Tree=66
num_leaves=15
num_cat=0
split_feature=7 14 14 5 4 17 9 9 19 14 14 12 12 4
split_gain=2.56487 1.8979 3.62454 3.10311 1.87678 1.84933 1.43559 1.26907 1.67499 1.20618 0.795145 0.692494 1.61432 1.08531
threshold=1.0000000180025095e-35 0.930240958929062 0.98085978627204906 0.75000000000000011 0.97060000896453869 1.0000000180025095e-35 3.7738654613494877 2.0832773447036748 1.0000000180025095e-35 0.9275864064693452 0.90128409862518322 8.0000000000000018 13.500000000000002 0.97154998779296886
decision_type=2 2 2 2 2 2 2 2 2 2 2 2 2 2
left_child=-1 4 5 -4 9 6 7 -3 -9 10 -2 13 -13 -5
right_child=1 2 3 11 -6 -7 -8 8 -10 -11 -12 12 -14 -15
leaf_value=-0.042375871995389253 -0.035468877052717833 0.018849362279310621 -0.039497200349005057 -0.02067000278073242 0.019823801917282946 -0.026860400764368821 0.036940825006166973 -0.032601945514485899 0.024780798274955638 -0.060697644986022828 2.588972820737022e-05 -0.035362583490242509 0.026209584786312926 0.035987827749492572
leaf_weight=3.1394789181649676 1.6902004340663532 8.6407191972248309 5.9361308971419913 0.41042967000976238 1.5972630241885779 1.3980697169899929 7.4030687324702731 2.5022959266789249 1.1098560253158214 1.538948426954448 3.812308294698596 1.2765695340931416 1.0467818202450871 2.3052070415578783
leaf_count=42 22 79 210 43 39 26 863 38 57 17 46 14 55 307
internal_value=-0.00487701 -0.00103465 0.00468685 -0.0176219 -0.0205333 0.0165878 0.0208289 0.00904134 -0.0134206 -0.0310145 -0.0146549 0.0104212 -0.00808223 0.0241664
internal_weight=43.8073 40.6678 32.0291 10.9751 8.63872 21.054 19.6559 12.2529 3.61215 7.04146 5.50251 5.03899 2.32335 2.71564
internal_count=1858 1816 1692 629 124 1063 1037 174 95 85 68 419 69 350
is_linear=0
shrinkage=0.05


Tree=67
num_leaves=15
num_cat=0
split_feature=9 12 4 7 14 9 9 11 4 14 14 7 8 12
split_gain=2.56615 2.70576 2.299 2.22077 1.1615 2.31475 1.92552 1.50163 0.993222 0.90376 1.71268 1.24512 0.873726 0.774374
threshold=2.9083033800125127 8.0000000000000018 0.97705000638961803 1.0000000180025095e-35 0.95533749461174022 10.646895885467531 6.9686055183410653 12.500000000000002 0.97394999861717235 0.930240958929062 0.97645366191864025 1.0000000180025095e-35 0.75000000000000011 13.500000000000002
decision_type=2 2 2 2 2 2 2 2 2 2 2 2 2 2
left_child=9 2 4 -4 5 8 7 12 -2 -1 11 -11 -6 -3
right_child=1 13 3 -5 6 -7 -8 -9 -10 10 -12 -13 -14 -15
leaf_value=-0.040360042486112302 0.031053003482625269 -0.041966200549124442 -0.025544495627248694 0.041499574827724393 -0.054964190442254979 -0.044469975830784374 0.025611018958378386 0.018058650246274639 -0.020554472634706552 -0.031124650581656078 -0.031366349645123998 0.0094395552416674522 0.01071092978463197 -0.0052745590742505032
leaf_weight=3.2204868905246284 4.8180857030674868 1.9833206757903088 0.76504081115127043 7.1862125066108948 2.543157439213247 0.55756559967994679 1.0199878574348984 0.54869900038465846 0.39586642617359746 1.3863288387656201 5.9605062543414524 8.1446433202363533 0.25230515329167236 3.430286405608058
leaf_count=21 166 21 7 989 90 17 116 54 14 23 118 92 17 92
internal_value=-0.00577299 0.00518975 0.0144454 0.0329158 -0.00169898 0.0122148 -0.0189465 -0.0353039 0.0244575 -0.019106 -0.0125082 0.00114403 -0.0477764 -0.0231643
internal_weight=42.2125 23.5005 18.0869 7.95125 10.1357 5.77152 4.36415 3.34416 5.21395 18.712 15.4915 9.53097 2.79546 5.41361
internal_count=1837 1583 1470 996 474 197 277 161 180 254 233 115 107 113
is_linear=0
shrinkage=0.05


Tree=68
num_leaves=15
num_cat=0
split_feature=7 14 37 11 3 14 17 14 5 14 12 3 2 11
split_gain=2.59416 2.62777 1.97459 2.18908 2.49378 2.59827 1.83388 1.45832 2.72099 3.07023 1.40136 2.04924 1.12576 1.00951
threshold=1.0000000180025095e-35 0.930240958929062 1.0000000180025095e-35 40.500000000000007 0.32999999821186071 0.97876101732254039 1.0000000180025095e-35 0.92699933052062999 1.0000000180025095e-35 0.88813546299934398 13.500000000000002 0.96149998903274547 1.0000000180025095e-35 7.5000000000000009
decision_type=2 2 2 2 2 2 2 2 2 2 2 2 2 2
left_child=-1 7 3 4 5 -3 12 8 -2 -10 -4 -12 13 -6
right_child=1 2 10 -5 6 -7 -8 -9 9 -11 11 -13 -14 -15
leaf_value=-0.041842640255588273 -0.04265792255229317 -0.045692124280376556 -0.043363332468126778 -0.048800033706581362 0.015424212337796787 0.017074873842965389 -0.021615221384119677 -0.051054378868668121 -0.044675805421893165 0.041141611642979366 -0.030820823187025427 0.035021409831287591 -0.0071589966095360535 0.040897848691289575
leaf_weight=3.1637515611946574 1.9996916987001885 2.3461686223745408 2.1585933752357951 0.48931124433874984 9.7706081168726175 2.4751668870449066 1.5584332151338447 2.3404881032183766 0.53490799758583341 2.7034884095191956 1.2889407798647881 1.4563863445073366 2.0340694282203904 8.7473345301114005
leaf_count=46 18 13 23 27 431 15 32 28 7 65 17 70 16 1042
internal_value=-0.00428676 -0.000358985 0.00600237 0.0113126 0.0141128 -0.0160711 0.0211052 -0.025029 -0.00708012 0.0197703 -0.0205775 0.0041329 0.0251973 0.0289361
internal_weight=43.0673 39.9036 32.325 27.4211 26.9318 4.82134 22.1104 7.57858 5.23809 3.2384 4.90392 2.74533 20.552 18.5179
internal_count=1850 1804 1686 1576 1549 28 1521 118 90 72 110 87 1489 1473
is_linear=0
shrinkage=0.05


Tree=69
num_leaves=15
num_cat=0
split_feature=7 16 4 1 3 3 12 9 11 3 3 14 9 35
split_gain=2.5854 2.13436 2.72512 1.92868 1.90906 1.40924 1.17936 2.25566 1.3426 1.13018 2.09079 1.19169 1.09865 0.778712
threshold=1.0000000180025095e-35 1.0000000180025095e-35 0.96674999594688427 1.0000000180025095e-35 0.91749998927116405 0.99849998950958263 1.0000000180025095e-35 2.9083033800125127 40.500000000000007 0.75499999523162853 0.32999999821186071 0.97876101732254039 12.342508792877199 1.0000000180025095e-35
decision_type=2 2 2 2 2 2 2 2 2 2 2 2 2 2
left_child=-1 6 4 -4 -3 -6 7 9 -9 10 11 -2 -7 -8
right_child=1 2 3 -5 5 12 13 8 -10 -11 -12 -13 -14 -15
leaf_value=-0.041582239385030667 -0.036563848446450761 0.032406314865276488 -0.033261878578849352 0.044780670725544494 -0.046200341999665377 0.027880590478414291 -0.017540684617227961 0.040244445415314176 -0.022388466154163376 -0.034916742588662578 0.037200666271792533 0.0092875487199740488 -0.032239782731154847 0.020851592451751708
leaf_weight=3.0801180861890307 2.1470301076769847 1.0022185682319085 0.17184777557849695 5.8484577089548129 2.0660634217783809 1.179485781118274 16.149654984939847 3.7039219504222274 0.3737953514792024 2.1146403113380075 1.7241339161992071 1.9864197075366972 0.20582374278455962 0.60358265787362952
leaf_count=46 12 17 1 707 41 103 257 488 31 44 20 12 14 7
internal_value=-0.0036998 0.000229597 0.0185484 0.0381323 -0.0100629 -0.0269048 -0.00683063 0.0048893 0.0312246 -0.0105598 0.00204279 -0.0170121 0.00917695 -0.0150609
internal_weight=42.3572 39.2771 10.4739 6.02031 4.45359 3.45137 28.8032 12.0499 4.07772 7.97222 5.85758 4.13345 1.38531 16.7532
internal_count=1800 1754 883 708 175 158 871 607 519 88 44 24 117 264
is_linear=0
shrinkage=0.05


Tree=70
num_leaves=15
num_cat=0
split_feature=7 4 16 24 4 34 4 9 9 4 12 9 12 5
split_gain=2.02951 1.29276 2.74504 1.75588 1.67291 1.09662 1.01333 1.63383 1.3637 0.700135 0.63803 1.43568 1.41725 0.792911
threshold=1.0000000180025095e-35 0.9775499999523164 1.0000000180025095e-35 1.0000000180025095e-35 0.99285000562667858 1.0000000180025095e-35 0.9694499969482423 9.1400704383850115 3.6883435249328618 0.95274999737739574 8.0000000000000018 1.5551638007164004 13.500000000000002 0.75000000000000011
decision_type=2 2 2 2 2 2 2 2 2 2 2 2 2 2
left_child=-1 3 4 6 -3 10 9 8 -8 -2 11 -6 -12 -14
right_child=1 2 -4 -5 5 -7 7 -9 -10 -11 12 -13 13 -15
leaf_value=-0.040443465258886285 -0.011391710745184988 0.03194512933065962 0.040852776221898417 0.032496751143931163 -0.028172423778293088 -0.047333505664070297 0.01051188630674469 0.018563278967411525 -0.065735022915435315 0.010746162686116313 -0.040005710645488114 0.032226260508574536 -0.014126714367804709 0.028427352424011312
leaf_weight=2.8441523388028136 19.194469546433549 1.4286358391400407 3.8021314966026685 1.4628729098476458 0.6121240854263309 1.0416195429861543 0.43318152148276556 0.53950538812205184 1.7181150037795303 3.5095929447561494 1.7752624116837976 1.7739573416765777 1.2718428522348404 1.2473479472100735
leaf_count=45 300 106 589 72 3 9 19 34 65 164 19 314 14 69
internal_value=-0.00573102 -0.00232085 0.0101677 -0.00849261 -0.00535042 -0.0151217 -0.0119955 -0.036586 -0.0519183 -0.00766066 -0.00459044 0.0129875 -0.0149654 0.00903403
internal_weight=42.6548 39.8107 12.9529 26.8577 9.15079 7.72215 25.3949 2.6908 2.1513 22.7041 6.68053 2.38608 4.29445 2.51919
internal_count=1822 1777 1123 654 534 428 582 118 84 464 419 317 102 83
is_linear=0
shrinkage=0.05


Tree=71
num_leaves=15
num_cat=0
split_feature=7 15 9 11 13 35 3 16 4 9 11 9 11 3
split_gain=2.10651 1.99508 3.82149 2.50962 2.35661 1.63701 1.55913 1.49813 1.56621 1.47365 1.8301 2.2745 1.69716 2.48004
threshold=1.0000000180025095e-35 1.0000000180025095e-35 4.0992836952209482 5.5000000000000009 0.75000000000000011 1.0000000180025095e-35 0.38750000298023229 1.0000000180025095e-35 0.96715000271797191 5.6884701251983651 31.000000000000004 9.0992007255554217 40.500000000000007 0.95049998164176952
decision_type=2 2 2 2 2 2 2 2 2 2 2 2 2 2
left_child=-1 5 3 -3 -5 9 -6 -8 -9 12 11 -11 13 -2
right_child=1 2 -4 4 6 -7 7 8 -10 10 -12 -13 -14 -15
leaf_value=-0.041988546429980685 -0.012516865003402567 -0.037241046540072049 0.041670222365451925 -0.032020266042574477 -0.024733683741932411 0.028147647573146507 0.038937126898954795 -0.030168450831085186 0.029052562798016292 -0.063936500058404566 0.021839847225085789 -0.011669650624898671 -0.056629996434303345 0.038849067366504647
leaf_weight=3.2142297439277163 7.1507958872243798 3.6526030618697432 4.6676047919318071 2.1514164572581622 1.0301284939050672 1.1377026299014676 5.2215776764787734 1.5210671559907498 1.0210691969841716 3.7466318609658593 0.76470617973245758 4.6977623905986547 0.37906106887385327 2.3061847710050642
leaf_count=49 76 32 792 27 5 117 99 23 22 123 114 184 9 198
internal_value=-0.00831825 -0.00460455 0.00674506 -0.00637771 0.00617728 -0.0152453 0.0178376 0.0256639 -0.0048952 -0.0191123 -0.0324645 -0.0391739 -0.00476894 0.00252652
internal_weight=42.6625 39.4483 19.2655 14.5979 10.9453 20.1828 8.79384 7.76371 2.54214 19.0451 9.2091 8.44439 9.83604 9.45698
internal_count=1870 1821 1000 208 176 821 149 144 45 704 421 307 283 274
is_linear=0
shrinkage=0.05


Tree=72
num_leaves=15
num_cat=0
split_feature=7 15 3 16 3 12 3 31 4 4 8 23 4 3
split_gain=2.73543 2.04836 2.22423 1.21066 1.73486 3.09721 1.76472 1.73287 1.68194 1.63019 1.10001 1.32282 1.46479 1.53125
threshold=1.0000000180025095e-35 1.0000000180025095e-35 0.28950001299381262 1.0000000180025095e-35 0.92050001025199901 13.500000000000002 0.96149998903274547 1.0000000180025095e-35 0.97424998879432689 0.97124999761581432 1.0000000180025095e-35 1.0000000180025095e-35 0.96674999594688427 0.91749998927116405
decision_type=2 2 2 2 2 2 2 2 2 2 2 2 2 2
left_child=-1 3 -3 4 -2 7 -7 -6 9 -5 -4 -12 13 -13
right_child=1 2 10 8 5 6 -8 -9 -10 -11 11 12 -14 -15
leaf_value=-0.041403149053512854 0.0010093781043868453 -0.039918130744103275 -0.031925539217238542 0.011755206608343793 -0.060402052157371558 -0.028786032172952156 0.031355871582756482 0.015701702827126126 0.035447355225695698 -0.057882807465315156 0.028748832075743105 0.012633743824114509 0.031457011642842952 -0.041937659500359707
leaf_weight=3.0678565502166739 8.6580988727510029 0.86359579861164348 0.18435089290142315 1.4897296880371858 4.3853149698115876 1.1110284551978111 1.9682215079665184 0.45220305235125113 2.3330889276694506 0.38026836980134238 12.244739099638538 1.7461442523635917 1.2568748665507881 1.7487985836341975
leaf_count=48 135 4 1 70 115 15 71 70 346 17 869 14 58 40
internal_value=-0.00238634 0.00165915 0.0135986 -0.00885793 -0.0148183 -0.0303001 0.00791887 -0.0518169 0.0129774 -0.0176399 0.0183363 0.0206251 -0.00166722 -0.0179277
internal_weight=41.8903 38.8225 18.0445 20.778 16.5749 7.91677 3.07925 4.83752 4.20309 1.87 17.1809 16.9966 4.75182 3.49494
internal_count=1873 1825 986 839 406 271 86 185 433 87 982 981 112 54
is_linear=0
shrinkage=0.05


Tree=73
num_leaves=15
num_cat=0
split_feature=7 11 14 9 24 14 11 5 14 12 12 4 5 9
split_gain=2.17974 1.24279 1.60864 1.91917 1.67455 1.60497 2.05746 1.64453 1.21229 1.23796 1.51545 1.13376 1.22341 1.12538
threshold=1.0000000180025095e-35 40.500000000000007 0.95720818638801586 8.9802742004394549 1.0000000180025095e-35 0.97645366191864025 7.5000000000000009 0.75000000000000011 0.9766443967819215 8.0000000000000018 13.500000000000002 0.9694499969482423 1.0000000180025095e-35 3.3852339982986455
decision_type=2 2 2 2 2 2 2 2 2 2 2 2 2 2
left_child=-1 2 3 4 11 -4 7 -7 -8 -10 -11 12 -2 -14
right_child=1 -3 5 -5 -6 6 8 -9 9 10 -12 -13 13 -15
leaf_value=-0.040465499731211128 -0.025041886985502793 -0.044817093564896868 0.027894024591366029 0.031818591798648217 0.028995075247824034 -0.069922398673867625 -0.034524120200851147 0.015596057697101651 0.021651041715963257 -0.03704523353042366 0.014500401531731204 -0.045081533639598208 -0.0094771896347646285 0.031741496359870718
leaf_weight=2.8303127251565448 6.4311905279755575 0.54723945213481684 6.966282548382881 1.4821755201555777 1.0314534772187478 0.69549213862046488 0.63812960381619532 0.38577337912283838 8.185682980110867 1.6189760230481618 2.2868565991520882 2.7764297716785231 3.8710502828471363 1.5429808353073893
leaf_count=46 53 32 589 67 28 5 20 44 599 20 75 121 41 109
internal_value=-0.0044929 -0.000887215 0.000882327 -0.0101406 -0.0157858 0.0100213 -0.000268416 -0.0465776 0.0067711 0.0114211 -0.0100615 -0.0205986 -0.0117971 0.00538728
internal_weight=41.29 38.4597 37.9125 17.1353 15.6531 20.7772 13.8109 1.08127 12.7296 12.0915 3.90583 14.6217 11.8452 5.41403
internal_count=1849 1803 1771 419 352 1352 763 49 714 694 95 324 203 150
is_linear=0
shrinkage=0.05


Tree=74
num_leaves=15
num_cat=0
split_feature=7 11 37 4 4 14 9 8 11 34 9 14 13 11
split_gain=1.88953 1.38801 1.25428 1.63925 2.74213 1.57209 1.46532 1.43457 1.38946 1.38889 1.14726 1.03958 1.30128 1.15285
threshold=1.0000000180025095e-35 40.500000000000007 1.0000000180025095e-35 0.97154998779296886 0.9694499969482423 0.90128409862518322 1.5551638007164004 1.0000000180025095e-35 6.5000000000000009 1.0000000180025095e-35 3.9558867216110234 0.97183942794799816 0.75000000000000011 36.500000000000007
decision_type=2 2 2 2 2 2 2 2 2 2 2 2 2 2
left_child=-1 2 3 4 5 -2 -5 -8 -7 -9 -6 12 -10 -14
right_child=1 -3 -4 6 10 8 7 9 11 -11 -12 -13 13 -15
leaf_value=-0.037533860769741891 -0.035876878431125671 -0.044341840449858713 -0.016285713037325813 -0.023723728712716566 0.010010852074131174 -0.0048938669678431886 -0.028692880684568059 0.044632908730101672 -0.011585556909847094 -0.0037090422489415987 -0.076111434171920039 0.0026773578407486855 0.048137262103783295 -0.011301849734619188
leaf_weight=2.2537253387272349 1.1825214987620771 0.55242234375327726 5.536625866778194 0.67884592199697991 0.23743535485118528 9.8984004328958708 0.22824865253641924 6.437855426222086 0.98817711137235864 1.6749372356571255 0.55701069114729762 5.4354401021264493 4.6709645497612566 0.56252153683453787
leaf_count=39 14 28 121 9 11 162 8 1030 29 86 18 114 180 12
internal_value=-0.000923003 0.00210526 0.00389605 0.00771172 0.000479578 0.00496603 0.0246491 0.0307043 0.00869791 0.0353406 -0.0591372 0.0197139 0.0321659 0.0409603
internal_weight=40.8951 38.6414 38.089 32.5524 23.5325 22.738 9.01989 8.34104 21.5555 8.11279 0.794446 11.6571 6.22166 5.23349
internal_count=1861 1822 1794 1673 540 511 1133 1124 497 1116 29 335 221 192
is_linear=0
shrinkage=0.05


Tree=75
num_leaves=15
num_cat=0
split_feature=7 15 11 16 12 11 9 9 9 14 9 9 14 5
split_gain=2.12668 2.67178 3.09466 2.12591 2.13652 1.57983 1.52361 0.866047 0.754301 0.711843 0.826024 1.52211 0.714788 0.680348
threshold=1.0000000180025095e-35 1.0000000180025095e-35 6.5000000000000009 1.0000000180025095e-35 2.5000000000000004 10.500000000000002 4.0992836952209482 7.4287495613098153 3.8881945610046391 0.98690772056579601 2.8171484470367436 4.5105085372924814 0.98852682113647472 1.0000000180025095e-35
decision_type=2 2 2 2 2 2 2 2 2 2 2 2 2 2
left_child=-1 3 6 5 7 -2 8 -5 -3 10 -7 -12 -11 -13
right_child=1 2 -4 4 -6 9 -8 -9 -10 12 11 13 -14 -15
leaf_value=-0.039266031750867791 -0.058262279248586707 -0.0037476106005032775 0.038759981955050898 -0.048613535137913354 0.037544479499760391 0.011967999456340458 0.031684243321131039 0.013522769282558267 -0.038496879199904063 -0.045523889216200139 -0.045414536836554831 -0.010895027080715656 -0.0066657350316519405 0.025492540868172486
leaf_weight=2.6055786050856105 1.4152306225150848 8.3720936095342058 6.7036129136104128 0.5067642568610603 2.7805022406391799 4.0014013666659576 1.6511197295039881 0.34258057409897447 1.0026442855596531 1.6708354190923262 1.5024443219881503 2.1917170025408272 2.870571500621736 1.1899189620744435
leaf_count=46 15 68 665 31 365 38 227 19 8 39 27 25 114 121
internal_value=-0.00264283 0.000977749 0.0144357 -0.0120172 0.0187573 -0.0202524 -0.00234659 -0.0297909 -0.0108165 -0.0124854 -0.00331171 -0.0157365 -0.0265974 0.00480477
internal_weight=38.807 36.2014 17.7295 18.472 3.62985 14.8421 11.0259 0.849345 9.37474 13.4269 8.88548 4.88408 4.54141 3.38164
internal_count=1808 1762 968 794 415 379 303 50 76 364 211 173 153 146
is_linear=0
shrinkage=0.05


Tree=76
num_leaves=15
num_cat=0
split_feature=7 5 9 14 14 14 14 34 14 14 4 14 3 11
split_gain=1.79744 1.15625 1.71584 1.65495 1.43107 1.95014 1.46212 1.26349 1.37918 1.16828 1.50192 1.30442 0.992455 0.821411
threshold=1.0000000180025095e-35 1.0000000180025095e-35 4.0992836952209482 0.94521561264991771 0.98733773827552807 0.98085978627204906 0.9766443967819215 1.0000000180025095e-35 0.94433107972145092 0.95251977443695079 0.97714999318122875 0.90128409862518322 0.55500000715255748 4.5000000000000009
decision_type=2 2 2 2 2 2 2 2 2 2 2 2 2 2
left_child=-1 12 4 7 5 6 9 8 -4 11 -11 -3 -2 -13
right_child=1 2 3 -5 -6 -7 -8 -9 -10 10 -12 13 -14 -15
leaf_value=-0.039176590496268829 0.0080261033574825415 -0.03088557662671015 0.031227075483012064 0.029786931496328991 0.029952551629516405 -0.047538794507870713 0.034367859221152777 -0.03898784343079368 -0.036109849238950088 -0.035881545721514217 0.022639076550600535 -0.014286669875067201 -0.021776758274781375 0.030414501124917028
leaf_weight=2.6360183991491786 3.2430842183530322 0.72743813693523574 1.5254511665552835 7.5553789087571204 1.3012125333771098 2.1399558419361702 1.2484750314615656 1.0680523458868265 0.15272685233503591 4.0979676553979516 0.6640021102502941 0.7251351531594995 9.2286544609814865 2.929273767862469
leaf_count=48 33 5 120 1186 60 51 19 16 9 63 28 5 86 64
internal_value=-0.00562839 -0.00223511 0.00416295 0.0187095 -0.00720069 -0.0129866 -0.00232338 -0.0115826 0.0139041 -0.0102273 -0.0252087 0.00771251 -0.0140065 0.0203808
internal_weight=39.2428 36.6068 24.1351 10.3016 13.8335 12.5322 10.3923 2.74623 1.67818 9.14382 4.76197 4.38185 12.4717 3.65441
internal_count=1793 1745 1626 1331 295 235 184 145 129 165 91 74 119 69
is_linear=0
shrinkage=0.05


Tree=77
num_leaves=15
num_cat=0
split_feature=11 3 9 4 37 15 12 9 3 11 9 5 4 11
split_gain=1.08545 1.22289 2.34687 3.44947 1.74755 1.69919 2.5626 1.26145 1.63594 1.0467 0.998747 0.80063 0.753702 0.73282
threshold=40.500000000000007 0.95649999380111705 5.9426732063293466 0.97424998879432689 1.0000000180025095e-35 1.0000000180025095e-35 2.5000000000000004 4.0992836952209482 0.91749998927116405 48.500000000000007 3.174047708511353 1.0000000180025095e-35 0.95250001549720775 3.5000000000000004
decision_type=2 2 2 2 2 2 2 2 2 2 2 2 2 2
left_child=1 4 -3 5 7 6 -4 8 13 -2 -10 -5 -8 -1
right_child=9 2 3 11 -6 -7 12 -9 10 -11 -12 -13 -14 -15
leaf_value=-0.026783184542476121 -0.064778204759955299 0.036614921211143285 -0.10322824239905981 -0.020190088378858877 -0.039330444966527073 0.016459738102556399 -0.029187470971692032 0.024532512769897374 -0.053577786492606028 0.01159457172843068 -0.0025563075993377455 0.023977085031518543 0.018386094274926924 0.0046575855589274613
leaf_weight=1.1106142923235989 0.27648333460092445 4.5374208628199977 0.61149654584005508 0.45525594055652607 2.5959060303866854 0.47785187978297461 0.59838670725002863 2.8819364320952436 1.5885032038204365 0.29516328731551766 1.6911147041246293 4.7345119679812342 0.78406503517180681 14.2537480359897
leaf_count=10 2 500 12 3 44 81 12 205 17 29 33 687 41 136
internal_value=-0.00237318 -0.000596296 0.0117425 -0.00551432 -0.00705537 -0.0448983 -0.060189 -0.00158996 -0.0066712 -0.0430577 -0.0340137 0.0174668 -0.00581371 0.00088709
internal_weight=36.8925 36.3208 12.199 7.66157 24.1218 2.4718 1.99395 21.5259 18.644 0.571647 3.27962 5.18977 1.38245 15.3644
internal_count=1812 1781 1336 836 445 146 65 401 196 31 50 690 53 146
is_linear=0
shrinkage=0.05


Tree=78
num_leaves=15
num_cat=0
split_feature=24 4 11 7 34 12 3 12 11 11 3 9 7 4
split_gain=1.50897 1.56499 1.58177 1.04581 1.21873 1.05197 1.21682 1.74852 1.21226 1.45728 0.776979 0.788197 0.752614 0.738162
threshold=1.0000000180025095e-35 0.97705000638961803 32.500000000000007 1.0000000180025095e-35 1.0000000180025095e-35 8.0000000000000018 0.96149998903274547 13.500000000000002 3.5000000000000004 40.500000000000007 0.58100000023841869 2.9083033800125127 1.0000000180025095e-35 0.9694499969482423
decision_type=2 2 2 2 2 2 2 2 2 2 2 2 2 2
left_child=1 2 13 -3 5 8 -7 -8 -5 -10 -4 -12 -2 -1
right_child=12 3 10 4 -6 6 7 -9 9 -11 11 -13 -14 -15
leaf_value=-0.017507721266320306 -0.014758309641014912 -0.029449953552271105 0.032329226737881571 -0.021549179934496173 -0.02087618930112628 -0.030806974612260504 -0.027172994690000507 0.039215542880579476 0.042937523217618942 -0.022356560187790895 -0.030379798877221906 0.019079423019356646 0.035491931041331116 -0.045179123576401081
leaf_weight=18.94256263459102 0.38833019882440578 1.1126556731760473 1.32802265882492 0.42020890116691401 1.8966833688318736 1.3657736368477347 0.73761447519063961 1.5767057882621884 4.7458783565089107 0.36995830945670594 0.76793376635760047 0.58016547677107155 1.8345962581224731 2.6077813440933815
leaf_count=419 8 15 16 2 79 25 5 70 895 26 12 48 110 112
internal_value=-0.00848361 -0.0111263 -0.0182524 0.00330733 0.00874764 0.0162909 -0.00407077 0.0162419 0.0283783 0.0353322 0.0140644 -0.010034 0.0248581 -0.0227112
internal_weight=38.6749 36.4519 24.2265 12.2255 11.1128 9.21614 3.68009 2.31432 5.53605 5.11584 2.67612 1.3481 2.22293 21.5503
internal_count=1842 1724 607 1117 1102 1023 100 75 923 921 76 60 118 531
is_linear=0
shrinkage=0.05


Tree=79
num_leaves=15
num_cat=0
split_feature=8 7 3 11 12 33 35 11 5 3 9 4 11 1
split_gain=1.70599 1.34213 1.1916 1.33785 1.60425 2.15159 1.49099 1.33586 1.76959 2.87605 1.13926 1.0859 0.739544 0.634254
threshold=0.75000000000000011 1.0000000180025095e-35 0.32999999821186071 40.500000000000007 3.5000000000000004 1.0000000180025095e-35 1.0000000180025095e-35 7.5000000000000009 0.75000000000000011 0.55500000715255748 12.998105049133303 0.97785001993179332 48.500000000000007 1.0000000180025095e-35
decision_type=2 2 2 2 2 2 2 2 2 2 2 2 2 2
left_child=1 -1 -3 4 5 7 10 8 9 -4 -6 -7 -5 -9
right_child=-2 2 3 12 6 11 -8 13 -10 -11 -12 -13 -14 -15
leaf_value=-0.038509222541450505 0.032726626693691731 -0.026821219303253326 0.023764452861394003 -0.062986983260570464 -0.032422282412166777 -0.048712273666008277 0.025946759020985588 -0.011864176016799415 0.021650693661250872 -0.038794122143862159 0.010784502771668918 0.014798232079548038 0.0086305362721139107 0.034182194794752596
leaf_weight=2.4715137574821702 1.6776360149960954 4.5035242550075045 2.2099503800273066 0.29192574322223563 6.0460709766484779 1.2968687154352654 0.96271600085310627 0.34652124345303725 5.4758554978761822 3.5775643265806139 1.4169277949258683 0.41700499644502986 0.20459841238334775 6.321956178406241
leaf_count=46 205 26 26 2 157 19 111 2 402 45 85 81 23 611
internal_value=-0.00611731 -0.00879614 -0.00551053 -0.00135758 0.00106074 0.0088297 -0.0160686 0.0144313 0.00317261 -0.0149244 -0.023914 -0.0335006 -0.0474287 0.0305543
internal_weight=37.2206 35.543 33.0715 28.568 28.0714 19.6457 8.42571 17.9318 11.2634 5.78751 7.463 1.71387 0.496524 6.66848
internal_count=1841 1636 1590 1564 1539 1186 353 1086 473 71 242 100 25 613
is_linear=0
shrinkage=0.05


Tree=80
num_leaves=15
num_cat=0
split_feature=7 12 12 12 12 33 9 9 4 9 4 4 34 11
split_gain=1.51128 1.08929 1.27158 1.16793 1.2675 1.24565 2.93808 1.52549 1.2812 0.976148 0.958902 0.858771 0.806716 0.799423
threshold=1.0000000180025095e-35 8.0000000000000018 5.5000000000000009 4.5000000000000009 2.5000000000000004 1.0000000180025095e-35 4.0992836952209482 3.927794456481934 0.95250001549720775 2.9083033800125127 0.84700000286102306 0.99994999170303356 1.0000000180025095e-35 16.000000000000004
decision_type=2 2 2 2 2 2 2 2 2 2 2 2 2 2
left_child=-1 2 3 4 5 6 7 9 -7 10 13 -3 -6 -2
right_child=1 11 -4 -5 12 8 -8 -9 -10 -11 -12 -13 -14 -15
leaf_value=-0.037142052186334117 -0.009803827899694367 -0.030212357133262913 0.034281196243321065 -0.029177431210087302 0.038368496176359096 0.015543197151515876 0.03590649797449743 -0.050092757825799708 -0.057466060091614729 0.020345712806352237 -0.028482824862026752 0.013108484981799349 -0.011360531575497247 0.014622770018175836
leaf_weight=2.2800589166581622 7.8864778541028731 3.9538305904716244 1.7866648270282883 2.2925055325031272 2.4222432612441476 0.37971972674131282 3.9492067715618751 0.87451435253024001 0.82504785805940628 2.8282019938342264 3.1567110405303529 0.86446626484394062 0.57080090232193459 4.3775793090462685
leaf_count=48 60 61 201 102 259 4 762 15 44 87 55 58 13 33
internal_value=-0.00463262 -0.00163904 0.00198787 -0.00102161 0.00229368 -0.00192336 0.00144626 -0.00710083 -0.0378421 -0.00254527 -0.00772688 -0.0215229 0.0284147 -0.000639804
internal_weight=38.448 36.168 31.3497 29.563 27.2705 24.2775 23.0727 19.1235 1.20477 18.249 15.4208 4.8183 2.99304 12.2641
internal_count=1802 1754 1635 1434 1332 1060 1012 250 48 235 148 119 272 93
is_linear=0
shrinkage=0.05


Tree=81
num_leaves=15
num_cat=0
split_feature=7 24 16 11 11 15 3 11 12 14 3 3 3 14
split_gain=1.76446 1.37586 1.49132 1.58914 1.47836 1.71634 1.70345 0.94119 0.93368 0.964404 2.71986 0.914411 0.627916 0.474771
threshold=1.0000000180025095e-35 1.0000000180025095e-35 1.0000000180025095e-35 25.500000000000004 7.5000000000000009 1.0000000180025095e-35 0.38750000298023229 26.500000000000004 1.0000000180025095e-35 0.93243035674095165 0.55500000715255748 0.31700000166893011 0.97600001096725475 0.96904006600379955
decision_type=2 2 2 2 2 2 2 2 2 2 2 2 2 2
left_child=-1 2 4 13 8 11 -7 12 -2 -10 -11 -6 -5 -4
right_child=1 -3 3 7 5 6 -8 -9 9 10 -12 -13 -14 -15
leaf_value=-0.038059450908680015 -0.056470476692850047 0.034169084304709878 0.010247261667345466 0.0098378139655133593 0.012764571591735625 -0.024231731385601658 0.041531463978604341 0.017103625319567019 -0.04290882793775358 0.030235862834834887 -0.027877297660527628 -0.014490448601430167 -0.048366816058764112 0.037738086061633237
leaf_weight=2.4306754916906348 1.0338180065155045 1.6592171331867565 4.7513887679669988 0.22368545643985249 3.2069006562232998 0.59501112997531835 2.7945407961960882 0.48442709236405779 1.2141454033553598 2.4926083162426949 3.7749461834318936 11.744114032248033 0.98602732503786683 2.5975257200188935
leaf_count=49 6 108 340 4 20 3 336 52 9 26 38 362 51 438
internal_value=-0.00373345 -0.000582518 -0.00307118 0.0135486 -0.00895292 -0.000621786 0.0270968 -0.0217622 -0.0249453 -0.0144449 -0.0037854 -0.00821068 -0.0380228 0.0233204
internal_weight=39.989 37.5584 35.8991 9.04305 26.8561 18.3406 3.38955 1.69414 8.51552 7.4817 6.26755 14.951 1.20971 7.34891
internal_count=1842 1793 1685 885 800 721 339 107 79 73 64 382 55 778
is_linear=0
shrinkage=0.05


Tree=82
num_leaves=15
num_cat=0
split_feature=7 3 3 15 11 1 4 16 12 3 3 3 4 19
split_gain=1.24408 0.937953 1.57105 1.21479 2.47634 2.18572 1.24102 1.44019 1.5942 1.86325 1.62192 1.1817 0.818659 1.29867
threshold=1.0000000180025095e-35 0.27700001001358038 0.28300000727176672 1.0000000180025095e-35 6.5000000000000009 1.0000000180025095e-35 0.9775499999523164 1.0000000180025095e-35 13.500000000000002 0.96149998903274547 0.90599998831748974 0.55500000715255748 0.97005000710487377 1.0000000180025095e-35
decision_type=2 2 2 2 2 2 2 2 2 2 2 2 2 2
left_child=-1 -2 -3 6 11 -6 -4 8 10 -10 -8 -5 13 -13
right_child=1 2 3 4 5 -7 7 -9 9 -11 -12 12 -14 -15
leaf_value=-0.036901045964160904 -0.038608074807703299 0.037251649552347964 -0.026401741386739477 0.012761929143222633 -0.033401152299170053 0.035986761579111078 0.017556483878205763 0.031604683872663165 -0.025842114524154143 0.040094117651860273 -0.041645079249587331 -0.034214342396175726 0.010206730661701347 0.020733256927014845
leaf_weight=2.2230743598192921 0.89490584656596084 1.3534889668226231 8.5774694967549312 3.1676933541893977 0.54371382296085435 5.9722170119639468 0.94780153874307682 1.6676339830737559 0.91408172622323047 1.6927105290815234 3.2825184287503362 5.7363547119311988 1.293566378764808 0.59101800294592965
leaf_count=47 5 8 212 30 3 684 53 313 14 74 142 93 154 30
internal_value=-0.00702929 -0.0042843 -0.00239742 -0.00496663 0.00428584 0.0265231 -0.0140582 -0.000141152 -0.0109289 0.0162188 -0.0275603 -0.0102552 -0.0201931 -0.0269528
internal_weight=38.8582 36.6352 35.7403 34.3868 17.3046 6.51593 17.0822 8.50475 6.83711 2.60679 4.23032 10.7886 7.62094 6.32737
internal_count=1862 1815 1810 1802 994 687 808 596 283 88 195 307 277 123
is_linear=0
shrinkage=0.05


Tree=83
num_leaves=15
num_cat=0
split_feature=7 14 14 16 11 30 24 4 4 4 12 9 14 14
split_gain=1.71922 1.43234 2.65708 1.24536 1.27879 1.14077 0.963634 0.932859 0.904246 1.03966 1.21002 1.09805 0.806618 0.895787
threshold=1.0000000180025095e-35 0.98044103384017955 0.96175828576087963 1.0000000180025095e-35 7.5000000000000009 1.0000000180025095e-35 1.0000000180025095e-35 0.97154998779296886 0.97705000638961803 0.95205000042915355 1.5000000000000002 2.9083033800125127 0.930240958929062 0.94826391339302074
decision_type=2 2 2 2 2 2 2 2 2 2 2 2 2 2
left_child=-1 2 6 4 -3 -4 8 -5 9 11 -11 12 -2 -14
right_child=1 3 5 7 -6 -7 -8 -9 -10 10 -12 -13 13 -15
leaf_value=-0.036840697900467165 -0.028408820396735781 -0.064788886731954293 0.038137037751495524 -0.021987767293341114 -0.011747884466008374 -0.01582216735246279 0.029422358436749965 0.031290039193218731 0.020567298658576337 0.017553572209090654 -0.040981157705417909 0.019261701311143829 0.017067111516474522 -0.019113746637432302
leaf_weight=2.2091820873320094 3.0567096807062715 0.49940132535993687 6.2629771807696661 0.38169154943898398 7.9325285940431058 0.57527144090272475 1.1090861875563849 1.5512155536562202 1.7612322559580196 0.5172717878594989 3.1126926187425852 3.141865365440025 2.9029174712486565 2.0498614646494389
leaf_count=47 19 4 578 41 295 60 44 311 176 49 73 122 31 15
internal_value=-0.0018131 0.00137262 0.00791885 -0.0134305 -0.0214254 0.0321582 -0.00269219 0.0168595 -0.00639975 -0.0107126 -0.0306502 -0.0022343 -0.0118685 0.0013972
internal_weight=37.0639 34.8547 24.4899 10.3648 8.43193 6.83825 17.6516 1.93291 16.5426 14.7813 3.62996 11.1514 8.00949 4.95278
internal_count=1865 1818 1167 651 299 638 529 352 485 309 122 187 65 46
is_linear=0
shrinkage=0.05


Tree=84
num_leaves=15
num_cat=0
split_feature=8 2 7 14 14 14 3 12 9 5 14 30 3 3
split_gain=1.36674 1.22618 1.0553 1.23361 1.93448 1.43266 1.13943 1.66698 1.64542 1.05946 1.66391 0.863303 1.02753 1.47923
threshold=0.75000000000000011 1.0000000180025095e-35 1.0000000180025095e-35 0.930240958929062 0.9275864064693452 0.98085978627204906 0.31700000166893011 2.5000000000000004 6.9260485172271737 1.0000000180025095e-35 0.88813546299934398 1.0000000180025095e-35 0.52950000762939464 0.93149998784065258
decision_type=2 2 2 2 2 2 2 2 2 2 2 2 2 2
left_child=1 2 -1 4 9 11 -7 8 -8 -4 -11 12 -5 -14
right_child=-2 -3 3 5 -6 6 7 -9 -10 10 -12 -13 13 -15
leaf_value=-0.033032901743954131 0.032257072390448692 -0.033066339233166271 -0.025511180568905924 0.036792253045886708 -0.052485172354144786 0.020119631093798291 -0.055721529796028027 0.0030560429616496351 0.016964549961941966 -0.02861509985189406 0.031229905785707585 -0.01691569277615922 -0.011819425768120118 0.023722756875871099
leaf_weight=1.6090700272470702 1.5433173528872419 2.6884936373680821 1.5439879149198557 4.0134359374642381 1.5995585178025065 1.5955803021788577 2.4039293455425654 4.0689185147639364 0.50616392260417331 0.78043584618717465 2.7894839830696583 1.2044895063154406 4.5498654297552985 5.4003936564549804
leaf_count=36 217 25 17 48 18 10 145 292 102 7 54 105 99 670
internal_value=-0.00329931 -0.0057363 -0.0025141 9.71367e-05 -0.0173645 0.00553681 -0.0100691 -0.0186276 -0.0419736 0.000408535 0.0147482 0.014436 0.0180901 0.0078755
internal_weight=36.2971 34.7538 32.0653 30.4562 6.71347 23.7428 8.57459 6.97901 2.91009 5.11391 3.56992 15.1682 13.9637 9.95026
internal_count=1845 1628 1603 1567 96 1471 549 539 247 78 61 922 817 769
is_linear=0
shrinkage=0.05


Tree=85
num_leaves=15
num_cat=0
split_feature=7 15 3 9 4 35 9 31 12 3 3 16 12 3
split_gain=1.32239 1.47154 1.95509 1.04836 1.2203 0.936671 0.980251 1.22174 0.922006 1.27845 0.815244 0.782616 1.89453 0.768108
threshold=1.0000000180025095e-35 1.0000000180025095e-35 0.38750000298023229 4.0992836952209482 0.86840000748634349 1.0000000180025095e-35 2.8171484470367436 1.0000000180025095e-35 13.500000000000002 0.96149998903274547 0.80750000476837169 1.0000000180025095e-35 2.5000000000000004 0.28950001299381262
decision_type=2 2 2 2 2 2 2 2 2 2 2 2 2 2
left_child=-1 5 -3 4 -4 6 10 8 11 -10 13 -8 -13 -2
right_child=1 2 3 -5 -6 -7 7 -9 9 -11 -12 12 -14 -15
leaf_value=-0.035172138678402839 0.015246202775115467 -0.026694741096970922 0.022487796147996897 0.038523230800405615 -0.008292151350858562 0.024651694930316367 -0.044229424080351451 0.021875095694207175 -0.028383589178017761 0.024207929907518685 0.028547208298644561 -0.044742041540798201 0.018025832484573918 -0.021361853364855209
leaf_weight=1.9632122833281744 1.4831297770142615 2.1505674794316318 5.7393809249624592 3.2071774653159073 5.4057685774751008 0.8797472519800057 4.9202038724906707 0.7637928072363146 1.1316531635820866 1.5236343760043383 1.2570795260835437 1.0488370228558781 2.012226594844833 2.6010521538555622
leaf_count=46 10 11 56 766 130 116 115 118 20 66 80 46 200 28
internal_value=-0.00313199 -0.000339799 0.0100787 0.0169688 0.00810498 -0.0101143 -0.0132277 -0.020971 -0.0256631 0.000160862 0.00400022 -0.0333158 -0.00920233 -0.007684
internal_weight=36.0875 34.1243 16.5029 14.3523 11.1451 17.6214 16.7416 11.4003 10.6366 2.65529 5.34126 7.98127 3.06106 4.08418
internal_count=1808 1762 963 952 186 799 683 565 447 86 118 361 246 38
is_linear=0
shrinkage=0.05


Tree=86
num_leaves=15
num_cat=0
split_feature=7 11 12 14 3 4 9 3 2 14 12 3 12 11
split_gain=1.14929 0.858683 1.64354 1.4147 1.52228 2.13669 1.59263 0.930184 0.839912 1.10754 1.25402 1.53913 1.87742 0.965818
threshold=1.0000000180025095e-35 7.5000000000000009 1.0000000180025095e-35 0.930240958929062 0.55500000715255748 0.96674999594688427 4.2090020179748544 0.91749998927116405 1.0000000180025095e-35 0.88813546299934398 8.0000000000000018 0.96149998903274547 13.500000000000002 25.500000000000004
decision_type=2 2 2 2 2 2 2 2 2 2 2 2 2 2
left_child=-1 2 -2 -4 -5 6 7 -6 9 -3 13 -12 -13 -11
right_child=1 8 3 4 5 -7 -8 -9 -10 10 11 12 -14 -15
leaf_value=-0.035036272060818038 -0.051269886175855477 -0.030388171138720572 -0.039859298164163809 0.029822981059702793 -0.0085176778721694213 0.02834901732013766 0.022979196778645142 -0.052457989144964204 -0.019523394078248931 0.032307934888047736 -0.035495796152105741 -0.028421812797370057 0.038841934795910207 0.0059255664242748012
leaf_weight=1.9368681274354447 1.2562906965613354 0.84483738522977248 1.2820684984326352 2.73092098161578 2.7048905789852142 1.9143757384736089 0.81955724512226868 2.1595208523795009 2.4163750894367686 5.4414737250190255 2.0327744986861935 0.83255141600966465 1.5792312156409025 8.7661201488226634
leaf_count=46 26 10 11 35 12 260 100 24 23 759 42 6 70 442
internal_value=-0.00497036 -0.00236367 -0.012132 -0.00416784 0.00338942 -0.0084746 -0.0232627 -0.0336435 0.00365146 0.00733603 0.0105041 -0.0109381 0.0140976 0.01749
internal_weight=36.7179 34.781 12.8676 11.6113 10.3293 7.59834 5.68397 4.86441 21.9134 19.497 18.6522 4.44456 2.41178 14.2076
internal_count=1866 1820 468 442 431 396 136 36 1352 1329 1319 118 76 1201
is_linear=0
shrinkage=0.05


Tree=87
num_leaves=15
num_cat=0
split_feature=16 11 4 14 9 9 11 11 3 14 11 14 4 3
split_gain=1.67857 1.10598 1.54593 1.02583 1.01355 1.00776 0.952079 1.40126 1.80286 1.36435 1.03773 0.868864 1.03924 0.782704
threshold=1.0000000180025095e-35 10.500000000000002 0.95864999294281017 0.930240958929062 9.5458335876464862 3.992484569549561 40.500000000000007 32.500000000000007 0.85749998688697826 0.98690772056579601 48.500000000000007 0.96904006600379955 0.95724999904632579 0.52950000762939464
decision_type=2 2 2 2 2 2 2 2 2 2 2 2 2 2
left_child=1 2 3 -1 -4 11 7 8 -3 -10 -8 12 -2 -5
right_child=5 6 4 13 -6 -7 10 -9 9 -11 -12 -13 -14 -15
leaf_value=-0.033990955727170556 0.016218119133159448 -0.022295426704525785 -0.056293688214611337 0.01710143399728695 0.00400051013044891 0.028966238626248482 -0.058753802178402662 0.028990427969983881 0.026397755037480954 -0.016664711248068675 0.012904183390958654 0.023054291633267301 -0.030922090122859982 -0.011879581163637536
leaf_weight=1.6662297821603731 1.0644924924708887 6.1734329359605891 2.5052337518427517 3.4077836405485868 0.71254266053438176 4.4654739396646619 0.32984761893749315 3.0087302338797608 4.5007019157055765 1.9461178784258661 0.33891315851360559 1.2558599810581652 2.2016201107762754 3.9602637314237654
leaf_count=16 18 61 103 41 56 772 2 177 311 70 31 98 34 82
internal_value=-0.00332947 -0.00924242 -0.0199702 -0.00739208 -0.0451592 0.0144985 -0.000489427 0.00315053 -0.00468602 0.0129062 -0.0364678 -0.00244683 -0.0153579 0.00196624
internal_weight=37.5372 28.5498 12.2521 9.03428 3.21778 8.98745 16.2977 15.629 12.6203 6.44682 0.668761 4.52197 3.26611 7.36805
internal_count=1872 950 298 139 159 922 652 619 442 381 33 150 52 123
is_linear=0
shrinkage=0.05


Tree=88
num_leaves=15
num_cat=0
split_feature=9 37 8 12 11 11 3 11 24 9 25 35 3 11
split_gain=1.99164 1.42804 1.02379 0.841583 0.810798 1.28452 0.937233 0.592235 0.529374 0.588895 0.512596 0.558204 0.420774 0.403332
threshold=8.9802742004394549 1.0000000180025095e-35 0.75000000000000011 13.500000000000002 27.500000000000004 40.500000000000007 0.86550000309944164 32.500000000000007 1.0000000180025095e-35 0.87512877583503734 1.0000000180025095e-35 1.0000000180025095e-35 0.87349998950958263 4.5000000000000009
decision_type=2 2 2 2 2 2 2 2 2 2 2 2 2 2
left_child=2 -2 4 -3 8 6 7 -6 9 -1 11 -11 -4 -10
right_child=1 3 12 -5 5 -7 -8 -9 13 10 -12 -13 -14 -15
leaf_value=0.016441402553762627 0.037015054229716855 -0.030902981054279906 -0.0098615553756753096 0.015916260361719638 -0.01371895401069081 -0.040508395059673685 0.032683954466358328 0.016117543200985879 0.021636903012390799 -0.027156250663464707 -0.0027720392601369606 0.013217372715391222 0.029020842942305017 -0.01191102424692274
leaf_weight=0.34807204827667604 3.1639441705774507 1.0206441432237623 0.42198331654071708 0.96766125876456488 3.5253434255719176 0.59024107363075007 1.7025840810965744 1.6533374080900101 0.7606054947245855 15.679015793139119 3.1843676296994081 0.33428046153858382 1.2771247501950709 0.91409928211942315
leaf_count=3 460 10 2 63 19 24 198 35 35 621 83 47 188 70
internal_value=-0.00628801 0.0199931 -0.0112385 -0.010416 -0.013635 0.000542445 0.00875664 -0.00312651 -0.0184264 -0.0206728 -0.0221265 -0.0255861 0.0192883 0.00571845
internal_weight=35.5433 5.15225 30.3911 1.98831 28.6919 7.47151 6.88126 5.17868 21.2204 19.5457 19.1977 16.0133 1.69911 1.6747
internal_count=1858 533 1325 73 1135 276 252 54 859 754 751 668 190 105
is_linear=0
shrinkage=0.05


Tree=89
num_leaves=15
num_cat=0
split_feature=8 14 9 4 14 4 37 14 14 14 14 11 12 14
split_gain=0.773989 0.7448 1.59023 1.11841 1.36673 0.994073 0.98227 0.920397 0.762337 0.94813 0.922385 0.673261 0.633471 0.611256
threshold=0.75000000000000011 0.94521561264991771 6.1309759616851816 0.92969998717308056 0.9275864064693452 0.87620002031326305 1.0000000180025095e-35 0.95092076063156139 0.98761588335037243 0.99207726120948803 0.9806509017944337 32.500000000000007 13.500000000000002 0.97876101732254039
decision_type=2 2 2 2 2 2 2 2 2 2 2 2 2 2
left_child=1 3 7 5 -5 -1 -4 -3 10 -10 11 13 -8 -9
right_child=-2 2 6 4 -6 -7 12 8 9 -11 -12 -13 -14 -15
leaf_value=-0.013729765312304116 0.019748157369091399 0.013106575550993635 0.032835018465370736 -0.0087374494320521367 -0.061932652354161746 0.025283551383091143 -0.027061648031514438 -0.016707597324892198 0.025167524770235344 -0.027855671842662039 -0.037063160904529067 0.021845311048569568 0.014651229182378886 0.016507124229360428
leaf_weight=4.8515226207673532 1.7333070108434174 2.9451107303611996 3.2819614063482723 3.0300165312364697 1.5679943561553953 1.2761014043353496 0.84216366149485089 9.4098637893330288 1.71626897342503 0.28910390241071571 3.6426736407447597 0.67496839934028763 0.9067982854321599 0.78499861690215844
leaf_count=39 214 77 730 60 80 34 12 306 80 6 117 31 61 15
internal_value=-0.00632803 -0.00812115 -0.00302415 -0.0185105 -0.0347007 -0.00319771 0.0196791 -0.00956756 -0.0141277 0.0107983 -0.0180461 -0.00908761 -0.00797212 -0.012904
internal_weight=36.9529 35.2195 24.4939 10.7256 4.59801 6.12762 5.03092 19.463 16.5179 2.00537 14.5125 10.8698 1.74896 10.1949
internal_count=1862 1648 1435 213 140 73 803 632 555 86 469 352 73 321
is_linear=0
shrinkage=0.05


Tree=90
num_leaves=15
num_cat=0
split_feature=9 9 15 14 3 3 9 3 14 5 3 7 9 3
split_gain=1.1516 1.57166 1.55278 1.08433 1.76386 1.45969 0.990646 0.892022 0.777406 0.772674 1.0134 0.572963 0.521993 1.01149
threshold=4.0992836952209482 3.927794456481934 1.0000000180025095e-35 0.96671375632286083 0.95049998164176952 0.95449998974800121 2.0832773447036748 0.94850000739097606 0.91534283757209789 0.75000000000000011 0.70999997854232799 1.0000000180025095e-35 2.8171484470367436 0.93149998784065258
decision_type=2 2 2 2 2 2 2 2 2 2 2 2 2 2
left_child=1 6 3 5 -5 -2 9 -3 -7 10 -1 -4 -8 -14
right_child=2 7 11 4 -6 8 12 -9 -10 -11 -12 -13 13 -15
leaf_value=-0.0080747450248641311 0.015921663586047279 5.7075160096426491e-05 -0.010901783855336772 -0.024719839307345171 0.025417733959452238 0.0073035717630360181 0.029946688018736359 -0.061938352134093322 -0.046412824366611989 0.019278795382029937 -0.045163933139907658 0.038421412819532076 -0.014884641672211813 0.026986110300431493
leaf_weight=11.812011640518906 1.3382589085958878 0.80722903832793136 0.2447736747562862 1.6443816462997345 4.5709465593099594 0.54391559772193465 1.5101189999841143 1.0467013940215109 2.1897469898685813 1.0152631080709404 1.3569814544171102 3.1669461409328523 2.86922010127455 1.300581981660798
leaf_count=112 32 13 3 68 490 19 65 14 44 41 16 793 32 103
internal_value=-0.00260414 -0.00959838 0.00838302 -0.00206498 0.0105653 -0.0196257 -0.00438028 -0.0443831 -0.0366313 -0.0112651 -0.0148143 0.0332137 0.0119255 0.000868854
internal_weight=35.4171 21.7181 13.699 10.2872 6.21533 4.07192 19.8642 1.85393 2.73366 14.1843 13.169 3.41172 5.67992 4.1698
internal_count=1845 396 1449 653 558 95 369 27 63 169 128 796 200 135
is_linear=0
shrinkage=0.05


Tree=91
num_leaves=15
num_cat=0
split_feature=8 3 15 9 14 14 3 4 12 3 12 4 9 11
split_gain=1.40252 0.893622 0.920153 2.13758 0.798142 1.05215 0.707448 1.41139 1.52353 0.768843 1.12009 0.753425 0.619923 0.897575
threshold=0.75000000000000011 0.28300000727176672 1.0000000180025095e-35 3.992484569549561 0.930240958929062 0.95092076063156139 0.90599998831748974 0.97424998879432689 2.5000000000000004 0.96149998903274547 13.500000000000002 0.87620002031326305 8.7346062660217303 40.500000000000007
decision_type=2 2 2 2 2 2 2 2 2 2 2 2 2 2
left_child=1 -1 6 4 -4 -6 11 8 -8 -9 12 -3 13 -11
right_child=-2 2 3 -5 5 -7 7 9 -10 10 -12 -13 -14 -15
leaf_value=0.01916933028385602 0.032103704684255503 -0.016447099896908353 -0.031816089939747182 0.030501057758527933 0.01505108078908734 -0.013827904597037513 -0.075493691477384828 -0.032648262040491365 -0.0031001780478306859 0.02120557499278642 0.030974039445562374 0.015045769656969431 -0.026379765440384735 -0.030803888316804019
leaf_weight=2.1520429402589789 1.5070244519738469 3.3259525876492253 2.2259724549949196 3.2438502148725084 4.0460084890946728 7.4986802169587463 1.3040093476884052 1.5875744107179341 1.1919736305717377 1.7254635794088242 1.1265327828004954 2.409626571694389 2.1228420109255239 0.21961556840687979
leaf_count=13 219 33 15 705 71 131 31 28 61 228 65 85 148 9
internal_value=-0.00423059 -0.00669961 -0.00896557 -0.000819726 -0.0097632 -0.00331384 -0.0175694 -0.0254427 -0.0516975 -0.0103786 0.000599503 -0.00294688 -0.0122641 0.00686777
internal_weight=35.6872 34.1801 32.0281 17.0145 13.7707 11.5447 15.0136 9.27801 2.49598 6.78203 5.19445 5.73558 4.06792 1.94508
internal_count=1842 1623 1610 922 217 202 688 570 92 478 450 118 385 237
is_linear=0
shrinkage=0.05


Tree=92
num_leaves=15
num_cat=0
split_feature=7 37 9 3 9 9 3 3 12 9 3 3 9 4
split_gain=1.19388 1.02956 1.003 0.885257 0.885202 1.51894 0.969358 0.73866 0.856558 0.636325 0.851746 0.616132 0.618007 0.538517
threshold=1.0000000180025095e-35 1.0000000180025095e-35 3.992484569549561 0.97600001096725475 6.1117854118347177 8.8445467948913592 0.97849997878074657 0.96149998903274547 13.500000000000002 3.927794456481934 0.95049998164176952 0.91749998927116405 3.3852339982986455 0.97025001049041759
decision_type=2 2 2 2 2 2 2 2 2 2 2 2 2 2
left_child=-1 2 9 -4 -5 13 -7 -3 -9 10 11 -2 -13 -6
right_child=1 7 3 4 5 6 -8 8 -10 -11 -12 12 -14 -15
leaf_value=-0.032417768936078326 0.0031636340465143659 -0.034906666650430067 0.038422188494494559 0.030686384175683007 0.011376638114525786 -0.021559733422461171 0.033207757934138882 -0.024717704050821104 0.022102953649623128 -0.026007615855215261 0.030277635412612171 -0.033737883052352806 0.007079397122605087 -0.03459412065664063
leaf_weight=1.5770739428699005 14.011499551124887 1.8542080651968711 2.8087392991874349 1.4811157740186898 0.28496909164823625 0.34883305430412304 1.833333331393078 0.69310572370886836 1.3285239208489654 1.1554195443168271 1.435777109581976 1.5174495056271546 1.0045534293167291 2.188296468812041
leaf_count=40 120 38 338 296 42 3 374 6 64 15 184 15 19 268
internal_value=0.000367626 0.00292099 0.00640688 0.0192862 0.006371 -0.00542302 0.0204289 -0.0184611 0.00318291 -0.00027624 0.0026621 -0.00132612 -0.0200858 -0.0275469
internal_weight=33.5229 31.9458 28.07 8.94529 6.13655 4.65543 2.18217 3.87584 2.02163 19.1247 17.9693 16.5335 2.522 2.47327
internal_count=1822 1782 1674 1321 983 687 377 108 70 353 338 154 34 310
is_linear=0
shrinkage=0.05


Tree=93
num_leaves=15
num_cat=0
split_feature=3 7 37 12 3 33 3 14 36 2 11 34 14 14
split_gain=1.47397 1.25797 0.690044 1.00973 1.48491 0.802721 0.808686 1.80329 1.19342 1.03532 1.59652 0.894286 0.91799 0.866562
threshold=0.27700001001358038 1.0000000180025095e-35 1.0000000180025095e-35 13.500000000000002 0.96149998903274547 1.0000000180025095e-35 0.38750000298023229 0.98020115494728099 1.0000000180025095e-35 1.0000000180025095e-35 6.5000000000000009 1.0000000180025095e-35 0.930240958929062 0.95092076063156139
decision_type=2 2 2 2 2 2 2 2 2 2 2 2 2 2
left_child=-1 -2 5 -4 -5 6 7 -3 9 10 13 -12 -13 -8
right_child=1 2 3 4 -6 -7 8 -9 -10 -11 11 12 -14 -15
leaf_value=-0.049775271185851837 -0.034013459026368952 -0.030049919733344928 -0.036816563427884058 -0.027887564636224823 0.028479181110656837 -0.020301461464630775 0.019051155386449196 0.022407407985574987 -0.017628054091857689 -0.011204523112186128 0.041617100936154387 -0.024188746254363205 0.024976400808087891 -0.010478808862183268
leaf_weight=0.68143712356686492 1.787707682698964 3.1101730987429681 1.7577988822013129 1.1011001355946066 1.6583947921171782 2.1102120000869027 3.5145295639522462 1.8147547729313371 2.3809840450994662 2.5546587854623786 6.3937446486670506 0.84719675593078114 0.95637418329715729 4.5719237441662699
leaf_count=4 45 20 28 21 72 110 74 13 100 24 1006 14 100 221
internal_value=-0.00404054 -0.00176434 0.000949912 -0.0153007 0.0045523 0.00398224 0.00661797 -0.0102008 0.0108049 0.015106 0.0196432 0.0339108 0.0014916 0.00303968
internal_weight=35.241 34.5596 32.7718 4.51729 2.75949 28.2546 26.1443 4.92493 21.2194 18.8384 16.2838 8.19732 1.80357 8.08645
internal_count=1852 1848 1803 121 93 1682 1572 33 1539 1439 1415 1120 114 295
is_linear=0
shrinkage=0.05


Tree=94
num_leaves=15
num_cat=0
split_feature=14 7 14 34 4 4 4 4 11 14 12 11 11 14
split_gain=0.918005 0.904995 0.746006 1.40816 1.1338 0.897823 1.16844 0.814279 1.53204 0.945998 0.903964 0.800479 0.730711 0.664144
threshold=0.90128409862518322 1.0000000180025095e-35 0.98085978627204906 1.0000000180025095e-35 0.97705000638961803 0.97154998779296886 0.99895000457763683 0.97394999861717235 7.5000000000000009 0.97246921062469494 11.500000000000002 11.500000000000002 5.5000000000000009 0.982448309659958
decision_type=2 2 2 2 2 2 2 2 2 2 2 2 2 2
left_child=-1 -2 3 4 7 13 -7 8 9 12 -10 -9 -3 -4
right_child=1 2 5 -5 -6 6 -8 11 10 -11 -12 -13 -14 -15
leaf_value=-0.035805352690379197 -0.032586842660717229 0.0055162831494136024 0.012175324537437429 -0.03417438245601373 0.030879602653974981 0.020277278000360763 -0.019008052797638064 0.012514267556934459 0.02724805452437153 0.028607915483992594 -0.018158251638117743 -0.049568979074837788 -0.021332307578626045 -0.039322920857302684
leaf_weight=1.5355272479355324 1.607733504846691 3.347345825051903 0.27875386807136093 1.3153233907651145 3.0199988665990523 2.5511475235689431 3.054320887546055 0.30449976888485153 6.1275075329467645 0.66032100422307927 0.5810713656246661 0.42824588087387383 6.3329563667066395 2.5323116814251989
leaf_count=28 42 91 11 34 595 369 182 25 232 23 9 8 96 66
internal_value=-0.00672089 -0.00429296 -0.00181702 0.00307524 0.00689003 -0.0136344 -0.000765599 0.00138857 0.0044629 -0.00749071 0.0214697 -0.0314367 -0.0124011 -0.0323614
internal_weight=33.6771 32.1415 30.5338 22.1173 20.8019 8.41653 5.60547 17.7819 17.0492 10.3406 6.70858 0.732746 9.6803 2.81107
internal_count=1811 1783 1741 1113 1079 628 551 484 451 210 241 33 187 77
is_linear=0
shrinkage=0.05


Tree=95
num_leaves=15
num_cat=0
split_feature=16 9 3 11 3 3 11 11 3 11 4 4 15 9
split_gain=0.737834 1.68491 1.32569 1.32972 1.17845 1.17689 0.821346 1.17322 0.961825 0.817155 0.807666 1.08871 0.700802 0.649313
threshold=1.0000000180025095e-35 5.9624669551849374 0.90599998831748974 32.500000000000007 0.31700000166893011 0.55500000715255748 13.500000000000002 25.500000000000004 0.93149998784065258 4.5000000000000009 0.97705000638961803 0.96665000915527355 1.0000000180025095e-35 9.5119538307189959
decision_type=2 2 2 2 2 2 2 2 2 2 2 2 2 2
left_child=2 10 3 4 -1 -6 9 8 -8 -4 11 -2 -9 -11
right_child=1 -3 6 -5 5 -7 7 12 -10 13 -12 -13 -14 -15
leaf_value=-0.020371685616506645 0.0090524354323166627 0.03884954018713363 0.0086639016029326828 0.036933493169914046 0.029171207183718441 -0.0033834358590096834 -0.017894127898999412 -0.031935504321861319 0.031157509539947066 -0.044892950963351476 0.01863371957457231 -0.0379876102084327 0.012908727534204419 0.0038326681867392742
leaf_weight=3.7659266553819242 1.7720769003499293 3.0346973559353501 0.80510472948662748 2.0570078343152991 3.4950973484665138 6.7935899116564542 0.68682132288813624 2.1235109083354478 2.2076647718204185 3.0156379680847754 1.6117608373751862 1.5647606316488234 0.58294393506366748 0.64493752224370826
leaf_count=21 87 560 43 70 51 84 13 136 179 159 211 42 101 77
internal_value=0.00243913 0.0148139 -0.00174089 0.00704634 0.000509368 0.00927994 -0.0151707 -0.00144804 0.0179122 -0.028968 -0.0039788 -0.0166792 -0.0213997 -0.0373279
internal_weight=34.1615 7.9833 26.1782 16.1116 14.0546 10.2887 10.0666 5.60094 2.89449 4.46568 4.9486 3.33684 2.70645 3.66058
internal_count=1834 900 934 226 156 135 708 429 192 279 340 129 237 236
is_linear=0
shrinkage=0.05


Tree=96
num_leaves=15
num_cat=0
split_feature=7 28 11 9 36 9 15 4 11 3 3 3 11 11
split_gain=1.04247 0.689877 0.499337 1.01655 1.18519 0.732582 1.34826 1.3232 0.682457 0.803867 0.674957 0.5554 0.553991 1.16896
threshold=1.0000000180025095e-35 1.0000000180025095e-35 16.000000000000004 7.3861246109008798 1.0000000180025095e-35 4.0992836952209482 1.0000000180025095e-35 0.97060000896453869 36.500000000000007 0.92050001025199901 0.96149998903274547 0.95449998974800121 11.500000000000002 6.5000000000000009
decision_type=2 2 2 2 2 2 2 2 2 2 2 2 2 2
left_child=-1 2 5 4 -4 12 7 -7 -6 -10 -9 -5 13 -2
right_child=1 -3 3 11 8 6 -8 10 9 -11 -12 -13 -14 -15
leaf_value=-0.030917229541382815 -0.013778902170561328 0.031206579463053691 0.038730849632646988 0.014764301795792141 0.012714463205264577 -0.036371260973688486 0.034182771564650653 -0.014085050301093683 0.007352376442232713 -0.042577152322413631 0.01862623199419796 -0.027339840605876332 -0.031521925582063785 0.0241922545543173
leaf_weight=1.4580097701400507 7.6586956195533364 1.0141160857165221 2.7133144977269676 0.38262474222574305 4.0863877946976572 1.3904228447936455 2.0810379558242857 1.5616516545414922 1.1756931170821188 0.54884373582899559 3.4478296757442877 1.6425989656709135 1.7888112405780692 1.6765058471355585
leaf_count=46 67 108 314 36 62 54 540 32 15 28 269 126 30 90
internal_value=0.000482996 0.00286728 0.00094313 0.00923912 0.0166461 -0.0037527 0.00687073 -0.00542945 0.00216151 -0.018333 0.00778192 -0.0171342 -0.0117507 -0.00527872
internal_weight=32.6265 31.1685 30.1544 10.5495 8.52424 19.605 8.48094 6.3999 5.81092 1.72454 5.00948 2.02522 11.124 9.3352
internal_count=1817 1771 1663 581 419 1082 895 355 105 43 301 162 187 157
is_linear=0
shrinkage=0.05


Tree=97
num_leaves=15
num_cat=0
split_feature=4 14 14 7 12 11 14 4 14 14 14 12 16 1
split_gain=1.54069 1.96847 1.28367 1.12213 2.01213 1.02951 0.915565 0.784264 0.605388 1.26893 0.550468 0.538855 0.860205 0.902039
threshold=0.97154998779296886 0.982448309659958 0.930240958929062 1.0000000180025095e-35 3.5000000000000004 20.500000000000004 0.96757176518440258 0.88425001502037059 0.9275864064693452 0.91151106357574474 0.97246921062469494 13.500000000000002 1.0000000180025095e-35 1.0000000180025095e-35
decision_type=2 2 2 2 2 2 2 2 2 2 2 2 2 2
left_child=1 2 8 -2 -5 6 7 -4 9 -1 -8 12 -6 -14
right_child=3 -3 5 4 11 -7 10 -9 -10 -11 -12 -13 13 -15
leaf_value=-0.02980096056808211 -0.027017717113455082 -0.047675716745901368 -0.0062713321211356927 0.039688557007386105 -0.024989418104175379 0.02441731128384227 -0.0419837404306313 0.023738964856153233 -0.04337322468881416 0.016278089080868054 0.0011176469219800443 0.014280443016539463 -0.02596628076506673 0.028573783203435621
leaf_weight=2.2661254224367502 1.0233858171850414 2.6730311911087474 6.6542050743009877 3.5042189568048343 3.0404413342475891 2.7252094300929448 1.2628280761418857 2.0548640370834619 1.8018478262238202 1.8847198523581026 1.0261118714697657 1.991686603054404 0.23064906895160642 1.2912498475052416
leaf_count=26 24 61 82 811 41 85 35 161 18 35 52 83 1 319
internal_value=-0.00653224 -0.0138883 -0.00721428 0.00822466 0.0139294 0.00154445 -0.00568597 0.00252519 -0.0247244 -0.00978013 -0.0281968 -0.00327393 -0.0121269 0.0132893
internal_weight=33.4306 22.3489 19.6759 11.0816 10.0582 13.7232 10.998 8.70907 5.95269 4.15085 2.28894 6.55403 4.56234 1.5219
internal_count=1834 555 494 1279 1255 415 330 243 79 61 87 444 361 320
is_linear=0
shrinkage=0.05


Tree=98
num_leaves=15
num_cat=0
split_feature=15 3 31 7 9 9 35 9 12 16 9 12 3 3
split_gain=1.15122 1.44662 1.39815 1.34432 1.00981 1.70199 0.832288 0.758065 0.999566 1.09941 0.935816 0.905821 1.05965 0.715072
threshold=1.0000000180025095e-35 0.33949999511241918 1.0000000180025095e-35 1.0000000180025095e-35 4.0992836952209482 3.927794456481934 1.0000000180025095e-35 2.8171484470367436 2.5000000000000004 1.0000000180025095e-35 12.342508792877199 13.500000000000002 0.96149998903274547 0.27700001001358038
decision_type=2 2 2 2 2 2 2 2 2 2 2 2 2 2
left_child=2 -2 6 -3 5 -5 7 13 -9 11 -11 -10 -13 -1
right_child=1 3 -4 4 -6 -7 -8 8 9 10 -12 12 -14 -15
leaf_value=-0.032343744042237124 -0.03626246124921649 -0.028906901981509497 0.025553761049701352 0.013371946722706252 0.036441369702286945 -0.032618561782198158 0.019278260832283151 -0.050301213994530816 -0.041115058856330017 0.028108072858308505 -0.025410847660863569 -0.027228041574824981 0.021837431968697311 0.0058186169102884856
leaf_weight=0.63589772582054038 1.0638916715979601 1.2245844621211279 1.0935315550304956 10.177931114565579 2.586360801360569 1.4724981719627965 0.58272912027314383 2.922248248010872 2.7327706161886454 1.5279276750516144 0.30935661937110115 1.0603598840534689 1.3642993462271986 4.0775004636961967
leaf_count=3 6 37 122 178 774 20 107 125 35 167 39 22 72 109
internal_value=-0.00580649 0.00344449 -0.0148388 0.00821362 0.0130942 0.00544024 -0.0191393 -0.021805 -0.0290789 -0.0150298 0.0133167 -0.0256507 -0.00130505 -0.00408986
internal_weight=32.8319 16.5253 16.3066 15.4614 14.2368 11.6504 15.2131 14.6304 9.91696 6.99471 1.83728 5.15743 2.42466 4.7134
internal_count=1816 1015 801 1009 972 198 679 572 460 335 206 129 94 112
is_linear=0
shrinkage=0.05


Tree=99
num_leaves=15
num_cat=0
split_feature=7 14 34 4 4 3 12 3 14 14 4 3 14 29
split_gain=0.715439 0.6757 1.16029 1.15876 1.04332 2.8865 1.4446 1.09659 1.08177 0.889819 0.752908 0.886711 1.42658 0.906922
threshold=1.0000000180025095e-35 0.98044103384017955 1.0000000180025095e-35 0.97705000638961803 0.98135000467300426 0.31700000166893011 4.5000000000000009 0.95300000905990612 0.98368009924888622 0.88813546299934398 0.97600001096725475 0.82949998974800121 0.96137788891792308 1.0000000180025095e-35
decision_type=2 2 2 2 2 2 2 2 2 2 2 2 2 2
left_child=-1 2 3 9 5 -3 8 -6 -7 -2 11 -11 13 -13
right_child=1 4 -4 -5 7 6 -8 -9 -10 10 -12 12 -14 -15
leaf_value=-0.03047694337176135 -0.034210137683003836 0.011458994640206388 -0.028453058107313686 0.03098534840525698 -0.022101994856602351 0.0081006958700006095 0.0075234487751736426 0.017438479622751725 -0.084479893193075473 -0.0036489983947873015 -0.030868226862834927 0.035769154149294727 -0.00956051116596854 -0.015696107140002198
leaf_weight=1.3957901559770096 0.66868800669909489 2.0931157357990724 1.7598194610327471 2.8391991532407692 1.8862937260419128 0.17471844260580871 0.45198056509252627 3.4861480669351295 1.416557731805369 10.285937996814033 0.4838463889900585 5.2204620179254544 2.8350291119422764 0.41774973575957108
leaf_count=44 6 13 34 590 57 13 58 447 49 98 10 230 171 17
internal_value=-0.00403402 -0.00210978 0.00234976 0.00583007 -0.0127348 -0.028866 -0.0603664 0.00226581 -0.0751114 0.000932996 0.00378385 0.0061946 0.0172679 0.0301659
internal_weight=35.4153 34.0195 24.5107 22.7509 9.50881 4.13637 2.04326 5.37244 1.59128 19.9117 19.243 18.7592 8.47324 5.63821
internal_count=1837 1793 1156 1122 637 133 120 504 62 532 526 516 418 247
is_linear=0
shrinkage=0.05


Tree=100
num_leaves=15
num_cat=0
split_feature=24 11 14 12 3 4 14 14 4 12 4 12 12 14
split_gain=0.998751 1.01 1.35226 1.72421 1.89535 1.3967 0.864757 0.766895 0.99228 1.78412 1.44187 0.957291 0.591349 0.559671
threshold=1.0000000180025095e-35 7.5000000000000009 0.930240958929062 1.0000000180025095e-35 0.55500000715255748 0.90404999256134044 0.98889762163162243 0.98690772056579601 0.97124999761581432 5.5000000000000009 0.99334999918937694 11.500000000000002 8.0000000000000018 0.98733773827552807
decision_type=2 2 2 2 2 2 2 2 2 2 2 2 2 2
left_child=1 2 -1 -4 -5 -6 7 8 11 10 -10 -3 -8 -9
right_child=-2 6 3 4 5 -7 12 13 9 -11 -12 -13 -14 -15
leaf_value=-0.048700901347458803 0.025739844475014612 0.016300361754498369 -0.049220038810889155 0.030649073107910863 -0.031187351991351392 0.0092838437519029236 0.035324694201985182 -0.043951500737267252 -0.045003215937859359 0.018939563931641607 0.0067534697355923871 -0.023627826154672987 -0.0077539147743194183 -0.0023374678703626814
leaf_weight=1.710895214229821 1.676881759893148 8.9014733807416704 1.081254057586192 2.6474869158118945 3.5641395230777562 3.3318489167140797 1.6650642781751224 0.8131634837482119 2.9506527252960941 2.2447135392576456 1.6883842430543152 0.86489453725516874 0.69848279375582922 1.6741240958217529
leaf_count=11 116 270 19 31 29 358 193 32 194 154 328 17 32 89
internal_value=-0.00388111 -0.00604581 -0.0168569 -0.00798079 0.000916669 -0.0129341 0.000630296 -0.00331673 0.00108506 -0.0124538 -0.0283091 0.0108982 0.0240736 -0.0246443
internal_weight=35.5135 33.8366 12.3356 10.6247 9.54348 6.89599 21.501 19.1374 16.6501 6.88375 4.63904 9.76637 2.36355 2.48729
internal_count=1873 1757 448 437 418 387 1309 1084 963 676 522 287 225 121
is_linear=0
shrinkage=0.05


Tree=101
num_leaves=15
num_cat=0
split_feature=11 14 14 3 28 8 25 24 4 4 14 14 3 14
split_gain=1.42602 0.873789 1.12855 1.27937 0.705359 0.745177 0.662981 0.805818 1.56406 1.10835 0.846745 0.780082 0.708712 0.658062
threshold=27.500000000000004 0.99494275450706493 0.97655683755874645 0.27700001001358038 1.0000000180025095e-35 0.75000000000000011 1.0000000180025095e-35 1.0000000180025095e-35 0.97424998879432689 0.98995000123977672 0.92699933052062999 0.97740703821182262 0.55500000715255748 0.97246921062469494
decision_type=2 2 2 2 2 2 2 2 2 2 2 2 2 2
left_child=4 2 -2 -4 5 6 7 8 10 -10 -1 -9 -8 -14
right_child=1 -3 3 -5 -6 -7 12 11 9 -11 -12 -13 13 -15
leaf_value=0.0024374255916274562 -0.001986077558320989 -0.02661005732766137 -0.019686279633330722 0.044861778240406894 0.02260526833346975 0.017563105732034474 0.021935324974988981 0.025212418480886529 0.024664614576801316 -0.012397803848998131 -0.035574939344220027 -0.023573013417231611 -0.023961321328382943 0.020607681913870999
leaf_weight=1.5733699593693184 3.0780480891698963 0.23588822013698507 0.33671410381794009 3.4510691302129999 0.89339893462601949 1.482919385540298 2.0061574839055529 1.510291012469678 1.9853160211350758 5.2214078223332763 8.9602504969807324 0.30917967448476691 1.7245590826496484 0.31692571670282621
leaf_count=28 110 4 2 191 115 207 27 109 178 485 269 11 61 26
internal_value=-0.00212841 0.0163399 0.021011 0.0362105 -0.00759454 -0.00949508 -0.0118394 -0.0155222 -0.0187597 -0.000426495 -0.0301781 0.0115019 0.00550669 -0.0125417
internal_weight=33.0855 7.10172 6.86583 3.78778 25.9838 25.0904 23.6075 19.5598 17.7403 7.20672 10.5336 1.81947 4.04764 2.04148
internal_count=1823 307 303 193 1516 1401 1194 1080 960 663 297 120 114 87
is_linear=0
shrinkage=0.05


Tree=102
num_leaves=15
num_cat=0
split_feature=35 15 9 5 4 7 11 11 6 11 4 3 11 9
split_gain=0.689735 0.94688 1.95115 1.06803 1.10328 0.732509 0.58401 0.712751 0.487072 0.538389 0.495197 0.483336 0.475935 0.909256
threshold=1.0000000180025095e-35 1.0000000180025095e-35 3.992484569549561 1.0000000180025095e-35 0.99334999918937694 1.0000000180025095e-35 40.500000000000007 32.500000000000007 1.0000000180025095e-35 12.500000000000002 0.95875000953674328 0.47349999845027929 25.500000000000004 8.7346062660217303
decision_type=2 2 2 2 2 2 2 2 2 2 2 2 2 2
left_child=1 3 8 -1 6 -4 7 12 9 10 -3 -11 13 -5
right_child=-2 2 5 4 -6 -7 -8 -9 -10 11 -12 -13 -14 -15
leaf_value=-0.040176424181516568 0.022978012544444589 -0.0086808808578326523 -0.013675086709795488 0.022470481991170299 0.014649749417423081 0.037223060873210492 -0.048295918295851697 0.009769349356548199 0.015256580785149793 -0.017759053673517742 -0.032672117026649822 0.021688814397907832 -0.026760503480827442 -0.021800457416020189
leaf_weight=3.239081077277663 0.76942742359824379 9.1239292225800437 0.33067631721496704 1.2260679817991298 2.7390290460316455 2.7075719559797999 0.44911705888807851 2.3237907309085131 0.96248597651720125 0.29105240851640779 2.4240246505942187 1.2974638084415344 4.6344116665422916 1.4224215927533803
leaf_count=48 121 90 4 91 338 780 11 88 9 3 56 74 83 54
internal_value=-0.00827302 -0.00964913 -0.00127376 -0.0180005 -0.00988109 0.0296688 -0.0172836 -0.0114171 -0.00946506 -0.0122275 -0.0159193 0.0103926 -0.0185405 -0.000764447
internal_weight=33.9406 33.1711 17.1372 16.0339 12.7948 3.03825 10.0558 9.60669 14.099 13.1365 11.548 1.58852 7.2829 2.64849
internal_count=1850 1729 1016 713 665 784 327 316 232 223 146 77 228 145
is_linear=0
shrinkage=0.05


Tree=103
num_leaves=15
num_cat=0
split_feature=2 14 12 14 3 4 3 3 14 4 14 14 14 14
split_gain=0.688075 0.785059 0.857019 1.06017 1.14744 0.724767 0.812786 0.725794 1.06402 0.665662 0.654957 1.22439 0.651765 0.618349
threshold=1.0000000180025095e-35 0.99147549271583568 4.5000000000000009 0.94125753641128551 0.96149998903274547 0.90404999256134044 0.75499999523162853 0.27700001001358038 0.95720818638801586 0.97374999523162853 0.9465140998363496 0.90128409862518322 0.91534283757209789 0.98708567023277294
decision_type=2 2 2 2 2 2 2 2 2 2 2 2 2 2
left_child=1 2 5 12 -5 6 7 -1 -9 -3 11 -8 -4 -6
right_child=-2 9 3 4 13 -7 10 8 -10 -11 -12 -13 -14 -15
leaf_value=-0.018741400308562528 -0.01705835344364524 -0.04378044491191177 0.0049084560269928709 -0.024318955943113282 0.034168715666794962 0.019883976740061215 -0.028491673075652951 -0.0020089665125541797 0.029544861787550905 0.0090487122441304437 -0.034410857020738428 0.02857161059640816 -0.04553541717566903 -0.004667129232545187
leaf_weight=1.1518222093582249 3.5330597357824436 0.54856112971901783 0.63918095151893695 1.2615094687789676 1.7092775854980575 9.57444569992367 0.72007805295288507 5.1539000719785673 4.2944148615933955 0.50669539999216795 1.346112639410421 1.0888657509349284 1.3090646462514994 1.3050704195629803
leaf_count=6 38 4 23 31 193 1182 5 45 49 75 28 24 26 107
internal_value=0.00119985 0.00378031 0.00568359 -0.00972874 0.00508295 0.0100263 0.00228219 0.00894227 0.0137878 -0.0263534 -0.0168608 0.00380013 -0.0329343 0.0203805
internal_weight=34.1421 30.609 29.5537 6.2241 4.27586 23.3296 13.7552 10.6001 9.44831 1.05526 3.15506 1.80894 1.94825 3.01435
internal_count=1836 1798 1719 380 331 1339 157 100 94 79 57 29 49 300
is_linear=0
shrinkage=0.05


Tree=104
num_leaves=15
num_cat=0
split_feature=11 9 3 11 14 3 9 7 12 2 9 4 12 14
split_gain=0.589453 0.953892 1.28841 0.727281 0.963069 1.1036 2.25598 1.1327 0.876715 0.827132 0.802879 0.96187 0.880693 0.637477
threshold=6.5000000000000009 4.0992836952209482 0.44699999690055853 40.500000000000007 0.98920181393623363 0.38750000298023229 5.8067834377288827 1.0000000180025095e-35 1.5000000000000002 1.0000000180025095e-35 8.9802742004394549 0.95274999737739574 8.0000000000000018 0.88813546299934398
decision_type=2 2 2 2 2 2 2 2 2 2 2 2 2 2
left_child=1 2 -1 4 5 -2 7 -7 -8 13 -10 -12 -13 -9
right_child=3 -3 -4 -5 -6 6 8 9 10 -11 11 12 -14 -15
leaf_value=0.0053833306474802035 -0.025793030651920287 0.013970171793129336 -0.034439133777500026 -0.03632931186322582 0.024411502556178868 -0.023071826275098763 0.014138966822487491 -0.012243353903562777 -0.039222819523186438 -0.01195521020006938 -0.035020932279912168 0.030205181099022278 -0.01452753399439333 0.030758590263593035
leaf_weight=2.462922500446437 4.0886850897222855 1.3082855230895791 6.4074561707675457 0.63943740888498624 2.1025680312886825 0.8033974077552547 1.0950963367940847 0.43282809853553939 3.2699943928746507 1.0098441392183302 0.68891151645220849 1.3662518293131145 1.2251069350168107 7.2417025291360915
leaf_count=27 30 238 57 34 205 26 336 2 177 13 19 163 48 478
internal_value=-0.00873087 -0.0182685 -0.023957 -0.00411024 -0.00176974 -0.00534547 0.000687499 0.0162403 -0.0182593 0.021884 -0.024831 -0.00467249 0.0109005 0.0272015
internal_weight=34.1425 10.1787 8.87038 23.9638 23.3244 21.2218 17.1331 9.48777 7.64536 8.68437 6.55026 3.28027 2.59136 7.67453
internal_count=1853 322 84 1531 1497 1292 1262 519 743 493 407 230 211 480
is_linear=0
shrinkage=0.05


Tree=105
num_leaves=15
num_cat=0
split_feature=7 4 36 30 12 9 5 3 4 9 14 9 14 14
split_gain=1.34552 1.11751 1.98688 1.67898 1.17147 1.06258 0.792341 1.29058 0.716405 1.07831 0.962734 0.95123 0.929929 1.01893
threshold=1.0000000180025095e-35 0.84700000286102306 1.0000000180025095e-35 1.0000000180025095e-35 1.5000000000000002 1.2175102233886721 1.0000000180025095e-35 0.55500000715255748 0.9775499999523164 6.2395145893096933 0.8952736258506776 8.7346062660217303 0.95533749461174022 0.92844375967979442
decision_type=2 2 2 2 2 2 2 2 2 2 2 2 2 2
left_child=-1 3 4 6 5 -3 7 -2 9 12 -11 -10 13 -6
right_child=1 2 -4 -5 8 -7 -8 -9 11 10 -12 -13 -14 -15
leaf_value=-0.032801528793546204 0.024397550596539221 -0.023308700988962892 -0.040518082266198421 -0.025282590764717363 -0.022712635772289977 0.034734648182820162 0.035430042200591733 -0.017109691476225344 0.023828725812335059 -0.023032362488699356 0.024811420746221821 -0.01112889628587589 -0.037470559406741731 0.027072838252394267
leaf_weight=1.6709350096061815 3.445392943918705 0.24363954365254104 2.0549240538384757 1.3393859062343842 1.1108736013993605 3.046665042405948 4.9094812485855073 2.3246363811194897 3.3055006215581662 0.6684621907770637 2.1303278690902516 2.7344606779515743 3.3181117261992767 1.0078084865817798
leaf_count=53 42 1 87 9 15 682 47 12 366 11 141 252 97 50
internal_value=0.00136596 0.00412007 -0.00326481 0.0155006 0.00304089 0.0260056 0.0223422 0.00761787 -0.00360806 -0.0125763 0.0103294 0.00866967 -0.0241407 0.0020565
internal_weight=33.3106 31.6397 19.6208 12.0189 17.5658 3.2903 10.6795 5.77003 14.2755 8.23558 2.79879 6.03996 5.43679 2.11868
internal_count=1865 1812 1702 110 1615 683 101 54 932 314 152 618 162 65
is_linear=0
shrinkage=0.05


Tree=106
num_leaves=15
num_cat=0
split_feature=11 11 7 36 11 3 17 9 14 11 2 11 9 3
split_gain=1.26941 0.967323 0.755258 0.87311 0.512945 1.32127 1.24716 1.21507 1.14914 1.1937 0.827609 0.714844 0.70845 0.813424
threshold=32.500000000000007 40.500000000000007 1.0000000180025095e-35 1.0000000180025095e-35 25.500000000000004 0.95049998164176952 1.0000000180025095e-35 7.3861246109008798 0.96757176518440258 16.000000000000004 1.0000000180025095e-35 11.500000000000002 3.3852339982986455 0.91650000214576732
decision_type=2 2 2 2 2 2 2 2 2 2 2 2 2 2
left_child=2 -2 -1 4 5 8 10 -6 11 -10 -7 12 13 -4
right_child=1 -3 3 -5 7 6 -8 -9 9 -11 -12 -13 -14 -15
leaf_value=-0.031171135536011658 0.037347522502277013 -0.016805786506800643 0.0097272163436593947 -0.022061469838746035 0.021708776651828954 0.035985871275472654 -0.013623346293144795 -0.032831943066673079 -0.031879177023502396 0.021459384935109974 -0.015622610674179386 -0.020900705640796317 0.02933549792653109 -0.024330090538057632
leaf_weight=1.4639004236087227 2.2884676059475164 0.45775050809606899 5.9176774695515721 3.6686718771234146 0.73220581491477732 5.050301484996452 1.4469644557684658 1.9316151646198703 4.029968600254505 0.57730582484509785 0.32480013370513905 1.2884866595268238 2.3011483724694699 1.3504592627286909
leaf_count=46 182 33 52 54 106 975 23 69 108 10 2 29 112 7
internal_value=-0.00129553 0.0262445 -0.004573 -0.00220604 0.00145103 0.00413543 0.020927 -0.0160069 -0.00409295 -0.0225606 0.0309059 0.00498514 0.0101183 0.0012219
internal_weight=32.8297 2.74622 30.0835 28.6196 24.9509 22.2871 6.82207 2.66382 15.465 4.60727 5.3751 10.8578 9.56929 7.26814
internal_count=1808 215 1593 1547 1493 1318 1000 175 318 118 977 200 171 59
is_linear=0
shrinkage=0.05


Tree=107
num_leaves=15
num_cat=0
split_feature=37 9 14 4 14 14 2 4 9 11 13 14 14 11
split_gain=1.6625 1.4939 1.04003 1.45159 0.976445 0.993625 0.950039 1.36522 1.80368 1.04848 0.947962 1.01556 0.905605 0.870981
threshold=1.0000000180025095e-35 8.9802742004394549 0.97645366191864025 0.97220000624656688 0.98471453785896312 0.97876101732254039 1.0000000180025095e-35 0.88425001502037059 7.3861246109008798 5.5000000000000009 0.75000000000000011 0.95092076063156139 0.95980143547058117 10.500000000000002
decision_type=2 2 2 2 2 2 2 2 2 2 2 2 2 2
left_child=1 2 6 4 5 -4 7 9 -9 -1 -11 -12 -13 -5
right_child=-2 -3 3 13 -6 -7 -8 8 -10 10 11 12 -14 -15
leaf_value=-0.029183519438686335 -0.026917164010824862 0.034783745391488118 -0.029811207584766561 -0.014815044142112002 -0.052117058986326709 0.016476282794619653 -0.016905482242147142 0.038004406897802767 -0.020459352114281817 -0.025416853709609472 0.029563262529891672 -0.030154732979064371 0.014468309871096189 0.029644049905903566
leaf_weight=1.5674503273330751 3.7665655328892163 2.6657250387361264 1.1987535498337814 1.1304357822518798 1.6106496721040455 1.5221983483061192 2.5749179581180206 5.4662905710283658 0.97903163719456632 0.8665421432815491 3.5442811222746968 1.1032349672168495 1.5720871295779941 1.5363837780896572
leaf_count=19 122 447 25 67 31 29 32 537 134 9 37 12 20 323
internal_value=0.000416429 0.00499936 0.000551726 -0.0145559 -0.0300192 -0.00644756 0.00699312 0.0118656 0.0275687 -0.00147446 0.00750585 0.014978 -0.007131 0.0118976
internal_weight=31.1045 27.338 24.6723 6.99842 4.3316 2.72095 17.6738 15.0989 6.44532 8.6536 7.08615 6.2196 2.67532 2.66682
internal_count=1844 1722 1275 475 85 54 800 768 671 97 78 69 32 390
is_linear=0
shrinkage=0.05


Tree=108
num_leaves=15
num_cat=0
split_feature=36 9 4 4 9 12 1 9 9 4 5 30 4 4
split_gain=1.10541 0.907267 0.60989 0.778666 0.909591 1.05751 0.866747 0.821753 0.916523 0.948219 0.735742 0.635723 0.499124 0.773662
threshold=1.0000000180025095e-35 2.8171484470367436 0.99975001811981212 0.97154998779296886 3.927794456481934 1.5000000000000002 1.0000000180025095e-35 6.2395145893096933 10.646895885467531 0.95274999737739574 0.75000000000000011 1.0000000180025095e-35 0.95875000953674328 0.81705000996589672
decision_type=2 2 2 2 2 2 2 2 2 2 2 2 2 2
left_child=2 -2 3 4 11 -6 -5 -7 -9 -10 -4 12 13 -1
right_child=1 -3 10 6 5 7 -8 8 9 -11 -12 -13 -14 -15
leaf_value=0.0060614026430042042 -0.0041765327707069151 -0.043260298178330027 -0.031007459349504621 -0.024302286697646978 0.021059309945632078 -0.039553710941659243 0.023539852766881829 0.021373355762010993 -0.047129674543632032 0.015225936464592978 0.013024163906803216 -0.018438229522869064 -0.013387018995538583 0.037502712246669428
leaf_weight=7.3120599724352449 4.2825963119976214 1.4952638088725505 1.5773548661964008 0.26365122757853043 0.8227501017972817 2.452792716328986 6.6899452718207506 1.2622236536117273 0.48724439623765636 0.40188914875034243 0.80034633225295682 1.0977387363091118 0.93929124367423433 1.962896443204954
leaf_count=79 49 76 127 2 150 87 963 72 12 23 108 11 39 53
internal_value=-0.00115349 -0.0191814 0.00340297 0.00601755 -9.70966e-05 -0.0153389 0.0188984 -0.0244404 -0.000125964 -0.0258046 -0.0167182 0.00786709 0.0120862 0.0157178
internal_weight=31.848 5.77786 26.0702 23.6925 16.7389 5.4269 6.9536 4.60415 2.15136 0.889134 2.3777 11.312 10.2142 9.27496
internal_count=1851 125 1726 1491 526 344 965 194 107 35 235 182 171 132
is_linear=0
shrinkage=0.05


Tree=109
num_leaves=15
num_cat=0
split_feature=15 9 4 3 9 16 11 3 3 11 1 9 4 4
split_gain=0.715802 0.971287 0.813642 1.4924 1.48937 0.937084 0.775167 0.584656 1.01911 1.53842 0.99665 0.741257 0.63918 0.553053
threshold=1.0000000180025095e-35 3.992484569549561 0.97424998879432689 0.92050001025199901 2.2800099849700932 1.0000000180025095e-35 13.500000000000002 0.32999999821186071 0.55500000715255748 6.5000000000000009 1.0000000180025095e-35 2.1465229988098149 0.95864999294281017 0.99044999480247509
decision_type=2 2 2 2 2 2 2 2 2 2 2 2 2 2
left_child=2 7 3 4 -1 6 13 -2 -9 11 -11 -10 -13 -4
right_child=1 -3 5 -5 -6 -7 -8 8 9 10 -12 12 -14 -15
leaf_value=-0.018965344337790235 -0.027124308534720854 0.025492922360259931 0.0071673753995073865 -0.045556499927369307 0.026674895832818665 0.028593534750255497 0.006786352595606733 0.020856969773716431 -0.037642304125427906 -0.02445256298717971 0.030539852333388653 -0.019609622146368785 0.016060494287094797 -0.03611467371856375
leaf_weight=4.6323220096528548 1.186355179175737 2.7050239271484307 0.62095619738101904 2.8307380606420338 1.6412422098219392 1.298006110708229 3.3366512438515201 3.3493062406778327 2.5526631502434594 0.28229225054383045 2.2412374462001052 1.6113184671849015 1.4402373996563254 1.6932833176106212
leaf_count=41 7 816 12 116 38 333 246 47 20 2 130 13 19 27
internal_value=-0.00473889 0.00291705 -0.0118095 -0.0208702 -0.00499948 0.00119377 -0.00845285 -0.00341821 0.00100977 -0.0085579 0.0191943 -0.0220686 -0.00296566 -0.0258427
internal_weight=31.4216 15.3684 16.0532 9.1043 6.27356 6.9489 5.65089 12.6634 11.4771 8.12775 2.52353 5.60422 3.05156 2.31424
internal_count=1867 1054 813 195 79 618 285 238 231 184 132 52 32 39
is_linear=0
shrinkage=0.05


Tree=110
num_leaves=15
num_cat=0
split_feature=11 15 1 11 4 4 12 5 4 11 11 16 4 14
split_gain=0.80019 1.17811 0.824532 0.647059 0.788649 1.22641 1.16661 1.18506 0.768311 0.556508 0.485297 0.590275 0.456559 0.418286
threshold=5.5000000000000009 1.0000000180025095e-35 1.0000000180025095e-35 40.500000000000007 0.84700000286102306 0.97424998879432689 2.5000000000000004 0.75000000000000011 0.99024999141693126 48.500000000000007 13.500000000000002 1.0000000180025095e-35 0.92969998717308056 0.97876101732254039
decision_type=2 2 2 2 2 2 2 2 2 2 2 2 2 2
left_child=2 3 -1 4 13 6 12 -8 -7 -5 11 -10 -6 -2
right_child=1 -3 -4 9 5 8 7 -9 10 -11 -12 -13 -14 -15
leaf_value=0.021053052970635946 -0.0034353968580955688 0.013988419955991755 -0.02517484001906628 -0.049965766658723494 -0.0085737432310887454 0.028500794926556661 -0.025657758624827165 0.027874683308012876 -0.03142267046055143 0.0087143592144277061 0.0067206062389284886 0.011913630726961961 -0.05444406243360024 0.025247610957434653
leaf_weight=0.37836505472660054 1.8081350214779388 10.400782584678383 4.5526130725629654 0.40661415457725603 1.2265934688039108 1.3502833402017129 1.013020871207118 1.1321904575452209 1.489631934091449 0.20767550799064338 3.1178338499739766 0.52271463978104282 1.6988802230916915 2.0678115636110306
leaf_count=2 21 833 197 2 14 159 12 79 24 26 268 132 41 16
internal_value=-0.00206694 0.00159806 -0.0186761 -0.00678494 -0.00340087 -0.00985362 -0.0260669 0.00247504 0.0046213 -0.0370184 -0.00528785 -0.0199478 -0.0422951 0.0139066
internal_weight=31.3731 26.4422 4.93098 16.0414 15.4271 11.5511 5.07069 2.14521 6.48046 0.61429 5.13018 2.01235 2.92547 3.87595
internal_count=1826 1627 199 794 766 729 146 91 583 28 424 156 55 37
is_linear=0
shrinkage=0.05


Tree=111
num_leaves=15
num_cat=0
split_feature=14 11 9 3 14 14 3 14 3 3 11 14 3 12
split_gain=0.922162 0.908072 0.825822 0.708232 0.808699 1.32481 1.3118 0.768803 1.11005 0.883162 0.744275 0.743799 0.542334 0.721347
threshold=0.98220920562744152 32.500000000000007 6.9260485172271737 0.38750000298023229 0.94558534026145946 0.9275864064693452 0.99849998950958263 0.95092076063156139 0.93900001049041759 0.55500000715255748 5.5000000000000009 0.96250438690185558 0.31700000166893011 4.5000000000000009
decision_type=2 2 2 2 2 2 2 2 2 2 2 2 2 2
left_child=1 3 12 -1 5 -5 -7 -6 9 -9 -11 -12 -2 -14
right_child=2 -3 -4 4 7 6 -8 8 -10 10 11 -13 13 -15
leaf_value=-0.019481157013209509 5.3234090193859033e-05 0.031147049293987979 0.0054654446570287663 0.0099311892672798996 0.03510194108794909 -0.0030770094740251636 -0.056579727027624462 0.023327669598507537 0.024553704905103103 0.017298959229827739 -0.041623513608261033 -0.0031423650846135994 -0.043827831781140664 0.0036952303606099662
leaf_weight=3.3172790817916491 1.4358293563127507 1.4028629050590087 2.4654261658433825 4.3245761201251316 1.6888696938985948 2.8224198720417917 1.0829769130796196 0.82866557873785307 3.0130866044200957 0.60484276921488334 1.8455213040579108 2.5668456768617034 2.9676273862132807 0.81603044492658217
leaf_count=25 8 85 311 78 86 78 61 16 703 27 23 52 202 66
internal_value=-0.00312029 0.00194679 -0.017054 -0.00117556 0.00287979 -0.00831384 -0.0264231 0.0115773 0.00398702 -0.00865168 -0.0169326 -0.0239542 -0.0268595 -0.0349485
internal_weight=31.1829 23.4979 7.68491 22.0951 18.7778 8.22997 3.9054 10.5478 8.85896 5.84588 5.01721 4.41237 5.21949 3.78366
internal_count=1821 1234 587 1149 1124 217 139 907 821 118 102 75 276 268
is_linear=0
shrinkage=0.05


Tree=112
num_leaves=15
num_cat=0
split_feature=14 14 14 14 7 12 12 9 3 3 11 14 12 14
split_gain=0.747769 0.866332 1.96529 1.44245 1.06421 0.836109 0.801349 1.51814 1.27136 0.965774 0.92866 0.896236 0.695675 0.709839
threshold=0.99147549271583568 0.930240958929062 0.92699933052062999 0.88813546299934398 1.0000000180025095e-35 2.5000000000000004 3.5000000000000004 3.992484569549561 0.91749998927116405 0.96149998903274547 26.500000000000004 0.96137788891792308 1.5000000000000002 0.97876101732254039
decision_type=2 2 2 2 2 2 2 2 2 2 2 2 2 2
left_child=1 2 3 -1 -3 -5 7 8 12 -8 -11 -10 13 -6
right_child=-2 4 -4 5 6 -7 9 -9 11 10 -12 -13 -14 -15
leaf_value=-0.035911396261687122 -0.031900812498930169 -0.029411888329714659 -0.045387569988763345 0.036032064020220717 -0.0079074908252663879 -0.0047707469036618651 -0.02820345671978371 0.03852270153556156 0.011224713787093329 0.021119067312798334 -0.02434119436048425 -0.033187185405293286 0.030712876310192358 0.021407692168112117
leaf_weight=0.66702553676441922 1.1537603799952183 1.2752558877691722 2.2654960812069476 1.7810186576098206 4.7507795998826605 1.9135609818622468 2.2933217792306086 3.1178683482576153 1.1208279216662043 2.6242222924483944 0.68472832441329945 2.303135515190661 2.5390334408730268 2.2445914596319199
leaf_count=10 89 42 30 32 53 49 48 919 47 410 5 85 22 18
internal_value=-0.00344278 -0.00132595 -0.0159657 0.0049315 0.00339084 0.0183842 0.00653231 0.0120339 0.00335733 -0.00868658 0.00824607 -0.019398 0.0125948 0.00299986
internal_weight=30.7346 29.5809 6.6271 4.36161 22.9538 3.69458 21.6785 16.0762 12.9584 5.60227 3.30895 3.42396 9.5344 6.99537
internal_count=1859 1770 121 91 1649 81 1607 1144 225 463 415 132 93 71
is_linear=0
shrinkage=0.05


Tree=113
num_leaves=15
num_cat=0
split_feature=9 14 3 3 9 9 3 14 3 3 14 11 14 1
split_gain=0.831839 1.1988 1.43833 1.30115 0.933622 0.803886 0.964934 0.959453 1.70278 0.731534 0.623558 0.618729 0.608125 0.732659
threshold=4.0992836952209482 0.94521561264991771 0.95449998974800121 0.9454999864101411 3.927794456481934 2.1465229988098149 0.55500000715255748 0.930240958929062 0.32999999821186071 0.94850000739097606 0.93461748957633983 9.5000000000000018 0.88813546299934398 1.0000000180025095e-35
decision_type=2 2 2 2 2 2 2 2 2 2 2 2 2 2
left_child=4 2 -2 -3 5 6 7 -1 -9 -6 -8 -4 -7 -14
right_child=1 3 11 -5 9 12 10 8 -10 -11 -12 -13 13 -15
leaf_value=-0.029646071054712727 0.020881259913331503 -0.012816833595402859 0.012058390215768508 0.030674690654720085 0.0026063246191695569 -0.02417116608035573 0.0062131935099629535 -0.011630796338646308 0.032938315692750152 -0.051431642673059476 -0.032548796963792127 -0.036282123792854386 -0.023157677857945674 0.021104666802711877
leaf_weight=1.1503647379577246 1.3759719597874189 1.7739495937712488 0.30435419897548888 4.911907565779984 0.75718738418072362 0.24010099470615287 0.92609473317861457 4.1624243259429932 2.7489038221538067 1.1255028611049054 4.5076627759262919 2.5737110152840614 0.26496448926628069 4.7835629238979847
leaf_count=6 60 146 38 1091 14 1 6 27 54 18 84 82 2 207
internal_value=-0.00392818 0.00682356 -0.012242 0.018969 -0.00967184 -0.00529816 -0.011563 -3.42534e-05 0.00801881 -0.0363335 -0.0260036 -0.0293789 0.00998498 0.015337
internal_weight=31.6067 10.9399 4.25404 6.68586 20.6668 18.7841 13.4955 8.06169 6.91133 1.88269 5.43376 2.87807 5.28863 5.04853
internal_count=1836 1417 180 1237 419 387 177 87 81 32 90 120 210 209
is_linear=0
shrinkage=0.05


Tree=114
num_leaves=15
num_cat=0
split_feature=14 9 24 9 9 9 14 12 33 8 14 11 14 4
split_gain=1.67372 1.03974 0.959203 0.876154 0.694546 0.932634 0.690897 0.624295 0.750554 0.553268 0.552017 0.594317 0.614928 0.533358
threshold=0.95720818638801586 1.0076929926872256 1.0000000180025095e-35 4.6270673274993905 8.9802742004394549 11.965716838836672 0.98372873663902294 8.0000000000000018 1.0000000180025095e-35 0.75000000000000011 0.97922512888908397 6.5000000000000009 0.96474012732505809 0.97220000624656688
decision_type=2 2 2 2 2 2 2 2 2 2 2 2 2 2
left_child=2 -2 4 6 9 -6 10 8 -5 -1 11 12 -3 -10
right_child=1 3 -4 7 5 -7 -8 -9 13 -11 -12 -13 -14 -15
leaf_value=-0.024128386910703174 0.02681625909767495 -0.035742279134282781 0.021806233249830893 0.03340692286341853 0.028003924638939894 -0.027213135055536339 0.015112767680027971 -0.0068581646737449877 -0.033483381629967369 0.014243767103996902 -0.043633227855866583 0.015854037368565353 0.0062481675517953193 0.01401752351813567
leaf_weight=10.983403997728598 4.5825688331387928 1.047388991806655 0.86257243982981968 2.6738640338880946 1.0934960781596608 0.26597089774440963 0.90154207637533534 2.0337388776242733 0.18007854465395201 0.38047074095811773 0.8964743164833634 1.0398391844355499 1.0779658183455465 0.37993309483863413
leaf_count=284 57 9 39 885 50 16 104 85 3 45 35 94 16 77
internal_value=-0.00187395 0.00945993 -0.0140332 -9.80159e-06 -0.0178748 0.010246 -0.0137287 0.0130443 0.0242243 -0.0217955 -0.0218514 -0.00668761 -0.0192602 -0.0129292
internal_weight=28.3993 14.8134 13.5859 10.2308 12.7233 1.35947 4.96321 5.26761 3.23388 11.3639 4.06167 3.16519 2.12535 0.560012
internal_count=1799 1365 434 1308 395 66 258 1050 965 329 154 119 25 80
is_linear=0
shrinkage=0.05


Tree=115
num_leaves=15
num_cat=0
split_feature=3 3 14 16 3 12 9 11 9 14 11 12 3 31
split_gain=0.839496 1.22642 1.02422 0.867274 1.14313 1.64062 0.951365 0.908488 0.576553 0.80126 0.571867 0.8608 0.924153 0.746997
threshold=0.28950001299381262 0.55500000715255748 0.93337455391883861 1.0000000180025095e-35 0.91749998927116405 2.5000000000000004 12.342508792877199 10.500000000000002 5.9624669551849374 0.91534283757209789 26.500000000000004 8.0000000000000018 0.99849998950958263 1.0000000180025095e-35
decision_type=2 2 2 2 2 2 2 2 2 2 2 2 2 2
left_child=-1 2 -2 7 -5 8 -7 -3 -6 -10 11 -9 -13 -12
right_child=1 3 -4 4 5 6 -8 10 9 -11 13 12 -14 -15
leaf_value=-0.028733537540320514 -0.015659650619795018 -0.028034830066558981 0.029795220399271377 0.035590957151339864 -0.03423175378918699 0.031299025432927959 -0.021317271390545501 0.024344828047008632 -0.028725796963413576 0.023802790776592541 -0.024707029940877218 -0.026073724318425084 0.02117275868446614 0.018085322951077475
leaf_weight=2.300668183714154 0.98107448220253246 5.5419532401720089 3.6486706305295229 1.396761588519438 2.468716168077663 2.4061093441559938 0.37328971445094783 2.469796375022268 0.21156021952629067 0.84090519056189805 3.1687285588122909 1.9012849275022747 0.71212348015978921 0.55581947613973159
leaf_count=14 8 219 62 31 114 441 85 192 1 229 178 42 65 118
internal_value=-0.00492471 -0.00190739 0.0190924 -0.00695428 0.00608365 -0.00443684 0.0204617 -0.0138887 -0.024269 0.00439259 -0.00303686 0.00740969 -0.010903 -0.0158448
internal_weight=28.9775 26.6768 4.62975 22.047 7.69734 6.30058 2.7794 14.3497 3.52118 1.05247 8.80775 5.0832 2.61341 3.72455
internal_count=1799 1785 70 1715 901 870 526 814 344 230 595 299 107 296
is_linear=0
shrinkage=0.05


Tree=116
num_leaves=15
num_cat=0
split_feature=7 9 37 9 9 4 4 14 11 25 3 11 14 14
split_gain=0.870953 0.632053 1.176 0.772291 0.906834 0.830404 1.70433 0.550294 1.05576 1.01484 0.819741 0.769103 0.632117 1.62285
threshold=1.0000000180025095e-35 8.9802742004394549 1.0000000180025095e-35 5.8067834377288827 3.992484569549561 0.97874999046325695 0.97025001049041759 0.930240958929062 7.5000000000000009 1.0000000180025095e-35 0.75499999523162853 16.000000000000004 0.98707339167594921 0.98733773827552807
decision_type=2 2 2 2 2 2 2 2 2 2 2 2 2 2
left_child=-1 3 -3 4 7 6 -5 8 -2 11 -10 -9 -13 -14
right_child=1 2 -4 5 -6 -7 -8 9 10 -11 -12 12 13 -15
leaf_value=-0.02927414078267292 -0.035062094023156673 0.036473105683809098 -0.012406811872619161 0.0081524959426466977 0.026919554591898334 0.0076494472212374643 -0.05971666895377839 -0.011100753335854332 0.026162607705993775 0.028599517306030577 -0.014508028429733467 0.02284920073299555 -0.04966342803218423 0.017968142171066775
leaf_weight=1.2831602953374375 1.9307324923575055 2.301711033738683 1.3274325262755158 1.253136691637337 2.5300542954937546 1.5840035292785613 1.1512868531281126 8.0284403125988302 1.3443552106618883 2.39867199352011 1.6945766098797319 3.2762242663884527 0.40259460220113386 1.5019736959366126
leaf_count=46 11 442 66 112 378 359 46 153 8 35 21 95 3 43
internal_value=0.000571763 0.00270165 0.0197764 -0.000207756 0.00350494 -0.0181085 -0.03234 -0.000488091 -0.0134876 0.00421392 0.00550677 -0.00191538 0.0118118 -0.00850448
internal_weight=32.0084 30.7252 3.62914 27.0961 23.1076 3.98843 2.40442 20.5776 4.96966 15.6079 3.03893 13.2092 5.18079 1.90457
internal_count=1818 1772 508 1264 747 517 158 369 40 329 29 294 141 46
is_linear=0
shrinkage=0.05


Tree=117
num_leaves=15
num_cat=0
split_feature=14 4 14 34 14 14 30 12 3 12 14 14 14 18
split_gain=1.0127 1.16459 1.1148 0.766472 0.703279 0.746065 0.555717 0.957665 0.839203 0.50476 0.487902 0.93535 0.476379 0.458763
threshold=0.98690772056579601 0.97060000896453869 0.98247721791267406 1.0000000180025095e-35 0.88813546299934398 0.98220920562744152 1.0000000180025095e-35 1.5000000000000002 0.62000000476837169 8.0000000000000018 0.930240958929062 0.92699933052062999 0.91946774721145641 1.0000000180025095e-35
decision_type=2 2 2 2 2 2 2 2 2 2 2 2 2 2
left_child=2 -2 3 4 -1 6 7 10 -8 -3 11 -6 -5 -4
right_child=1 9 13 12 5 -7 8 -9 -10 -11 -12 -13 -14 -15
leaf_value=-0.028247113084816301 -0.042532289570785087 0.017626692881484135 0.037073665079195121 0.0076266914006685648 0.020490066450236669 -0.029516047266132064 -0.033644408381037341 -0.00064334219396147143 0.018234403590064126 -0.014717619769694202 0.027224886490732254 -0.02431419181991365 -0.036281890296737423 -0.010101234976198869
leaf_weight=0.72493807133288513 1.8068449876736838 1.4598128815414386 2.030447864090092 0.44930961541831393 1.7508555576205345 0.51286510028876264 0.98866302520036586 11.313360685133373 0.48034331761300564 1.3806302426382897 6.3519361687358469 1.0246633188799021 1.1590045969933269 0.18174397945404042
leaf_count=9 35 273 211 10 28 24 6 533 108 53 530 12 31 1
internal_value=-0.000363277 -0.0196661 0.00354732 -4.66214e-05 0.00273644 0.00490136 0.0069602 0.00929867 -0.0161661 0.00216672 0.0204684 0.00189038 -0.0257942 0.0312599
internal_weight=31.6154 4.64729 26.9681 24.7559 23.1476 22.4227 21.9098 20.4408 1.46901 2.84044 9.12746 2.77552 1.60831 2.21219
internal_count=1864 361 1503 1291 1250 1241 1217 1103 114 326 570 40 41 212
is_linear=0
shrinkage=0.05


Tree=118
num_leaves=15
num_cat=0
split_feature=8 14 14 37 14 14 4 9 9 11 11 35 9 14
split_gain=0.926112 0.475878 0.640063 0.831859 0.741469 1.14225 0.539116 0.38993 0.47339 0.925898 0.734497 0.5365 0.609107 0.484274
threshold=0.75000000000000011 0.99147549271583568 0.98733773827552807 1.0000000180025095e-35 0.98690772056579601 0.98372873663902294 0.97935000061988842 0.87512877583503734 4.0992836952209482 9.5000000000000018 26.500000000000004 1.0000000180025095e-35 5.5281476974487314 0.9806509017944337
decision_type=2 2 2 2 2 2 2 2 2 2 2 2 2 2
left_child=1 2 4 -4 5 7 -3 -1 13 -10 11 12 -11 -9
right_child=-2 6 3 -5 -6 -7 -8 8 9 10 -12 -13 -14 -15
leaf_value=0.017729688504342266 0.025590138193413509 -0.050349174304700241 0.028731303271661207 -0.014803124438715998 -0.042420792684248046 0.025935391731846193 0.0020613950807747273 -0.012144443444270106 0.026832592813069153 0.0087615455135395936 0.02106562141328281 0.015233352253708775 -0.02991410211118626 -0.038773125879371678
leaf_weight=0.29727514833213931 0.96944890078157087 0.48404130619019159 1.6044108587084329 1.0804154314100742 0.78695908992085506 1.3383552327286441 0.62033768161199987 16.459232561639517 1.2870291978470039 0.81472061679232854 0.68018658598884929 0.40810623473953445 3.6486134360893629 1.3279321601148684
leaf_count=2 212 5 170 38 29 150 70 264 411 70 138 44 240 15
internal_value=-0.00842349 -0.010263 -0.00830919 0.0119494 -0.0106744 -0.00820189 -0.0339198 -0.0109648 -0.0119895 -0.000631239 -0.0101219 -0.0173227 -0.0225429 -0.0160904
internal_weight=31.8071 30.8376 29.7332 2.68483 27.0484 26.2615 1.10438 24.9231 24.6258 6.83866 5.55163 4.87144 4.46333 17.7872
internal_count=1858 1646 1571 208 1363 1334 75 1184 1182 903 492 354 310 279
is_linear=0
shrinkage=0.05


Tree=119
num_leaves=15
num_cat=0
split_feature=7 35 8 14 14 14 9 5 33 9 9 14 30 14
split_gain=0.528574 0.446529 0.470675 0.570918 0.550016 0.835682 0.395181 0.371401 0.35633 0.740992 1.33736 0.867568 0.542915 0.540688
threshold=1.0000000180025095e-35 1.0000000180025095e-35 0.75000000000000011 0.99147549271583568 0.98733773827552807 0.98690772056579601 11.115742206573488 0.75000000000000011 1.0000000180025095e-35 4.0992836952209482 3.6883435249328618 0.94125753641128551 1.0000000180025095e-35 0.98247721791267406
decision_type=2 2 2 2 2 2 2 2 2 2 2 2 2 2
left_child=-1 2 3 4 5 8 -6 -5 9 10 12 -11 13 -2
right_child=1 -3 -4 7 6 -7 -8 -9 -10 11 -12 -13 -14 -15
leaf_value=-0.030228360674652718 -0.0015478928749480486 0.020585724137908872 0.015977431370143014 -0.044252790882760518 0.025073515049266949 -0.041361992754707595 -0.0078329279200331451 0.0045232148863847332 -0.022109546353825185 -0.012660467765859069 -0.037490247284160332 0.023888087943794389 -0.023782634284087237 0.027648375023097541
leaf_weight=1.3669568346813346 12.699378890916728 0.64517474989406665 1.2817886759876262 0.6417017497587939 1.3900242748204612 0.7910421472042789 0.86901735246647138 0.28881650581024587 1.8881095978431393 1.7459954168880347 2.2125348958652458 3.5524224312976003 1.3895699684508152 0.79875836102292019
leaf_count=48 174 119 215 24 117 24 47 35 64 100 50 803 12 12
internal_value=-0.00723107 -0.00525428 -0.00647386 -0.00800304 -0.00590778 -0.00815614 0.0138956 -0.0346126 -0.00548165 -0.00319498 -0.00821765 0.0117463 -0.00178142 0.00196767
internal_weight=31.5613 30.1943 29.5492 28.2674 27.3369 25.0778 2.25904 0.930518 24.2868 22.3987 17.1002 5.29842 14.8877 13.4981
internal_count=1844 1796 1677 1462 1403 1239 164 59 1215 1151 248 903 198 186
is_linear=0
shrinkage=0.05


Tree=120
num_leaves=15
num_cat=0
split_feature=11 3 9 14 11 3 9 7 14 11 12 3 14 35
split_gain=0.936349 0.969207 1.02127 1.60462 1.33248 0.91072 0.734903 0.613272 0.588527 1.1963 1.69325 0.844771 0.485474 0.592075
threshold=32.500000000000007 0.27700001001358038 5.8067834377288827 0.98098087310791027 14.500000000000002 0.38750000298023229 6.9260485172271737 1.0000000180025095e-35 0.90128409862518322 6.5000000000000009 4.5000000000000009 0.91749998927116405 0.930240958929062 1.0000000180025095e-35
decision_type=2 2 2 2 2 2 2 2 2 2 2 2 2 2
left_child=1 -1 3 5 6 -3 -4 -7 -9 11 -11 -10 13 -8
right_child=-2 2 4 -5 -6 7 12 8 9 10 -12 -13 -14 -15
leaf_value=-0.041981816605871011 0.02334217458838133 -0.025150534642502123 -0.02448429117315697 0.033998523902634664 -0.040967458888797992 -0.02426535042738882 -0.023647323196108225 -0.020354551200954751 0.010310082870777648 0.043097536240686879 -0.017058633240442843 -0.01886094932896323 0.021155829735283543 0.018099918726188036
leaf_weight=0.66307056322694435 2.2793373462045556 2.6008477117866375 1.2424112386652257 2.6029602439375585 2.4441894572228193 0.87762302160263495 1.0941395997069774 0.92783605889416598 4.9469579609576595 3.2134086521109557 0.99835617537610222 3.2731212798971683 2.4038737373193726 0.51501554995775212
leaf_count=4 193 20 154 156 189 33 20 8 51 258 59 80 593 15
internal_value=-0.00205949 -0.00487998 -0.00251391 0.00368608 -0.0167928 -0.00264309 -0.0007979 0.00284928 0.00619628 0.00954573 0.028301 -0.00209125 0.00995658 -0.00846984
internal_weight=30.0831 27.8038 27.1407 19.4411 7.69963 16.8382 5.25544 14.2373 13.3597 12.4318 4.21176 8.22008 4.01303 1.60916
internal_count=1833 1640 1636 665 971 509 782 489 456 448 317 131 628 35
is_linear=0
shrinkage=0.05


Tree=121
num_leaves=15
num_cat=0
split_feature=35 3 3 3 14 14 12 12 9 14 2 9 12 14
split_gain=0.442445 0.499637 0.522139 0.717197 2.26735 0.423341 1.127 0.828049 0.715826 1.03387 0.769829 0.701445 0.694578 0.871533
threshold=1.0000000180025095e-35 0.28300000727176672 0.32999999821186071 0.55500000715255748 0.930240958929062 0.98044103384017955 4.5000000000000009 4.5000000000000009 4.0992836952209482 0.88813546299934398 1.0000000180025095e-35 6.9260485172271737 1.0000000180025095e-35 0.90128409862518322
decision_type=2 2 2 2 2 2 2 2 2 2 2 2 2 2
left_child=1 -1 -3 4 -4 6 8 11 12 -10 -11 -7 13 -5
right_child=-2 2 3 5 -6 7 -8 -9 9 10 -12 -13 -14 -15
leaf_value=0.012734517128523137 0.020951432139993457 -0.027355042971999068 -0.033971237524867463 -0.016097016151818272 0.033612632836496369 -0.039684648964413469 -0.026203677550832402 0.002139157172774968 -0.026198507904625426 0.037138674133197255 -0.012935634932310154 0.0062145094423496283 -0.012513473166365155 0.028712468368517097
leaf_weight=2.4307717569172445 0.66514247946906735 2.0840277839452055 0.92268664017319979 0.92561987787485689 2.7548683313652873 2.9996773728635158 3.2054257097188374 2.8714511712314561 0.2414670768193895 2.7713846766273496 0.43056260980665673 0.74242052959743876 6.5432593952864408 1.9144415288465095
leaf_count=15 121 14 5 5 54 229 120 193 4 768 6 147 95 96
internal_value=-0.00453431 -0.00572481 -0.00768368 -0.00518212 0.0130185 -0.00856339 -0.00369134 -0.0183378 0.0034228 0.0200374 0.0289292 -0.0311882 -0.00401686 0.0137196
internal_weight=31.5032 30.8381 28.4073 26.3233 3.67755 22.6457 16.0322 6.61355 12.8267 3.44341 3.20195 3.7421 9.38332 2.84006
internal_count=1872 1751 1736 1722 59 1663 1094 569 974 778 774 376 196 101
is_linear=0
shrinkage=0.05


Tree=122
num_leaves=15
num_cat=0
split_feature=36 4 6 4 24 4 16 9 11 7 5 4 9 9
split_gain=0.998213 0.708883 0.912512 0.874834 0.628044 0.502905 1.18701 1.09061 0.855581 0.510174 0.483546 0.471335 0.466765 0.438941
threshold=1.0000000180025095e-35 0.95274999737739574 1.0000000180025095e-35 0.9694499969482423 1.0000000180025095e-35 0.97705000638961803 1.0000000180025095e-35 7.4721910953521737 13.500000000000002 1.0000000180025095e-35 0.75000000000000011 0.84700000286102306 8.1065416336059588 3.6883435249328618
decision_type=2 2 2 2 2 2 2 2 2 2 2 2 2 2
left_child=1 2 4 -3 -1 7 8 13 -7 -8 -4 -2 -10 -5
right_child=11 3 10 5 -6 6 9 -9 12 -11 -12 -13 -14 -15
leaf_value=-0.020916154893603239 -0.010338050112840731 0.023559077533651898 0.029452725964760614 0.0048183614626423994 0.01461792731439323 -0.027230231146935881 -0.011151444094055657 0.019297901796144296 0.02177084122617046 0.034567670569349389 -0.011355844417426254 -0.043292045432598986 -0.0094395350203886116 -0.043919502845960662
leaf_weight=10.620058189728299 3.1186887808144084 2.8592279847944146 0.9684446174651391 0.34670161432586466 0.68818933807779181 2.4680982099962421 0.26240665838122557 0.57410552212968458 1.452469132083934 1.920141597511245 0.4834108694922179 1.8974832159001378 1.5221076228190211 1.384668822167441
leaf_count=243 27 192 14 20 24 189 6 54 157 620 17 78 126 49
internal_value=-0.00950988 -0.00497829 -0.0128806 0.00326795 -0.0177417 -0.00419508 0.00255211 -0.0205319 -0.0100661 0.0272941 0.0167753 -0.0279276 0.00744351 -0.035969
internal_weight=30.5662 25.55 12.7601 12.7899 11.3082 9.9307 7.62522 2.30548 5.44267 2.18255 1.45186 5.01617 2.97458 1.73137
internal_count=1816 1711 298 1413 267 1221 1098 123 472 626 31 105 283 69
is_linear=0
shrinkage=0.05


Tree=123
num_leaves=15
num_cat=0
split_feature=7 11 3 3 5 3 11 3 9 29 9 9 9 9
split_gain=0.831692 0.789672 0.702337 1.44645 1.15626 0.887219 0.976224 0.885428 0.998601 1.03805 0.888292 0.790711 0.431373 0.414763
threshold=1.0000000180025095e-35 40.500000000000007 0.38750000298023229 0.91749998927116405 1.0000000180025095e-35 0.44699999690055853 7.5000000000000009 0.95049998164176952 5.9426732063293466 1.0000000180025095e-35 2.9083033800125127 6.9260485172271737 4.0384509563446054 3.9558867216110234
decision_type=2 2 2 2 2 2 2 2 2 2 2 2 2 2
left_child=-1 2 -2 4 5 -4 -7 10 9 -9 -5 -10 -12 -11
right_child=1 -3 3 7 -6 6 -8 8 11 13 12 -13 -14 -15
leaf_value=-0.029511316587645116 -0.011587154249909873 -0.0319120434351663 0.031725144972108918 -0.045783476617596408 0.041330135299714223 -0.019350357659643366 0.017971737057811955 0.037154393037213844 -0.031657073323988455 0.013114524484080643 0.01150219218720183 0.0042620752808956866 -0.017142947080468054 -0.026723512834117363
leaf_weight=1.3025267720222498 5.2457515336573186 0.66387603711336751 1.4329804293811337 1.0421406682580698 3.2519355992553756 3.1811817632988095 2.0482564251869917 2.4233051459887052 1.232840441400185 0.33541320776566852 1.7417872678488495 4.2772036368842237 1.5541654221015049 0.56777075631543994
leaf_count=47 39 30 24 7 107 23 39 445 170 15 34 669 144 27
internal_value=-0.000567237 0.00167326 0.00352119 0.00729228 0.0207795 0.00666392 -0.00419378 -0.00360724 0.0055522 0.0237624 -0.0198096 -0.00740292 -0.00285137 -0.0128117
internal_weight=30.3011 28.9986 28.3347 23.089 9.91435 6.66242 5.22944 13.1746 8.83653 3.32649 4.33809 5.51004 3.29595 0.903184
internal_count=1820 1773 1743 1704 193 86 62 1511 1326 487 185 839 178 42
is_linear=0
shrinkage=0.05


Tree=124
num_leaves=15
num_cat=0
split_feature=9 14 14 15 14 16 14 3 3 14 5 4 14 9
split_gain=1.02275 0.85268 1.38943 1.22553 0.792348 0.697907 0.649315 0.856852 0.876953 1.80949 0.563309 0.501713 0.496725 0.457969
threshold=2.2800099849700932 0.92844375967979442 0.94687074422836315 1.0000000180025095e-35 0.9885481894016267 1.0000000180025095e-35 0.98548105359077465 0.55500000715255748 0.29999999701976782 0.930240958929062 1.0000000180025095e-35 0.98115000128746044 0.9465140998363496 3.5444744825363164
decision_type=2 2 2 2 2 2 2 2 2 2 2 2 2 2
left_child=4 10 3 -3 6 11 7 8 -1 -10 -2 -4 -5 -7
right_child=1 2 5 12 -6 13 -8 -9 9 -11 -12 -13 -14 -15
leaf_value=-0.014239142976158352 -0.00068425465106170002 -0.046435143856171521 0.016261330509550625 0.023136890675926058 0.023804621953035628 -0.00041388222186789316 -0.040189552767161789 -0.022443621955952089 -0.026257456361649473 0.03385503899594753 0.038985405018770292 -0.0090590828236133646 -0.018363035034083906 0.034752694113508779
leaf_weight=2.9743629656732065 1.1817318536341219 1.3381881800014517 2.1015192888444272 0.91005176055477932 0.77615725819487202 1.2215939805610108 0.86587002791930068 4.2781782156089321 0.95235575363039959 3.0826068818569183 2.2960553648881614 4.2998124127043411 0.25841497373767197 2.544065993046388
leaf_count=19 18 31 188 119 28 51 15 63 5 61 72 478 7 702
internal_value=0.00144202 0.00957268 0.0027191 -0.0249496 -0.00867278 0.0111641 -0.012399 -0.00716989 0.00379076 0.0172698 0.0283634 0.000327426 0.00972316 0.0256515
internal_weight=29.081 16.1514 12.6736 2.50665 12.9295 10.167 12.1534 11.2875 7.00933 4.03496 3.47779 6.40133 1.16847 3.76566
internal_count=1857 1666 1576 157 191 1419 163 148 85 66 90 666 126 753
is_linear=0
shrinkage=0.05


Tree=125
num_leaves=15
num_cat=0
split_feature=16 9 4 11 4 3 11 9 7 3 12 11 11 3
split_gain=1.18017 0.889964 1.01491 0.706305 0.883807 0.729756 0.690071 0.570528 0.551763 0.530808 0.726378 1.18181 0.613999 0.691363
threshold=1.0000000180025095e-35 10.646895885467531 0.95274999737739574 10.500000000000002 0.90209999680519115 0.38750000298023229 4.5000000000000009 9.5458335876464862 1.0000000180025095e-35 0.85749998688697826 8.0000000000000018 40.500000000000007 32.500000000000007 0.75499999523162853
decision_type=2 2 2 2 2 2 2 2 2 2 2 2 2 2
left_child=3 6 -3 4 5 -1 -2 -6 -8 12 11 -11 13 -5
right_child=1 2 -4 9 7 -7 8 -9 -10 10 -12 -13 -14 -15
leaf_value=-0.029242237215153899 -0.01744860194471105 -0.040954654612276688 0.018382769276471905 -0.002897084145619979 -0.041485205265740205 0.0032656329337012722 -0.012540737758883173 0.0070136434473865028 0.030251435504738217 0.033302390758754963 -0.0070731035799690596 -0.026378995033474375 0.013720440007989649 -0.038572732028570388
leaf_weight=1.3161984737962535 0.33456102362833817 0.55248753214254953 0.54603001422947273 3.9823364814510551 2.7254251104313885 6.1527273119427264 0.30649581365287293 0.41328119405079622 5.4199498287634924 3.0479077778873038 2.8268987704068422 0.25322959339246143 1.5265311130788175 1.2159642875194547
leaf_count=11 20 12 170 43 144 78 7 57 709 426 100 7 72 14
internal_value=-0.00190375 0.0146309 -0.0167553 -0.00734152 -0.0162833 -0.00523947 0.0218867 -0.0349476 0.0264372 0.000680949 0.0104767 0.0236556 -0.00844613 -0.0161189
internal_weight=30.62 7.15952 1.09852 23.4605 10.6076 7.46893 6.06101 3.13871 5.72645 12.8529 6.12804 3.30114 6.72483 5.1983
internal_count=1870 918 182 952 290 89 736 201 716 662 533 433 129 57
is_linear=0
shrinkage=0.05


Tree=126
num_leaves=15
num_cat=0
split_feature=4 4 16 12 24 7 14 25 14 4 14 4 4 4
split_gain=0.472049 1.18586 1.12005 0.772348 0.675746 0.524633 0.466039 0.939854 0.596298 1.24491 0.472512 0.561214 0.505475 0.376792
threshold=0.97705000638961803 0.9694499969482423 1.0000000180025095e-35 13.500000000000002 1.0000000180025095e-35 1.0000000180025095e-35 0.930240958929062 1.0000000180025095e-35 0.96137788891792308 0.81705000996589672 0.92844375967979442 0.88969999551773082 0.93439999222755443 0.93600001931190502
decision_type=2 2 2 2 2 2 2 2 2 2 2 2 2 2
left_child=1 4 3 -2 6 -4 10 8 9 -8 11 -1 -13 -10
right_child=2 -3 5 -5 -6 -7 7 -9 13 -11 -12 12 -14 -15
leaf_value=-0.022646519089908668 -0.019214778574794537 -0.039515325064502921 -0.01148471047766997 0.014462385544946589 0.021898161323945682 0.034296366695634718 -0.015038272740888693 0.019236320660953196 -0.027105679504274085 0.031693570132039051 -0.041247348669337373 0.024037995966488646 -0.010342791662811697 -0.00060463690753331215
leaf_weight=2.3178024254739418 4.3186813022475672 2.2819197844946748 0.27392084524035643 1.646991827059537 0.99658599344547738 1.89411607920192 2.6261342130601393 2.6309974419418714 3.7256237898254767 1.3652719603851435 0.94909917376935471 1.0215290780179205 1.4134566923603413 1.9377294287551192
leaf_count=15 466 126 7 75 57 629 25 47 64 134 10 21 32 128
internal_value=-0.00778755 -0.0115625 0.0022676 -0.00917578 -0.00639334 0.0267128 -0.00903154 -0.00297968 -0.0102709 0.00409366 -0.0196811 -0.00895306 0.00687969 -0.0194898
internal_weight=29.3999 21.2661 8.13371 5.96567 18.9842 2.16804 17.9876 12.2858 9.65476 3.99141 5.70189 4.75279 2.43499 5.66335
internal_count=1836 659 1177 541 533 636 476 398 351 159 78 68 53 192
is_linear=0
shrinkage=0.05


Tree=127
num_leaves=15
num_cat=0
split_feature=25 3 14 4 4 3 12 14 24 14 3 4 3 9
split_gain=0.866837 0.83624 0.496921 0.947695 0.776663 0.734155 0.845476 0.706073 0.664203 0.631309 0.852757 1.18721 0.802545 0.546929
threshold=1.0000000180025095e-35 0.43649999797344213 0.9806509017944337 0.98135000467300426 0.99975001811981212 0.31700000166893011 4.5000000000000009 0.98368009924888622 1.0000000180025095e-35 0.96904006600379955 0.91749998927116405 0.95274999737739574 0.87599998712539684 8.9802742004394549
decision_type=2 2 2 2 2 2 2 2 2 2 2 2 2 2
left_child=2 -2 8 5 -5 -4 7 -7 9 10 12 -12 -1 -13
right_child=1 -3 3 4 -6 6 -8 -9 -10 -11 11 13 -14 -15
leaf_value=-0.0069395425162498197 -0.022827136846419276 0.027777347603338515 -0.0010754313875959872 0.01693498074429288 -0.017983010005837206 0.0054602308809533501 0.0080738981662272641 -0.061946612717869769 0.022622168208565399 0.010943052797345365 -0.042061871827906411 -0.011353490077581142 0.026839507025013028 0.021948377181044268
leaf_weight=5.7473663849523415 0.24530307948589269 2.5547797836479731 1.4300797991454586 2.3158047517645173 2.064147072553169 0.2752338749123745 0.38369464641436923 1.7327932725893331 1.3970333979232226 3.7455633076024233 2.7191214564954862 3.5007280326099135 1.3845102371415121 0.70790181192569424
leaf_count=86 1 108 10 366 128 18 66 51 112 337 123 316 46 104
internal_value=-0.00413772 0.0185037 -0.00702118 -0.0165963 0.000195262 -0.0318897 -0.0445651 -0.0539637 -0.00231232 -0.00536767 -0.0101511 -0.0214495 0.00211211 -0.0026136
internal_weight=30.2041 2.80008 27.404 8.20175 4.37995 3.8218 2.39172 2.00803 19.2022 17.8052 14.0596 6.92775 7.13188 4.20863
internal_count=1872 109 1763 639 494 145 135 69 1124 1012 675 543 132 420
is_linear=0
shrinkage=0.05


Tree=128
num_leaves=15
num_cat=0
split_feature=15 14 1 11 9 4 9 9 9 14 31 4 3 3
split_gain=0.762521 0.731047 0.757223 0.716785 0.594523 1.06635 1.01501 0.69851 0.669448 0.571563 0.565522 0.532791 0.689547 0.539961
threshold=1.0000000180025095e-35 0.97660115361213695 1.0000000180025095e-35 7.5000000000000009 8.9802742004394549 0.99725002050399791 2.8171484470367436 12.342508792877199 2.0832773447036748 0.97246921062469494 1.0000000180025095e-35 0.90404999256134044 0.6120000183582307 0.93149998784065258
decision_type=2 2 2 2 2 2 2 2 2 2 2 2 2 2
left_child=4 2 -2 9 5 6 8 -6 -1 11 -8 12 -4 -14
right_child=1 -3 3 -5 7 -7 10 -9 -10 -11 -12 -13 13 -15
leaf_value=-0.012907304880740733 -0.022662873237936813 -0.021589845110693909 0.0055356184285190353 0.031069999901712154 0.021322507623365176 0.017256258806537753 -0.03962312029838868 -0.014246651601300562 0.022880615777540303 0.03015305076819258 0.0099546634818467351 0.014591593247158616 -0.036958610394412866 0.0039830938481099183
leaf_weight=4.9339840515749511 0.87691936455666741 1.4976067967945716 3.2770913811400497 2.5396001733024614 1.8553278101026092 1.2524815744254727 5.0125910274800844 1.7284924662671981 0.7113223208580165 0.72394185670418743 0.24580244324170042 2.5106387105188332 1.5724866474047305 0.91310238349251438
leaf_count=60 13 114 42 461 132 145 257 152 31 67 51 276 10 23
internal_value=-0.00487569 0.00355063 0.00796701 0.0119172 -0.0120903 -0.0170568 -0.0221168 0.00480186 -0.00563339 0.00394396 -0.0360853 -0.0013537 -0.00943104 -0.0250906
internal_weight=29.6514 13.9114 12.4138 11.5369 15.74 12.1562 10.9037 3.58382 5.64531 8.99726 5.25839 8.27332 5.76268 2.48559
internal_count=1834 1006 892 879 828 544 399 284 91 418 308 351 75 33
is_linear=0
shrinkage=0.05


Tree=129
num_leaves=15
num_cat=0
split_feature=14 3 4 14 14 14 3 14 5 14 3 14 11 16
split_gain=0.955516 1.18771 1.03514 0.95037 0.885833 0.755336 0.945992 0.623788 1.22349 0.597277 0.550789 0.520367 0.939628 0.853558
threshold=0.94521561264991771 0.36599999666213995 0.99975001811981212 0.92699933052062999 0.9766443967819215 0.930240958929062 0.55500000715255748 0.90128409862518322 1.0000000180025095e-35 0.93461748957633983 0.99849998950958263 0.95092076063156139 13.500000000000002 1.0000000180025095e-35
decision_type=2 2 2 2 2 2 2 2 2 2 2 2 2 2
left_child=3 4 11 7 -2 -5 -7 -1 -9 -8 -4 -3 13 -13
right_child=1 2 10 5 -6 6 9 8 -10 -11 -12 12 -14 -15
leaf_value=-0.017192119753412349 -0.042468181663896348 0.035748199475276202 -0.031463629846645941 -0.04713576513612807 -0.00033657938140354074 0.020386838240295413 0.012485205729691067 -0.019804725125385364 0.030107929334593511 -0.034375721667753587 0.006019521781422621 -0.013434952369472276 0.02735643657597869 0.016579664862728286
leaf_weight=1.9400827984791265 1.100846142508092 1.7690615963656444 1.1479260120540848 1.8660664320923386 3.111632639542222 1.0237268880009653 0.34689354221336532 1.1240608785301449 2.2202079184353352 1.5738179031759498 1.3102493815822527 4.6146767910686304 3.72204368642997 3.0993628827854991
leaf_count=38 10 102 35 23 24 15 39 14 54 69 210 194 458 566
internal_value=-0.00273594 0.00366082 0.0100235 -0.0145253 -0.0173819 -0.0284825 -0.00770787 0.000690779 0.0126344 -0.0245353 -0.0155212 0.0155367 0.00978696 -0.000856876
internal_weight=29.9707 19.8758 15.6633 10.0949 4.21248 4.8105 2.94444 5.28435 3.34427 1.92071 2.45818 13.2051 11.4361 7.71404
internal_count=1851 1599 1565 252 34 146 123 106 68 108 245 1320 1218 760
is_linear=0
shrinkage=0.05


Tree=130
num_leaves=15
num_cat=0
split_feature=14 37 14 14 14 3 5 11 3 12 3 14 5 14
split_gain=0.46882 0.730066 0.815047 0.660579 0.677294 0.744169 1.48464 1.48426 0.555963 0.59376 0.554505 0.626922 0.368586 0.319261
threshold=0.98733773827552807 1.0000000180025095e-35 0.99494275450706493 0.98690772056579601 0.98372873663902294 0.91749998927116405 0.75000000000000011 32.500000000000007 0.92950001358985912 5.5000000000000009 0.85749998688697826 0.97183942794799816 1.0000000180025095e-35 0.97876101732254039
decision_type=2 2 2 2 2 2 2 2 2 2 2 2 2 2
left_child=3 2 12 4 5 6 7 10 -7 -10 13 -12 -2 -1
right_child=1 -3 -4 -5 -6 8 -8 -9 9 -11 11 -13 -14 -15
leaf_value=-0.019987933564960897 -0.0034676350092819695 -0.01617630879986429 -0.02047870721385885 -0.03783620361777449 0.021697746503278104 -0.039064502565871656 0.034434169503998545 0.030678168782642304 -0.015030936137031201 0.016523120564949135 0.025713407315790967 -0.018284255252005454 0.037026811813977871 0.0042867068475144583
leaf_weight=9.2470650293398737 0.49665571935474861 1.1762078916653993 0.27281439397484053 0.81768862600438197 1.1065067744348187 1.5642221779562522 1.5606441004201776 1.3097255477914593 7.8239225016441178 0.93611448258161534 1.0425192958209653 0.45419737603515375 1.9403546871617434 1.1974814888089884
leaf_count=101 4 44 8 35 167 49 40 45 926 111 36 9 254 12
internal_value=-0.006007 0.00868056 0.0209219 -0.00835043 -0.00607654 -0.0080826 -0.000659937 -0.0069194 -0.0177328 -0.0103116 -0.013095 0.0103861 0.0301664 -0.0170734
internal_weight=30.9461 3.88603 2.70982 27.0601 26.2424 25.1359 14.8116 13.251 10.3243 8.76004 11.9413 1.49672 2.43701 10.4445
internal_count=1841 310 266 1531 1496 1329 243 203 1086 1037 158 45 258 113
is_linear=0
shrinkage=0.05


Tree=131
num_leaves=15
num_cat=0
split_feature=11 14 7 3 12 14 11 12 3 4 14 17 4 3
split_gain=0.936277 0.976234 0.471236 0.512478 0.767021 0.694284 0.715197 0.81428 0.788922 0.630701 0.485716 0.469081 1.03565 0.410301
threshold=32.500000000000007 0.99494275450706493 1.0000000180025095e-35 0.31700000166893011 1.0000000180025095e-35 0.94687074422836315 11.500000000000002 13.500000000000002 0.96149998903274547 0.99975001811981212 0.88813546299934398 1.0000000180025095e-35 0.97455000877380382 0.6120000183582307
decision_type=2 2 2 2 2 2 2 2 2 2 2 2 2 2
left_child=2 -2 -1 -4 9 11 -7 -8 -9 10 -5 12 13 -6
right_child=1 -3 3 4 5 6 7 8 -10 -11 -12 -13 -14 -15
leaf_value=-0.025874401237180735 0.036035626813039741 -0.021228283619783742 -0.017404860036310435 -0.0075555411814497752 -0.0048265121200401608 0.014244497588522198 -0.024311079228190674 -0.01828478855511401 0.030638806741558541 -0.013337411303373873 0.03432370932891398 0.011536653250593731 0.019263703377459473 -0.03388846884082429
leaf_weight=0.98569120466709748 2.1335765300318594 0.25623006443493057 2.8695999830961254 0.46331307291984902 2.17426569759846 7.2675516780000162 2.4749701037653722 0.53564395196735848 1.0533292717300353 0.546424860425759 2.7121695422683842 0.95313257724046696 0.84721765998983745 3.5466021040920168
leaf_count=39 212 3 17 2 19 678 217 13 63 106 314 11 66 89
internal_value=0.00067394 0.0254448 -0.00241182 -0.000558818 0.00223004 -0.00217409 0.00552402 -0.00980415 0.0134542 0.0202744 0.0278673 -0.0130593 -0.0176813 -0.0252048
internal_weight=28.8197 2.38981 26.4299 25.4442 22.5746 18.8527 11.3315 4.06394 1.58897 3.72191 3.17548 7.52122 6.56809 5.72087
internal_count=1849 215 1634 1595 1578 1156 971 293 76 422 316 185 174 108
is_linear=0
shrinkage=0.05


Tree=132
num_leaves=15
num_cat=0
split_feature=4 36 36 14 12 11 11 12 14 4 11 4 4 7
split_gain=0.716589 0.887159 0.758353 0.493267 1.17359 0.991145 0.462603 0.600615 0.536676 0.463833 0.628375 0.630641 0.544344 0.412341
threshold=0.84700000286102306 1.0000000180025095e-35 1.0000000180025095e-35 0.94687074422836315 1.0000000180025095e-35 7.5000000000000009 6.5000000000000009 1.5000000000000002 0.96137788891792308 0.97804999351501476 11.500000000000002 0.97124999761581432 0.99215000867843639 1.0000000180025095e-35
decision_type=2 2 2 2 2 2 2 2 2 2 2 2 2 2
left_child=1 3 6 5 -5 -1 8 13 -2 10 -9 -12 -11 -8
right_child=2 -3 -4 4 -6 -7 7 9 -10 12 11 -13 -14 -15
leaf_value=-0.027866160423998872 0.0052046923714407544 0.02257912317789209 -0.032208279166280655 -0.022879542646544397 0.022006309222456208 0.0156463727682629 -0.011014020226919751 0.0061864573632497595 -0.02773199958278523 0.026207162495885002 -0.0031250967996695198 -0.043579690814851746 -0.0046406549093112245 0.029688375967502123
leaf_weight=2.9163090186193603 1.4503304175450491 3.8705117329955092 2.1511105198878786 1.2973002187209202 3.1388471792452037 1.188150819391012 0.25806464254856099 2.08390908280853 2.675864502612967 1.1500395818729883 2.0119297680212189 1.2026354236877521 3.5839787141303532 1.4344638705370005
leaf_count=25 93 32 86 20 41 16 5 144 174 192 51 28 374 540
internal_value=-0.00349894 0.00548765 -0.0096572 -0.00381279 0.00708582 -0.0146726 -0.00486715 0.000563334 -0.0173981 -0.00464541 -0.0137056 -0.0250092 0.00611679 0.0216967
internal_weight=30.4134 12.4111 18.0023 8.54061 4.43615 4.10446 15.8512 11.725 4.12619 10.0325 5.29847 3.21457 4.73402 1.69253
internal_count=1821 134 1687 102 61 41 1601 1334 267 789 223 79 566 545
is_linear=0
shrinkage=0.05


Tree=133
num_leaves=15
num_cat=0
split_feature=7 15 11 4 14 4 4 4 5 4 14 14 4 4
split_gain=0.570319 0.738211 1.4703 0.939455 0.755697 0.588713 0.642453 0.704403 0.547928 0.572963 0.433546 0.907213 0.882371 0.816899
threshold=1.0000000180025095e-35 1.0000000180025095e-35 7.5000000000000009 0.95274999737739574 0.930240958929062 0.97124999761581432 0.97424998879432689 0.99215000867843639 1.0000000180025095e-35 0.99334999918937694 0.96137788891792308 0.97183942794799816 0.81705000996589672 0.96715000271797191
decision_type=2 2 2 2 2 2 2 2 2 2 2 2 2 2
left_child=-1 3 4 -2 -3 -5 -7 -8 -9 -10 12 13 -6 -12
right_child=1 2 -4 5 10 6 7 8 9 -11 11 -13 -14 -15
leaf_value=-0.028879968155568814 -0.022139347580110883 -0.024667189605686059 0.033244640137128675 0.025350332578503294 -0.0032508214489530489 -0.031249699739790804 0.024867828813776409 -0.02794906559646031 -0.021968393026627064 0.015464927708520823 -0.031426867998426464 0.019632867531098861 0.035204155191111287 0.017159041994079211
leaf_weight=1.2369349426589931 6.8582961899228394 2.0781212113797656 2.6323636255110623 1.132603896432556 3.307114467956124 0.73171838512644161 1.4398208791972136 1.0585210807621481 0.5074207016732547 2.2999854363151826 2.34935895272065 1.2010322003043254 1.5104917499702422 0.45534438447793935
leaf_count=47 96 16 522 79 34 21 210 23 23 371 64 114 136 113
internal_value=-0.00454526 -0.00248028 0.00565103 -0.010179 -0.00324544 0.00257088 -0.00469742 0.00333945 -0.00814137 0.0047062 0.00379739 -0.0074065 0.012785 -0.0211022
internal_weight=28.7991 27.5622 13.5338 14.0284 10.9015 7.17007 6.03747 5.30575 3.86593 2.80741 8.82334 4.00574 4.81761 2.8047
internal_count=1869 1822 999 823 477 727 648 627 417 394 461 291 170 177
is_linear=0
shrinkage=0.05


Tree=134
num_leaves=15
num_cat=0
split_feature=12 14 14 11 14 34 9 14 30 7 3 3 12 4
split_gain=1.04877 0.876958 1.04975 0.573256 0.789636 0.582582 1.3455 0.43746 0.494038 0.603686 0.49777 0.425507 0.749312 0.392343
threshold=1.0000000180025095e-35 0.98372873663902294 0.97846508026123058 11.500000000000002 0.97246921062469494 1.0000000180025095e-35 3.992484569549561 0.90128409862518322 1.0000000180025095e-35 1.0000000180025095e-35 0.62000000476837169 0.91749998927116405 1.5000000000000002 0.99994999170303356
decision_type=2 2 2 2 2 2 2 2 2 2 2 2 2 2
left_child=1 2 7 4 5 6 11 -1 9 -9 -10 12 -2 -5
right_child=3 -3 -4 13 -6 -7 -8 8 10 -11 -12 -13 -14 -15
leaf_value=-0.0097451659406939603 -0.016074207824993754 0.035727052275946858 -0.023122864647965605 -0.023296972858950018 0.021958931106544097 -0.028932322810342283 0.031026848168726352 -0.012784121657978528 -0.023503551519568035 0.032725116981569123 0.017216734946156484 -0.023656128423711214 0.015058685372648274 0.0085452052423763102
leaf_weight=1.0552742991130815 3.083038639277218 1.688313490245491 1.9120586805511264 5.8205895202117963 1.8328203733544786 1.4973817276768393 1.5029399358900271 0.32874010223895345 0.62886227667331673 3.1521019377978519 0.45027671608841047 2.6349494858877733 2.6772416653111577 0.60551637923344959
leaf_count=12 29 151 74 289 360 22 345 15 5 300 101 46 22 60
internal_value=-0.00199393 0.0111846 0.00213574 -0.00841545 -0.00201267 -0.00732866 -0.00170558 0.0129318 0.0189886 0.0265332 -0.0064041 -0.0102441 -0.00151727 -0.0195499
internal_weight=28.8701 9.21563 7.52731 19.6545 13.2284 11.3956 9.89817 5.61526 4.55998 3.48084 1.07914 8.39523 5.76028 6.42611
internal_count=1831 658 507 1173 824 464 442 433 421 315 106 97 51 349
is_linear=0
shrinkage=0.05


Tree=135
num_leaves=15
num_cat=0
split_feature=7 3 12 16 12 15 9 11 3 19 25 12 11 3
split_gain=0.656699 0.545957 0.947683 1.59384 0.840378 0.798673 1.01508 0.776762 0.709032 0.940941 0.929265 0.866026 0.625824 0.521548
threshold=1.0000000180025095e-35 0.92050001025199901 2.5000000000000004 1.0000000180025095e-35 13.500000000000002 1.0000000180025095e-35 4.0992836952209482 32.500000000000007 0.31700000166893011 1.0000000180025095e-35 1.0000000180025095e-35 4.5000000000000009 6.5000000000000009 0.96149998903274547
decision_type=2 2 2 2 2 2 2 2 2 2 2 2 2 2
left_child=-1 7 5 4 -4 -3 12 8 -2 10 11 -10 -7 -6
right_child=1 2 3 -5 13 6 -8 -9 9 -11 -12 -13 -14 -15
leaf_value=-0.027529565066364944 -0.016296917384083755 -0.034311608344365287 -0.026401543641877412 0.035157444047227461 -0.015687513839105861 -0.025279182393726764 0.026530452200102202 0.032956547393149287 0.035511023793954204 -0.018288468640345668 -0.0060305570584705884 -0.0075973187519414774 0.01614243356313692 0.024508219956523695
leaf_weight=1.1246675453148807 2.7898565884679583 2.7326363663305511 2.2735447920858864 2.1073949024430476 0.42930911481380452 2.5262199705466633 1.1080921886023132 1.5644099824130524 4.1816524490714038 1.6834720475599176 2.8237060122191906 1.1046273245010523 0.46883813431486476 1.2517163278535006
leaf_count=46 16 197 39 528 12 26 568 73 66 45 29 18 82 69
internal_value=-0.000748993 0.00130655 -0.00589943 0.00787099 -0.0108311 -0.0175571 -0.00186173 0.00783165 0.00251173 0.00888321 0.0159119 0.0267275 -0.0163776 0.0122204
internal_weight=28.1701 27.0455 12.8978 6.06197 3.95457 6.83579 4.10315 14.1477 12.5833 9.79346 8.10999 5.28628 2.99506 1.68103
internal_count=1814 1768 1521 648 120 873 676 247 174 158 113 84 108 81
is_linear=0
shrinkage=0.05


Tree=136
num_leaves=15
num_cat=0
split_feature=3 7 11 14 3 3 3 11 11 14 14 14 14 11
split_gain=0.553611 0.41174 0.486337 0.49047 0.609499 1.37731 0.664548 0.775813 0.625379 0.57022 0.638206 0.547442 0.598454 0.684278
threshold=0.28300000727176672 1.0000000180025095e-35 40.500000000000007 0.930240958929062 0.32999999821186071 0.52950000762939464 0.95049998164176952 16.000000000000004 11.500000000000002 0.99035143852233898 0.94521561264991771 0.94687074422836315 0.95092076063156139 6.5000000000000009
decision_type=2 2 2 2 2 2 2 2 2 2 2 2 2 2
left_child=-1 -2 3 -3 -5 -6 7 8 11 10 -8 -7 -13 -14
right_child=1 2 -4 4 5 6 9 -9 -10 -11 -12 12 13 -15
leaf_value=0.01517043327263156 -0.027325893401444524 -0.013125157221422429 -0.030110028398397066 -0.018416607410989806 0.036016985459782047 -0.029268927972362815 -0.012633976577245394 0.022373004348553823 -0.03697052632984546 -0.017094161535752803 0.023178844096206103 0.02930395005778488 -0.014638791193710074 0.02305832567114964
leaf_weight=2.5456912759691503 1.1073989486321867 6.2623849690426168 0.67328529711812635 2.0939789339900043 2.08049700688571 0.78173964028246512 0.9074064886663108 0.70995153096737329 1.4343015333870424 0.73687064403202374 4.5877253350918181 0.58367021929007012 3.7084687569877133 0.65285783034050826
leaf_count=16 46 109 32 14 41 25 77 56 39 106 1128 16 86 46
internal_value=-0.0036194 -0.00592549 -0.00397896 -0.00211115 0.00214766 0.00572539 -0.000832159 -0.00995341 -0.015507 0.0104713 0.0162304 -0.00543443 0.00262298 -0.00574749
internal_weight=28.8662 26.3205 25.2131 24.5399 18.2775 16.1835 14.103 7.87099 7.16104 6.232 5.49513 5.72674 4.945 4.36133
internal_count=1837 1821 1775 1743 1634 1620 1579 268 212 1311 1205 173 148 132
is_linear=0
shrinkage=0.05


Tree=137
num_leaves=15
num_cat=0
split_feature=11 11 7 12 12 2 14 11 3 3 14 11 14 4
split_gain=0.560498 1.4004 0.44253 0.348194 0.582608 0.640164 0.482623 1.15212 1.04243 0.85222 0.789292 1.27701 1.08633 0.923497
threshold=40.500000000000007 32.500000000000007 1.0000000180025095e-35 8.0000000000000018 5.5000000000000009 1.0000000180025095e-35 0.98247721791267406 7.5000000000000009 0.27700001001358038 0.31700000166893011 0.94687074422836315 6.5000000000000009 0.95092076063156139 0.95205000042915355
decision_type=2 2 2 2 2 2 2 2 2 2 2 2 2 2
left_child=1 2 -1 4 5 6 9 -8 -9 -4 13 12 -12 -11
right_child=-2 -3 3 -5 -6 -7 7 8 -10 10 11 -13 -14 -15
leaf_value=-0.026137138900468079 -0.030030717821656588 0.033822467350337004 -0.024145654444615465 -0.016860752827504467 0.026430088718602071 -0.023536782333810957 -0.025388335497533401 -0.020470283996693608 0.03996808215953325 0.0046196902456209108 0.031821834293990443 0.037744444205711943 -0.013439742209697869 -0.027832016968652947
leaf_weight=1.0190624715760446 0.66787795419804652 1.7527331536402915 2.5755645260214974 2.3304684548638752 0.98030363599536841 1.9658702164888371 0.44554685871116761 0.24986308813095126 2.2458005902008153 5.2919202359626052 0.79239217756548885 2.3335178588749841 4.1157034045900218 2.4865554916905239
leaf_count=46 30 173 14 112 202 16 17 1 242 88 25 544 212 114
internal_value=-0.00185549 -0.000204386 -0.00356241 -0.00172967 0.000399283 -0.00181102 0.00126495 0.0171123 0.0297922 -0.00216181 0.00287977 0.013845 -0.00198313 -0.00774293
internal_weight=29.2532 28.5853 26.8326 25.8135 23.483 22.5027 20.5369 2.94121 2.49566 17.5957 15.0201 7.24161 4.9081 7.77848
internal_count=1836 1806 1633 1587 1475 1273 1257 260 243 997 983 781 237 202
is_linear=0
shrinkage=0.05


Tree=138
num_leaves=15
num_cat=0
split_feature=11 7 2 12 3 4 15 12 19 3 12 9 9 12
split_gain=0.529855 0.529889 0.460688 0.595 1.17868 1.43157 1.11001 0.944879 0.823244 0.785599 0.736782 0.626404 0.57529 0.509663
threshold=40.500000000000007 1.0000000180025095e-35 1.0000000180025095e-35 2.5000000000000004 0.91749998927116405 0.97424998879432689 1.0000000180025095e-35 8.0000000000000018 1.0000000180025095e-35 0.96149998903274547 13.500000000000002 4.0992836952209482 1.5551638007164004 1.5000000000000002
decision_type=2 2 2 2 2 2 2 2 2 2 2 2 2 2
left_child=1 -1 3 4 13 6 -6 -5 11 -9 -11 -8 -7 -3
right_child=-2 2 -4 7 5 12 8 9 -10 10 -12 -13 -14 -15
leaf_value=-0.024733199331555031 -0.02796448316054468 0.0030037426677459711 -0.01426023959373844 0.032969288319508655 -0.051596114541239246 -0.016380436242342686 -0.027388004646758897 -0.026471695306436852 0.023049313493893123 -0.017539532781108223 0.030837754369921734 0.015343148731947844 0.029216121353191651 0.025550536227998244
leaf_weight=0.9179863608442308 0.70434439112432201 9.5229615798452958 2.6688732448965302 3.0062421769252969 1.6445978813571844 0.24128697812557209 2.4039219138212511 1.0518930926918986 0.7644440290168858 0.45748561248183217 1.088651857804507 0.43133100785780687 1.3541568219079634 2.5730936049949369
leaf_count=44 34 149 29 547 29 1 26 39 138 6 65 94 609 32
internal_value=-0.00088848 0.000726359 0.00243166 0.00473427 0.000215792 -0.0151282 -0.026752 0.017657 -0.0066518 -0.00429996 0.0152567 -0.0185817 0.018666 0.00938471
internal_weight=28.8313 28.1269 27.2089 24.5401 18.9358 6.83974 5.24429 5.60427 3.5997 2.59803 1.54614 2.83525 1.59544 12.0961
internal_count=1842 1808 1764 1735 1078 897 287 657 258 110 71 120 610 181
is_linear=0
shrinkage=0.05


Tree=139
num_leaves=15
num_cat=0
split_feature=7 11 4 16 9 4 23 3 4 3 11 4 3 11
split_gain=0.436787 0.42677 0.468442 0.857885 0.672151 1.24905 0.596703 0.574762 0.967321 0.615661 0.548138 0.469395 0.446829 0.438612
threshold=1.0000000180025095e-35 40.500000000000007 0.97705000638961803 1.0000000180025095e-35 5.8067834377288827 0.95205000042915355 1.0000000180025095e-35 0.92599999904632579 0.92969998717308056 0.27700001001358038 13.500000000000002 0.87620002031326305 0.95449998974800121 48.500000000000007
decision_type=2 2 2 2 2 2 2 2 2 2 2 2 2 2
left_child=-1 2 4 10 6 -6 7 8 9 -2 -4 -9 -7 -3
right_child=1 13 3 -5 5 12 -8 11 -10 -11 -12 -13 -14 -15
leaf_value=-0.026960218500657301 -0.020884436331138571 -0.038994668113124367 -0.018913393970963394 0.032493946737870621 0.01439331035898332 0.0016722802503482078 -0.016124288896298366 -0.010896002895381859 -0.030540325557220395 0.0098967889151647948 0.0098954196170303772 0.031908866154481352 -0.043850204800850084 0.0092788952767733895
leaf_weight=1.0809410708025122 0.96434889174999128 0.48854059260338445 1.8575575068825845 1.6251713052624834 1.139423603890463 0.5645672524115074 3.5892117746407157 0.2976723604369903 1.2301117959432293 9.4469465131405723 2.949368306377437 1.7062355782836673 2.1385613717720844 0.22438332927413285
leaf_count=48 6 3 171 616 82 41 43 5 21 108 349 209 129 32
internal_value=-0.00475836 -0.0030145 -0.00145237 0.00946391 -0.00506147 -0.021521 -0.000412719 0.00453879 -0.000454177 0.00546537 -0.00257717 0.0240398 -0.0364584 -0.0272541
internal_weight=29.303 28.2221 27.5092 6.4321 21.0771 3.84255 17.2345 13.6453 11.6414 10.4113 4.80693 2.00391 2.70313 0.712924
internal_count=1863 1815 1780 1136 644 252 392 349 135 114 520 214 170 35
is_linear=0
shrinkage=0.05


Tree=140
num_leaves=15
num_cat=0
split_feature=7 11 5 33 3 17 8 14 12 11 3 3 11 14
split_gain=0.63301 0.62728 0.834202 0.803783 1.01723 1.10088 0.734842 0.719832 0.427249 0.423458 0.362443 1.59881 0.355763 0.316653
threshold=1.0000000180025095e-35 40.500000000000007 1.0000000180025095e-35 1.0000000180025095e-35 0.29999999701976782 1.0000000180025095e-35 1.0000000180025095e-35 0.90128409862518322 2.5000000000000004 48.500000000000007 0.92050001025199901 0.9454999864101411 16.000000000000004 0.94521561264991771
decision_type=2 2 2 2 2 2 2 2 2 2 2 2 2 2
left_child=-1 2 12 4 -4 6 -6 -8 -5 -3 -9 -12 13 -2
right_child=1 9 3 8 5 -7 7 10 -10 -11 11 -13 -14 -15
leaf_value=-0.026198598620364961 -0.020404009262039915 -0.038264331596603279 -0.0095615762391516139 -0.025368722954153079 -0.017304293791007536 -0.011516230165379424 -0.0044453837170914477 0.045539090085659206 0.013004914817696481 0.0091766382753492998 -0.012845080811820489 0.035367113940822544 0.0142727879202246 -0.0016797257288495059
leaf_weight=1.0249074585735822 3.3746657148003614 0.49196989368647237 2.9838562905788431 1.3664777451194829 0.30397464672569441 1.7649464537389583 1.2351227651815797 3.5939174931263533 0.3270733740646391 0.22133316309191287 2.0129024024354294 3.8666204406763427 0.81494849082082588 5.0770648713223636
leaf_count=48 41 3 19 50 11 36 23 128 54 31 88 1273 10 67
internal_value=0.000845719 0.00274186 0.00446749 0.0106969 0.0143298 0.020198 0.0258163 0.0284138 -0.0158809 -0.0267796 0.0327132 0.0193934 -0.00716533 -0.0105238
internal_weight=28.4598 27.4349 26.7216 17.4549 15.7613 12.7775 11.0125 10.7086 1.69355 0.713303 9.47344 5.87952 9.26668 8.45173
internal_count=1882 1834 1800 1682 1578 1559 1523 1512 104 34 1489 1361 118 108
is_linear=0
shrinkage=0.05


Tree=141
num_leaves=15
num_cat=0
split_feature=28 3 3 3 4 4 4 11 12 22 3 7 11 11
split_gain=0.539284 0.605482 1.29059 0.73445 1.01039 0.666941 0.649715 0.383771 0.392664 0.362072 0.293473 0.28751 0.325868 0.257422
threshold=1.0000000180025095e-35 0.52950000762939464 0.31700000166893011 0.62000000476837169 0.84700000286102306 0.97060000896453869 0.99304997920990001 13.500000000000002 8.0000000000000018 1.0000000180025095e-35 0.44699999690055853 1.0000000180025095e-35 25.500000000000004 37.500000000000007
decision_type=2 2 2 2 2 2 2 2 2 2 2 2 2 2
left_child=1 2 -1 -3 -5 9 11 -8 -9 13 -4 -7 -13 -6
right_child=-2 3 10 4 5 6 7 8 -10 -11 -12 12 -14 -15
leaf_value=-0.0079828259029138936 0.026482831498765902 -0.029907057810466642 0.036968678932915687 0.028894818659843936 -0.020298863946740096 -0.010277702878448732 -0.019677490973554358 0.022500833813660852 -0.0089368157578457643 0.012929292569479701 0.0012580874973810497 0.029805617787706653 -0.00061710991103852144 0.0095262330669216716
leaf_weight=4.0516873160377207 0.87229831708827887 1.7591225244104887 2.2870498830452566 1.3460403315257305 7.2086008440237475 0.24281247751787338 2.1786018614657223 0.75656069238903012 1.41948894970119 0.33092503255465988 0.78511808905750502 2.1402214418048975 1.1676215115003286 0.22137505729915563
leaf_count=27 118 16 41 22 339 9 379 271 80 43 16 341 121 13
internal_value=0.000552791 -0.00127287 0.0102706 -0.00595159 -0.00195166 -0.00617671 0.00391227 -0.00833768 0.00563642 -0.0157269 0.0303926 0.0174668 0.0214164 -0.0183856
internal_weight=26.7675 25.8952 7.12386 18.7714 17.0122 15.6662 7.90531 4.35465 2.17605 7.7609 3.07217 3.55066 3.30784 7.42998
internal_count=1836 1718 84 1634 1618 1596 1201 730 351 395 57 471 462 352
is_linear=0
shrinkage=0.05


Tree=142
num_leaves=15
num_cat=0
split_feature=15 3 7 11 11 12 3 3 11 4 16 4 13 3
split_gain=0.582816 1.30895 0.598021 0.577924 0.554778 0.462454 0.562209 0.437926 0.586976 0.292262 0.270873 0.442062 0.254438 1.13692
threshold=1.0000000180025095e-35 0.32999999821186071 1.0000000180025095e-35 10.500000000000002 40.500000000000007 8.0000000000000018 0.27700001001358038 0.96149998903274547 14.500000000000002 0.99975001811981212 1.0000000180025095e-35 0.95250001549720775 0.75000000000000011 0.82949998974800121
decision_type=2 2 2 2 2 2 2 2 2 2 2 2 2 2
left_child=3 -2 -3 10 5 6 -5 -7 -9 12 -1 -12 13 -4
right_child=1 2 9 4 -6 7 -8 8 -10 -11 11 -13 -14 -15
leaf_value=-0.034185143070955167 -0.032917657238021737 -0.018458756164269417 -0.022445846326748849 -0.019172928379544457 -0.028394959052990922 -0.027774573245978491 0.011959947541743232 0.021811179129374768 -0.019999212382002536 -0.010395629093460999 -0.02249159973265269 0.016328964469931307 0.021524855769226907 0.02935331679837146
leaf_weight=1.3395842500031006 0.79951764456927854 0.56358084967359623 1.2967206090688645 0.79345673322677157 0.66369598056189794 1.1617606785148393 8.3514341838890669 0.94305520877242066 0.50937972962856293 0.35952486464520994 0.31945271114818741 0.6548759019933641 8.3053782648348751 0.96977504628011946
leaf_count=18 6 33 10 4 28 43 556 69 4 119 10 92 797 54
internal_value=0.00014515 0.00784789 0.0130908 -0.00637141 -0.00131357 0.0023206 0.00763506 -0.0132389 0.00497217 0.0161282 -0.0249352 -0.00134435 0.0178506 0.00191875
internal_weight=27.0312 12.2945 11.495 14.7367 12.4228 11.7591 9.14489 2.6142 1.45243 10.9314 2.31391 0.974329 10.5719 2.2665
internal_count=1843 1019 1013 824 704 676 560 116 73 980 120 102 861 64
is_linear=0
shrinkage=0.05


Tree=143
num_leaves=15
num_cat=0
split_feature=8 4 14 3 4 3 12 9 9 4 11 23 14 9
split_gain=0.390496 0.449606 0.735976 0.806998 0.66494 0.893147 0.636968 0.582134 0.530636 0.423766 0.406931 0.394426 0.494614 0.372006
threshold=0.75000000000000011 0.95205000042915355 0.98742127418518078 0.77549999952316295 0.98215001821517955 0.97600001096725475 2.5000000000000004 3.927794456481934 3.7255351543426518 0.99304997920990001 13.500000000000002 1.0000000180025095e-35 0.88813546299934398 12.342508792877199
decision_type=2 2 2 2 2 2 2 2 2 2 2 2 2 2
left_child=1 2 3 -1 5 8 7 -7 -3 -6 -11 12 -5 -8
right_child=-2 4 -4 11 9 6 13 -9 -10 10 -12 -13 -14 -15
leaf_value=-0.011419936487268245 0.015438579701632907 -0.016722329492063173 0.028225250057387991 -0.01089355742321361 0.018453427124998732 0.0047417304359815299 0.012986773126079446 -0.057580075818099347 0.015972023531114422 -0.020327024013644515 0.005390249459415632 -0.0086642344209220436 0.028842763099108479 -0.022190097296032649
leaf_weight=10.966361253522338 1.1313611781806674 1.7738328771665677 0.8935275115072735 0.4514275602996366 1.0768844459380487 0.26611039973795492 0.7633815551525911 1.8324000005959531 1.2618303875206036 2.0878196712292265 2.4140676521346904 0.94165435666218389 2.2707216191338375 0.32614753628149629
leaf_count=118 222 34 10 4 251 19 68 95 125 366 324 20 156 22
internal_value=-0.0057205 -0.00711064 -0.0013016 -0.00479538 -0.0140527 -0.0240696 -0.0390667 -0.0506973 -0.00254207 -0.000917781 -0.00806333 0.0132301 0.0210968 -0.00312353
internal_weight=28.4575 27.3262 15.5237 14.6302 11.8025 6.2237 3.18804 2.09851 3.03566 5.57877 4.50189 3.6638 2.72215 1.08953
internal_count=1834 1612 308 298 1304 363 204 114 159 941 690 180 160 90
is_linear=0
shrinkage=0.05


Tree=144
num_leaves=15
num_cat=0
split_feature=4 9 9 4 4 9 9 30 4 3 12 9 3 4
split_gain=0.666808 0.791745 0.739256 0.712354 0.602024 0.869059 0.497063 0.41538 0.409701 0.355838 0.351071 0.347463 0.677002 0.328634
threshold=0.92969998717308056 8.9802742004394549 2.2800099849700932 0.98135000467300426 0.9694499969482423 3.5444744825363164 3.6883435249328618 1.0000000180025095e-35 0.99884998798370372 0.93149998784065258 13.500000000000002 8.7346062660217303 0.95049998164176952 0.81705000996589672
decision_type=2 2 2 2 2 2 2 2 2 2 2 2 2 2
left_child=2 3 7 4 5 9 -6 -1 -3 -2 -7 12 -5 -4
right_child=1 8 13 11 6 10 -8 -9 -10 -11 -12 -13 -14 -15
leaf_value=0.0037880010211326291 -0.035755771160183539 0.020875970144581341 -0.0048193178959878222 -0.012872196326812 0.004203102007379343 0.022527063295020109 -0.044302484976184602 -0.021332825046849215 -0.0075092887416915322 0.0024888296248315733 -0.012469503245490336 -0.019052547550514061 0.023996305284363931 0.031192170354812206
leaf_weight=9.3458906658925116 1.1073875213041886 2.0629357729631006 0.48240302316844408 1.3593631734838714 0.43063262291252646 1.4713701239088548 2.4891708230716176 0.95692267268896181 1.4853878800058735 0.68270491692237545 0.27680773567408312 0.48926984338322643 1.8673692392767407 2.3684184501180425
leaf_count=110 12 301 7 83 34 196 124 7 208 34 7 19 576 107
internal_value=-0.00105 -0.00846585 0.00673803 -0.0152063 -0.0241319 -0.00692152 -0.0379014 -0.000226178 0.00995493 -0.0255057 0.0144647 0.00213352 0.00909357 0.0254294
internal_weight=26.876 13.7224 13.1536 10.1741 6.45807 3.53827 2.9198 10.3028 3.54832 1.79009 1.74818 3.716 3.22673 2.85082
internal_count=1825 1594 231 1085 407 249 158 117 509 46 203 678 659 114
is_linear=0
shrinkage=0.05


Tree=145
num_leaves=15
num_cat=0
split_feature=4 4 9 4 9 8 4 4 14 4 3 14 14 3
split_gain=0.576612 0.6784 0.66869 0.594715 0.489482 0.467465 0.510188 0.740869 0.657428 0.591009 0.389207 0.575093 0.502625 0.397475
threshold=0.95205000042915355 0.95274999737739574 8.8445467948913592 0.99884998798370372 4.0384509563446054 0.75000000000000011 0.96665000915527355 0.97154998779296886 0.98372873663902294 0.97394999861717235 0.28300000727176672 0.97645366191864025 0.96440431475639354 0.92050001025199901
decision_type=2 2 2 2 2 2 2 2 2 2 2 2 2 2
left_child=4 -2 5 -4 10 6 -3 -8 9 -9 -1 12 13 -12
right_child=1 2 3 -5 -6 -7 7 8 -10 -11 11 -13 -14 -15
leaf_value=0.015283670774308079 -0.041912165245749609 0.0073105032295487432 0.027831995691254708 -0.0081267195963877666 0.025287372354805243 0.016862847454768824 -0.045283808055530159 0.01621471233531227 0.016167496267082318 -0.02322446959940563 0.0028974892187468831 -0.02354389046373636 0.026505175032167479 -0.020175550652901299
leaf_weight=2.5080926343798664 0.48601095599587907 1.5364332649623937 1.511848088470287 1.473964152857661 1.3691340116201889 0.46188660257030356 1.2584054159815421 0.42499774019233871 1.1485103899613021 4.0227531113778241 7.2839636495336855 1.8004358417820174 0.76104441145435053 1.4282748373225329
leaf_count=16 12 90 313 206 154 164 48 20 204 436 86 24 21 23
internal_value=-0.00214502 -0.00978335 -0.00530262 0.0124955 0.00428955 -0.0119643 -0.0151777 -0.0205073 -0.00891548 -0.0171713 0.00063396 -0.00360489 0.00207076 -0.00257295
internal_weight=27.4758 12.3248 11.8388 2.98581 15.1509 8.85299 8.3911 6.85467 5.59626 4.44775 13.7818 11.2737 9.47328 8.71224
internal_count=1817 1493 1481 519 324 962 798 708 660 456 170 154 130 109
is_linear=0
shrinkage=0.05


Tree=146
num_leaves=15
num_cat=0
split_feature=14 34 4 3 7 3 13 4 3 3 12 11 14 14
split_gain=1.02784 0.653058 0.63675 1.07085 0.815712 0.68236 0.674755 0.606764 1.42174 0.614421 0.494677 0.487276 0.606063 0.599155
threshold=0.9806509017944337 1.0000000180025095e-35 0.96064999699592601 0.88699999451637279 1.0000000180025095e-35 0.92050001025199901 0.75000000000000011 0.98135000467300426 0.31700000166893011 0.96349999308586132 4.5000000000000009 5.5000000000000009 0.90128409862518322 0.94826391339302074
decision_type=2 2 2 2 2 2 2 2 2 2 2 2 2 2
left_child=1 2 5 -4 -5 6 -1 8 -2 -9 -10 -8 -13 -14
right_child=7 -3 3 4 -6 -7 11 9 10 -11 -12 12 13 -15
leaf_value=-0.014000242796233422 0.0071033445634587538 -0.019507712106590542 -0.019010616015292237 -0.013575578051890094 0.039537798657862146 -0.012858537902746079 -0.0079763850836704741 -0.01724316683572806 -0.052151880740551715 0.016137322630640123 0.0040608421506270293 -0.0080914826421799053 0.037633890955285604 0.0065172080398830093
leaf_weight=1.6847669226117421 1.7280707173049443 1.307044785004108 0.56131851894315232 0.35512866126374243 3.4201636851939758 3.8070770062040529 1.3977552345022646 1.5400703450432049 1.9016053733648735 2.0187520241015591 0.29410975630162273 1.1912622926756737 3.2302929146680981 3.2377440213458613
leaf_count=21 12 33 25 16 764 216 22 67 59 448 62 10 48 53
internal_value=0.000365143 0.00624018 0.00891355 0.0237389 0.032745 0.00325202 0.00957068 -0.0143558 -0.0257303 0.00107829 -0.0457078 0.0149114 0.019527 0.025016
internal_weight=27.6752 20.1926 18.8855 4.33661 3.77529 14.5489 10.7418 7.48261 3.92379 3.55882 2.19572 9.05705 7.6593 6.46804
internal_count=1856 1208 1175 805 780 370 154 648 133 515 121 133 111 101
is_linear=0
shrinkage=0.05


Tree=147
num_leaves=15
num_cat=0
split_feature=14 12 14 11 14 9 3 7 14 3 15 14 14 3
split_gain=0.796144 0.749595 0.741089 1.0687 0.708042 0.625057 0.610173 0.464646 0.640097 1.25385 0.867562 1.44139 1.07042 0.78547
threshold=0.9806509017944337 4.5000000000000009 0.98733773827552807 16.000000000000004 0.99494275450706493 6.3864333629608163 0.96149998903274547 1.0000000180025095e-35 0.930240958929062 0.62000000476837169 1.0000000180025095e-35 0.95251977443695079 0.9766443967819215 0.92050001025199901
decision_type=2 2 2 2 2 2 2 2 2 2 2 2 2 2
left_child=7 2 5 -4 -5 -2 -3 -1 9 -9 12 -12 -10 -11
right_child=1 6 3 4 -6 -7 -8 8 10 13 11 -13 -14 -15
leaf_value=-0.021121301016664672 -0.043626648116802912 -0.01873405190369461 -0.031121381572139003 0.032080117701563347 -0.018025458312625347 0.0086621355551863739 0.021542666836374569 -0.037269351012317938 -0.030196821355644672 0.024782790497752338 0.041325444331028222 0.0024757236009446213 0.015266220190374394 -0.0098312752558403424
leaf_weight=0.697802470996982 2.4798977990285489 0.56805557012557995 0.70559719536686349 1.3116649566218255 0.26754970592446614 0.33283339283661906 1.5565730388625525 1.2566059157252336 1.4998708608909486 2.071538265561685 3.4402774017071351 5.4615786265640054 1.7872830311534924 2.6760021856753156
leaf_count=37 106 21 38 134 6 97 261 6 67 43 215 640 101 69
internal_value=-0.00109784 -0.0141498 -0.0232948 -0.000538911 0.0198938 -0.0367902 0.00822477 0.00435254 0.00637914 -0.00629923 0.0126284 0.0201471 -0.00768269 0.00695628
internal_weight=26.1131 7.22217 5.09754 2.28481 1.57921 2.81273 2.12463 18.891 18.1932 6.00415 12.189 8.90186 3.28715 4.74754
internal_count=1841 663 381 178 140 203 282 1178 1141 118 1023 855 168 112
is_linear=0
shrinkage=0.05


Tree=148
num_leaves=15
num_cat=0
split_feature=24 3 4 14 9 3 3 14 9 4 4 12 7 12
split_gain=0.562501 0.413696 0.48683 0.468437 0.424632 0.863223 0.691817 0.638182 0.422212 0.697503 0.444248 0.385652 0.501802 0.339697
threshold=1.0000000180025095e-35 0.28300000727176672 0.98215001821517955 0.99147549271583568 4.0992836952209482 0.92050001025199901 0.87599998712539684 0.9275864064693452 10.646895885467531 0.95274999737739574 0.97394999861717235 8.0000000000000018 1.0000000180025095e-35 13.500000000000002
decision_type=2 2 2 2 2 2 2 2 2 2 2 2 2 2
left_child=1 -1 3 4 5 6 -3 -7 10 -10 -6 12 -4 -13
right_child=-2 2 11 -5 8 7 -8 -9 9 -11 -12 13 -14 -15
leaf_value=0.012526981862606279 0.021710029491237473 -0.0085968787702618895 -0.015298582716435914 -0.037795007429547556 0.022569106694577942 0.012069327271676665 0.024317322892645755 -0.037574454718016306 -0.033670861113012727 0.016219520014557995 -0.0081363631034665554 -0.02381929629625601 0.02184920381927731 0.0064938280711121571
leaf_weight=2.1387891322374406 1.1416444937931363 10.157117075286813 0.41411795420573172 0.53441067686071519 2.3039696162450123 0.28729692799970452 0.88321896595880467 2.9084472132381052 0.60897279682103522 0.44447457202477381 1.1884518407168796 0.75584671087563049 2.8740982842282286 1.2687956462614238
leaf_count=13 119 113 17 12 277 7 18 87 12 51 106 19 926 77
internal_value=-0.0031714 -0.0049762 -0.00692564 -0.0105049 -0.00785705 -0.0119087 -0.0041628 -0.0312986 0.00469084 -0.0149733 0.012635 0.00569031 0.0146942 -0.00895639
internal_weight=27.9097 26.768 24.6292 19.3164 18.7819 14.2361 11.0403 3.19574 4.54587 1.05345 3.49242 5.31286 3.28822 2.02464
internal_count=1854 1735 1722 683 671 225 131 94 446 63 383 1039 943 96
is_linear=0
shrinkage=0.05


Tree=149
num_leaves=15
num_cat=0
split_feature=25 9 12 14 4 4 14 7 14 8 3 14 14 4
split_gain=0.612518 0.893538 1.06175 0.630903 0.472361 0.578752 0.51524 0.452784 0.453114 0.407343 0.395163 1.30088 1.10551 0.328928
threshold=1.0000000180025095e-35 2.1465229988098149 1.5000000000000002 0.930240958929062 0.97705000638961803 0.95205000042915355 0.96400463581085216 1.0000000180025095e-35 0.88813546299934398 0.75000000000000011 0.44699999690055853 0.94826391339302074 0.97876101732254039 0.99044999480247509
decision_type=2 2 2 2 2 2 2 2 2 2 2 2 2 2
left_child=1 10 7 -2 5 6 -4 -3 -9 -7 11 -1 -13 -6
right_child=3 2 4 -5 13 9 -8 8 -10 -11 -12 12 -14 -15
leaf_value=0.028564372563708553 -0.01346411518660106 -0.011404994191955339 0.017705681890849097 0.028849689911117873 0.022187641750437415 -0.024580294572510316 -0.018048657318837091 -0.0062495127470404005 0.035155179588533189 0.011777876081285466 -0.026428356308813183 -0.041235370338392446 0.0039048494504105476 -0.0022735943193600955
leaf_weight=1.1172688230872205 0.57328874617814962 0.27895358763635192 1.8745383954956181 1.9199721009354105 1.2376971127523573 4.4259965842356905 0.60889419965678815 0.47481010435149018 2.7293871925503481 0.29422296851407725 3.8029310022247955 1.5909509509801862 2.5204714741557837 3.1439380424271803
leaf_count=13 3 10 66 113 187 139 40 3 701 42 86 19 20 395
internal_value=-0.00163917 -0.00431424 0.00319007 0.0180511 -0.00445318 -0.0117353 0.00627464 0.0239349 0.0289926 -0.0206512 -0.0159044 -0.005236 -0.0182125 0.00747497
internal_weight=26.5933 24.1001 15.0684 2.49326 11.5853 7.20365 2.48343 3.48315 3.2042 4.72022 9.03162 5.22869 4.11142 4.38164
internal_count=1837 1721 1583 116 869 287 106 714 704 181 138 52 39 582
is_linear=0
shrinkage=0.05


Tree=150
num_leaves=15
num_cat=0
split_feature=11 11 3 3 14 9 3 3 14 14 14 11 9 9
split_gain=1.26071 1.16496 1.13886 0.485397 0.377645 0.507738 0.291446 0.885475 0.47943 0.758771 1.07673 0.554758 0.711859 0.816257
threshold=27.500000000000004 36.500000000000007 0.27700001001358038 0.31700000166893011 0.92844375967979442 4.0384509563446054 0.32999999821186071 0.44699999690055853 0.91946774721145641 0.94687074422836315 0.95092076063156139 6.5000000000000009 5.4571702480316171 6.9260485172271737
decision_type=2 2 2 2 2 2 2 2 2 2 2 2 2 2
left_child=6 2 -2 -3 -5 -6 -1 -8 -9 -10 -11 -12 -13 -14
right_child=1 3 -4 4 5 -7 7 8 9 10 11 12 13 -15
leaf_value=-0.025637062752669078 -0.0082107879519801585 0.016414014903668537 0.044484866843655338 0.010354636375034922 -0.039537650602772423 0.0099539476733203503 0.021474006400060759 0.0098829110121925433 -0.026211457749579878 0.030960022070105526 -0.020326326574831188 0.01469635606166194 -0.034469096939017806 0.0059758047558174324
leaf_weight=0.74707128107548371 1.019235119223594 0.42263761907815922 2.8897600049385801 0.24378588399849821 0.97458806657232322 0.24671597091946751 2.0380099955946234 2.5870576062006903 4.4554942479007904 0.99042842851485957 4.6578316127415729 3.4768258860276546 1.3087876308127309 2.1840008475410286
leaf_count=6 5 5 176 9 30 69 34 53 178 58 236 292 170 527
internal_value=-0.000280868 0.0186892 0.0318713 -0.0101916 -0.0214117 -0.0295596 -0.0057682 -0.0039848 -0.00753551 -0.0105756 -0.00353514 -0.00869255 0.000657268 -0.0134782
internal_weight=28.2422 5.79672 3.909 1.88773 1.46509 1.2213 22.4455 21.6984 19.6604 17.0734 12.6179 11.6274 6.96961 3.49279
internal_count=1848 294 181 113 108 99 1554 1548 1514 1461 1283 1225 989 697
is_linear=0
shrinkage=0.05


Tree=151
num_leaves=15
num_cat=0
split_feature=37 9 9 4 9 3 3 34 12 3 11 5 11 3
split_gain=0.435434 0.718429 0.885975 0.919119 0.632832 0.618059 0.687806 0.435163 0.409693 0.514767 0.247986 0.222679 0.485891 0.24042
threshold=1.0000000180025095e-35 3.992484569549561 10.646895885467531 0.95385000109672557 3.927794456481934 0.93400001525878917 0.91749998927116405 1.0000000180025095e-35 13.500000000000002 0.96149998903274547 14.500000000000002 0.75000000000000011 9.5000000000000018 0.27700001001358038
decision_type=2 2 2 2 2 2 2 2 2 2 2 2 2 2
left_child=1 4 7 -4 5 6 11 -3 -2 -10 -11 12 -1 -14
right_child=8 2 3 -5 -6 -7 -8 -9 9 10 -12 -13 13 -15
leaf_value=-0.010129379205169757 -0.029784460102680817 0.032759489467541723 -0.038956931593228362 0.016391512039289749 -0.02761742647004134 0.02453472204923219 -0.024278799222240303 0.00052397117025336287 -0.019492070658076267 0.025773866401155955 -0.0087791274430764673 0.015831784659362014 -0.0079946630901208109 0.013141828406048254
leaf_weight=5.8411369286477672 1.1783368429169052 3.3728863983997135 0.51009772357065208 0.68180140928598121 1.2296509374864388 1.3692457686993282 2.0375013304874292 1.4197793308412654 0.60578375868499257 0.83696505893021822 0.16244632005691528 1.4184359693899757 1.0214267671108244 4.7465860955417156
leaf_count=65 28 982 12 254 15 204 19 65 21 66 1 17 5 70
internal_value=0.000195978 0.00261339 0.0162157 -0.0142623 -0.002617 0.000730376 -0.0028257 0.024949 -0.0156045 0.00224182 0.0185757 0.00202114 -0.000788035 0.00877067
internal_weight=26.4321 23.6485 5.98456 1.1919 17.664 16.4343 15.0651 4.79267 2.78353 1.6052 0.999411 13.0276 11.6091 5.76801
internal_count=1824 1708 1313 266 395 380 176 1047 116 88 67 157 140 75
is_linear=0
shrinkage=0.05


Tree=152
num_leaves=15
num_cat=0
split_feature=4 16 11 4 14 11 11 11 9 11 9 4 4 6
split_gain=0.835713 0.891861 0.764106 0.628334 0.536162 0.487663 0.398814 0.616538 0.625442 0.595315 0.526908 0.407927 0.390568 0.364693
threshold=0.97154998779296886 1.0000000180025095e-35 10.500000000000002 0.9694499969482423 0.97246921062469494 10.500000000000002 4.5000000000000009 7.5000000000000009 10.646895885467531 31.000000000000004 0.87512877583503734 0.84700000286102306 0.88425001502037059 1.0000000180025095e-35
decision_type=2 2 2 2 2 2 2 2 2 2 2 2 2 2
left_child=3 2 -2 4 6 -6 -1 10 9 -9 -8 -11 -13 -12
right_child=1 -3 -4 -5 5 -7 7 8 -10 11 13 12 -14 -15
leaf_value=0.011114515101780026 -0.024444090233173413 0.029521329037034673 0.0094106081246177163 -0.038453536221654913 0.027594352708075448 -0.0031994886507772744 0.0143303243718166 0.01766720485025438 -0.028331010802888398 0.013807319646387504 -0.032074519811701396 -0.038472371929611317 0.002175630328358658 -0.0004247904410186988
leaf_weight=0.89076712518000079 1.7093511236598704 2.0382737391628325 3.4142006172332913 0.98027609515702252 0.78022538317600165 4.0286589335883036 0.2280896157026272 3.0192585191689432 0.68766036303713907 0.32550165802240361 5.3463212152128108 0.48597821593284585 0.81399162311572582 1.0941908275708554
leaf_count=42 121 672 462 32 51 92 1 170 9 7 128 2 26 15
internal_value=-0.00579907 0.00796471 -0.00403153 -0.0112124 -0.00772812 0.00568698 -0.0127814 -0.0152735 -0.00185159 0.00639325 -0.0243651 -0.0133008 -0.0231405 -0.0274772
internal_weight=25.8427 7.16183 5.12355 18.6809 17.7006 4.80888 12.8918 12.001 5.33239 4.64473 6.6686 1.62547 1.29997 6.44051
internal_count=1830 1255 583 575 543 143 400 358 214 205 144 35 28 143
is_linear=0
shrinkage=0.05


Tree=153
num_leaves=15
num_cat=0
split_feature=4 36 12 4 4 14 16 12 3 12 15 14 3 3
split_gain=0.519828 0.771657 0.457963 0.742795 0.642508 0.550462 0.487297 0.515697 0.562683 0.361334 0.420114 0.899673 0.332994 0.309766
threshold=0.84700000286102306 1.0000000180025095e-35 1.5000000000000002 0.97705000638961803 0.99975001811981212 0.9275864064693452 1.0000000180025095e-35 13.500000000000002 0.96149998903274547 1.5000000000000002 1.0000000180025095e-35 0.97846508026123058 0.99849998950958263 0.94449999928474437
decision_type=2 2 2 2 2 2 2 2 2 2 2 2 2 2
left_child=9 2 4 5 -2 12 7 13 -9 10 11 -1 -4 -5
right_child=1 -3 3 6 -6 -7 -8 8 -10 -11 -12 -13 -14 -15
leaf_value=0.033839659643635264 0.026146004742441931 -0.031230314512407722 -0.0088642290965294853 0.0088761012851750597 -0.015030972294023387 -0.024220706236771708 0.024417003335658695 -0.015232542345429409 0.028269769955708065 0.018291758216689002 -0.0099496715620305248 -0.0075123836521026948 0.020617422955834901 -0.024879761885587177
leaf_weight=1.2403037995100041 1.692726878216493 2.0520609908271572 1.4016469209454938 0.35530673980247218 0.66814222384709854 5.0866975204553455 1.420899659860879 0.41516774520277977 0.93199589429423213 2.6823214860633007 4.4373174674110487 2.510888809338212 0.63345709838904429 1.5310891748522408
leaf_count=17 549 90 22 14 134 250 506 12 64 34 63 17 23 40
internal_value=-0.00289026 -0.00836533 -0.00320248 -0.00734226 0.0134877 -0.0166263 0.00729133 -0.00422401 0.0140853 0.00528123 -0.000507541 0.010405 0.00408188 -0.0176494
internal_weight=27.06 16.1892 14.1371 11.7763 2.36087 7.1218 4.65446 3.23356 1.34716 10.8708 8.18851 3.75119 2.0351 1.8864
internal_count=1835 1704 1614 931 683 295 636 130 76 131 97 34 45 54
is_linear=0
shrinkage=0.05


Tree=154
num_leaves=15
num_cat=0
split_feature=16 24 9 14 4 4 4 14 7 14 14 14 12 14
split_gain=0.996664 0.891382 0.658435 0.644755 0.602557 0.589373 0.351758 0.341623 0.328956 0.282231 0.564446 0.934845 0.842014 0.625431
threshold=1.0000000180025095e-35 1.0000000180025095e-35 10.646895885467531 0.96154409646987926 0.95385000109672557 0.97154998779296886 0.95875000953674328 0.99156674742698681 1.0000000180025095e-35 0.98707339167594921 0.930240958929062 0.95092076063156139 2.5000000000000004 0.98372873663902294
decision_type=2 2 2 2 2 2 2 2 2 2 2 2 2 2
left_child=1 7 3 -2 -4 6 -5 9 -7 10 -1 12 -12 -13
right_child=2 -3 4 5 -6 8 -8 -9 -10 -11 11 13 -14 -15
leaf_value=-0.021454778339891525 0.036605297939760584 0.023720049326077283 -0.030867960400657059 0.0083409879931705053 0.015555120238356769 -0.0097091945464021171 -0.025480296132602727 0.012181702642282584 0.02815846600531606 -0.025653179320123443 0.032567370756282202 -0.015401519813189346 -0.013845064319117429 0.018047704132607083
leaf_weight=4.8113153859740256 2.0902373941789838 1.0958044839208003 0.63017898274119921 0.63222769909771181 0.41801531685632654 0.22425187099724997 0.97835814586142078 0.73020514973904838 1.1380104082927571 2.7049506807234129 1.9714921661652618 7.2981291117903293 0.77908082585781802 0.8092551608569919
leaf_count=70 187 116 11 60 157 6 49 41 436 125 102 393 16 78
internal_value=-0.0027668 -0.00811045 0.0135528 0.0205573 -0.0137989 0.00290014 -0.0140944 -0.0110252 0.0204535 -0.0125287 -0.00885997 -0.00194036 0.019235 -0.0104477
internal_weight=26.3115 20.2002 6.11128 5.06309 1.04819 2.97285 1.61059 19.1044 1.36226 18.3742 15.6693 10.858 2.75057 8.10738
internal_count=1847 941 906 738 168 551 109 825 442 784 659 589 118 471
is_linear=0
shrinkage=0.05


Tree=155
num_leaves=15
num_cat=0
split_feature=8 5 6 3 14 4 14 3 9 3 4 3 3 9
split_gain=0.558271 0.403245 1.29945 0.795228 0.47998 0.677166 1.02789 0.82608 0.632554 0.752406 0.727057 0.366338 0.516382 0.36162
threshold=0.75000000000000011 1.0000000180025095e-35 1.0000000180025095e-35 0.6120000183582307 0.96137788891792308 0.9694499969482423 0.90128409862518322 0.36599999666213995 6.9260485172271737 0.28300000727176672 0.97154998779296886 0.91749998927116405 0.62000000476837169 2.1465229988098149
decision_type=2 2 2 2 2 2 2 2 2 2 2 2 2 2
left_child=1 2 3 -1 5 6 -3 -8 9 -6 11 12 -11 -12
right_child=-2 4 -4 -5 8 -7 7 -9 -10 10 13 -13 -14 -15
leaf_value=-0.003355498837139482 0.023125547243565144 -0.014345783641149891 0.026270288604208963 -0.036063016609053748 0.010424671112537941 -0.014524099271988531 -0.01107167224823985 0.034781984836923643 0.012488044828868033 -0.021234221040878805 -0.018871672047485962 -0.043053539655565326 0.015429974593361968 0.011913237184682889
leaf_weight=3.5323784686625066 0.76832964504137535 1.468640783336016 0.79700971860438574 3.5342578832060099 1.8553654700517634 1.7601237519411368 0.74005701113492239 3.540505007840693 2.1153995232307343 1.9752674875780942 0.44171764142811332 2.1023670251015574 0.57518557365983713 1.8493019594461655
leaf_count=43 216 15 12 57 11 168 10 185 612 26 10 107 21 355
internal_value=-0.00443751 -0.00606107 -0.0148381 -0.0221564 -0.00174385 0.00742239 0.0152978 0.026259 -0.00814396 -0.0138723 -0.0208594 -0.0305052 -0.0109486 0.00204702
internal_weight=27.0559 26.2876 7.86365 7.06664 18.4239 7.50933 5.7492 4.28056 10.9146 8.79921 6.94384 4.65282 2.55045 2.29102
internal_count=1848 1632 112 100 1520 378 210 195 1142 530 519 154 47 365
is_linear=0
shrinkage=0.05


Tree=156
num_leaves=15
num_cat=0
split_feature=11 35 15 14 14 14 4 3 7 3 11 8 14 14
split_gain=0.402278 0.297903 0.272442 0.469629 1.00723 0.827319 0.67963 0.710333 0.378115 0.420117 0.573874 0.776716 0.482776 0.562652
threshold=37.500000000000007 1.0000000180025095e-35 1.0000000180025095e-35 0.92844375967979442 0.9766443967819215 0.98471453785896312 0.97154998779296886 0.31700000166893011 1.0000000180025095e-35 0.38750000298023229 6.5000000000000009 1.0000000180025095e-35 0.96137788891792308 0.930240958929062
decision_type=2 2 2 2 2 2 2 2 2 2 2 2 2 2
left_child=1 2 3 -1 -5 -6 7 -7 -4 -10 12 -12 13 -11
right_child=-2 -3 8 4 5 6 -8 -9 9 10 11 -13 -14 -15
leaf_value=0.0035589382007959478 0.020008382338826007 0.016773493981435739 -0.022925855829986075 -0.04155052475146602 0.011607938033514864 0.0031850347572725552 0.0012900412463963127 -0.049612741528500238 -0.015072815592689715 -0.013373539112772235 -0.019890775266628261 0.030051062093629025 -0.015583416084123926 0.018031972917923234
leaf_weight=3.3264992121839976 0.63206114486092602 0.47109360154718061 0.79518899926916375 2.0258361959131417 3.0607249081949703 0.74446762353181828 2.2345442516962066 1.1414335463196037 2.0186551809310851 1.3283150782808641 0.24999253451824754 2.5915321588690805 2.7757163104542997 3.0465355624910444
leaf_count=67 77 113 39 48 150 5 297 41 13 11 1 650 170 114
internal_value=-0.0044811 -0.00580473 -0.00684538 -0.0118007 -0.0171551 -0.00603543 -0.0188487 -0.034889 -0.00149205 0.00158001 0.00600947 0.0216232 -0.00208689 0.00778239
internal_weight=26.4426 25.8105 25.3394 12.5335 9.20701 7.18117 4.12045 1.8859 12.8059 12.0107 9.99209 2.84152 7.15057 4.37485
internal_count=1796 1719 1606 608 541 493 343 46 998 959 946 651 295 125
is_linear=0
shrinkage=0.05


Tree=157
num_leaves=15
num_cat=0
split_feature=9 9 1 14 9 15 9 14 13 14 14 9 4 4
split_gain=0.876874 1.1711 1.03181 0.786865 0.665361 0.874253 0.505755 0.497312 0.531033 0.430842 0.527305 0.421524 0.4976 0.690448
threshold=3.927794456481934 2.1465229988098149 1.0000000180025095e-35 0.98742127418518078 4.0992836952209482 1.0000000180025095e-35 1.0076929926872256 0.97645366191864025 0.75000000000000011 0.94826391339302074 0.95720818638801586 5.9177701473236093 0.95205000042915355 0.97424998879432689
decision_type=2 2 2 2 2 2 2 2 2 2 2 2 2 2
left_child=1 3 -3 6 -2 11 7 8 -1 -10 -11 -6 -13 -14
right_child=4 2 -4 -5 5 -7 -8 -9 9 10 -12 12 13 -15
leaf_value=-0.014050378588126215 -0.03280396729790961 -0.020714941431573285 0.036105937519337744 0.02798927015969806 0.0099888690293257199 0.023318978255432967 -0.028383732957650155 -0.014421169932413429 0.024436182391576473 -0.022060501984328556 0.013801086438263133 0.0099417728644057915 -0.038982283160552494 -0.0041238948687962055
leaf_weight=1.3878664188086949 1.5593731460394327 0.29156603105366174 3.5547431454760954 1.0355879584676575 1.2902150307199898 1.4452587007544933 1.0315150535898272 3.2393491975963116 2.8247569464147144 0.82348063029348884 1.3590183760970829 0.95992380345705886 1.9606518751243127 3.2512163764622528
leaf_count=13 30 3 210 30 160 796 31 30 33 9 25 31 62 406
internal_value=0.000392291 0.0077422 0.0284131 -0.000754362 -0.0102488 -0.0033876 -0.00570515 -0.000836358 0.00706441 0.0142815 -0.00241002 -0.0107046 -0.0158202 -0.0214017
internal_weight=26.0145 15.5479 3.84631 11.7016 10.4666 8.90727 10.666 9.63447 6.39512 5.00726 2.1825 7.46201 6.17179 5.21187
internal_count=1869 384 213 171 1485 1455 141 110 80 67 34 659 499 468
is_linear=0
shrinkage=0.05


Tree=158
num_leaves=15
num_cat=0
split_feature=3 3 3 14 14 3 12 11 4 4 11 14 4 2
split_gain=0.607458 0.849853 0.832127 0.616689 0.468968 0.785937 0.563782 0.663242 0.503838 0.496555 0.550123 0.527685 0.489519 0.469293
threshold=0.55500000715255748 0.31700000166893011 0.76649999618530285 0.9275864064693452 0.94687074422836315 0.95049998164176952 1.0000000180025095e-35 26.500000000000004 0.92969998717308056 0.87620002031326305 16.000000000000004 0.95533749461174022 0.98145002126693737 1.0000000180025095e-35
decision_type=2 2 2 2 2 2 2 2 2 2 2 2 2 2
left_child=1 -1 -2 -4 8 9 12 13 -5 -6 11 -11 -7 -8
right_child=2 -3 3 4 5 6 7 -9 -10 10 -12 -13 -14 -15
leaf_value=-0.0092893429879617913 -0.02933589061187632 0.024224808270028327 0.013859123003526494 0.0045007479729246552 0.01653789123185993 -0.027030729529039045 0.03335726670026791 -0.014291712186867971 -0.035184324694838773 0.012466760784315863 0.014321534154968705 -0.02978713840999378 0.012291811842539496 -0.010776575171151347
leaf_weight=3.0351960379630354 3.2631919264094931 2.7328044441528618 2.8857663464732459 0.84321813809219692 0.33059406868414765 0.75296599435387157 2.6934177766379443 0.53628022072371084 1.7122630937083156 0.30197932536248107 0.38772996503394086 4.0884933575580362 0.64885076132486574 0.23118033725768317
leaf_count=22 39 55 86 36 11 91 747 53 112 23 63 153 320 3
internal_value=-0.00542374 0.00782242 -0.00970441 -0.00401388 -0.00885136 -0.00297123 0.0103812 0.0197222 -0.0245067 -0.0152993 -0.019983 -0.0251073 -0.01129 0.0280116
internal_weight=24.4439 5.768 18.6759 15.4127 12.527 9.97149 4.8627 3.46088 2.55548 5.1088 4.7782 4.39047 1.40182 2.9246
internal_count=1814 77 1737 1698 1612 1464 1214 803 148 250 239 176 411 750
is_linear=0
shrinkage=0.05


Tree=159
num_leaves=15
num_cat=0
split_feature=3 12 11 11 4 16 9 5 3 11 3 4 24 28
split_gain=0.375498 0.626273 0.575733 0.568675 0.693672 0.518605 0.662006 0.513341 0.711446 1.10961 0.582318 0.449612 0.644786 0.379498
threshold=0.91749998927116405 2.5000000000000004 11.500000000000002 16.000000000000004 0.87620002031326305 1.0000000180025095e-35 12.342508792877199 0.75000000000000011 0.44699999690055853 7.5000000000000009 0.32999999821186071 0.98135000467300426 1.0000000180025095e-35 1.0000000180025095e-35
decision_type=2 2 2 2 2 2 2 2 2 2 2 2 2 2
left_child=2 11 7 -4 -5 -3 -7 8 10 -10 -1 12 13 -2
right_child=1 5 3 4 -6 6 -8 -9 9 -11 -12 -13 -14 -15
leaf_value=-0.0093478981569806285 -0.032645166201527756 -0.010336848044303059 -0.028346830110828804 -0.0085844109132090524 0.025913645763268628 0.027648747702657923 -0.017277501426486753 0.031335718362084097 -0.027027439391486826 0.019475766275206977 0.031763394021376956 0.0041336867668755111 0.013449991813041455 0.0088079998013974696
leaf_weight=0.74716261029243658 5.1150132988113892 2.9969688667915761 1.5727483861846847 4.9338140282779932 0.93147816968848918 1.7915092075127179 0.38529617185122322 1.0875148943159727 2.4202263820916419 1.1711177965626118 1.5405377522110939 1.2922300236823501 0.40916469652438525 0.19914112021797326
leaf_count=5 224 122 29 45 63 446 96 34 28 41 31 572 65 43
internal_value=-0.0051786 -0.0112746 0.000376893 -0.00874799 -0.000129151 0.00193256 0.0167613 0.0099945 0.00206541 -0.010924 0.0195772 -0.0200404 -0.0253015 -0.0299428
internal_weight=26.5939 12.1893 14.4046 7.43804 5.86529 5.17377 2.17681 6.96656 5.87904 3.59134 2.2877 7.01555 5.72332 5.31415
internal_count=1844 1568 276 137 108 664 542 139 105 69 36 904 332 267
is_linear=0
shrinkage=0.05


Tree=160
num_leaves=15
num_cat=0
split_feature=8 2 11 14 7 3 14 4 4 3 14 4 11 3
split_gain=0.576559 0.726921 0.335569 0.374445 0.317157 0.391734 0.549803 0.572975 0.617991 0.667512 0.618477 0.493788 0.351232 0.335172
threshold=0.75000000000000011 1.0000000180025095e-35 36.500000000000007 0.98368009924888622 1.0000000180025095e-35 0.29999999701976782 0.94687074422836315 0.95205000042915355 0.87620002031326305 0.6120000183582307 0.92844375967979442 0.99975001811981212 26.500000000000004 0.96650001406669628
decision_type=2 2 2 2 2 2 2 2 2 2 2 2 2 2
left_child=1 2 4 -4 -1 -6 7 8 9 10 -7 -8 -9 -13
right_child=-2 -3 3 -5 5 6 11 12 -10 -11 -12 13 -14 -15
leaf_value=-0.022145805143679226 0.022992106222589917 -0.031584492890007899 0.0039172658798724228 -0.031397305502172561 -0.014239508839028274 -0.012747932639494492 0.014379549430886219 -0.027556754589815664 0.023136202831030985 -0.022586293222272964 0.028951313608475155 -0.02480760207645246 0.0099934834231664091 0.0080374748936722067
leaf_weight=0.74354664376006852 0.76647382814553466 1.6753398478031147 0.86342191012226877 1.0816995743662117 2.9877134710550335 0.85075899958610823 9.0160404773487226 2.2955589510966097 1.4821404389804227 2.0800230205059052 0.93840450095012784 0.71151873870985471 0.23151559510733921 0.74762630861368962
leaf_count=36 213 23 61 58 17 5 988 97 65 17 17 23 18 170
internal_value=-0.00509056 -0.00675752 -0.0038339 -0.019714 -0.00164186 3.17852e-05 0.00297067 -0.00654631 0.00320988 -0.00760708 0.0116616 0.0100751 -0.0222586 -0.0115537
internal_weight=26.4718 25.7053 24.03 1.94512 22.0848 21.3413 18.3536 7.8784 5.35133 3.86919 1.78916 10.4752 2.52707 1.45915
internal_count=1808 1595 1572 119 1453 1417 1400 219 104 39 22 1181 115 193
is_linear=0
shrinkage=0.05


Tree=161
num_leaves=15
num_cat=0
split_feature=14 3 12 11 14 3 9 3 34 25 14 14 8 14
split_gain=0.533455 0.791044 0.495593 0.490881 0.686878 0.479945 0.427605 0.372917 0.3587 0.401425 0.479871 0.344568 0.248532 0.242925
threshold=0.94826391339302074 0.95449998974800121 13.500000000000002 7.5000000000000009 0.930240958929062 0.96149998903274547 7.3861246109008798 0.55500000715255748 1.0000000180025095e-35 1.0000000180025095e-35 0.95413011312484752 0.88813546299934398 0.75000000000000011 0.92844375967979442
decision_type=2 2 2 2 2 2 2 2 2 2 2 2 2 2
left_child=1 3 8 4 -1 -4 13 -6 9 12 -11 -5 -2 -3
right_child=2 6 5 11 7 -7 -8 -9 -10 10 -12 -13 -14 -15
leaf_value=-0.020255892399442931 -0.017640049595514535 -0.0089208425363740268 -0.013865497874495447 -0.0046511171521607872 0.026866774899678283 0.027370579480637303 -0.021783045235675275 -0.0058966407236182433 0.012029354303204752 -0.013874536125481715 0.024925837607401038 0.03033399291287869 0.006560765844954148 0.018313693010779192
leaf_weight=1.3563677622005363 12.105771039408859 0.69209353078622393 0.36611169017851419 0.55959010869264636 1.238517187535763 0.87707074172794819 2.3129721862496808 0.92949459725059558 0.76687467389274466 0.63531561219133503 0.68030012049712241 3.0516744130291045 0.65442144227563481 0.77673862694064155
leaf_count=11 1060 26 12 8 20 68 76 15 97 9 73 86 179 87
internal_value=-0.00305281 0.00519915 -0.00862991 0.0143423 0.000228511 0.0144592 -0.011444 0.0153927 -0.0113544 -0.0133418 0.00828879 0.0250798 -0.0160123 0.00706559
internal_weight=27.0033 10.9174 16.0859 7.13564 3.52438 1.24318 3.7818 2.16801 14.8427 14.0758 1.31562 3.61126 12.7602 1.46883
internal_count=1827 329 1498 140 46 80 189 35 1418 1321 82 94 1239 113
is_linear=0
shrinkage=0.05


Tree=162
num_leaves=15
num_cat=0
split_feature=9 9 4 11 11 12 16 11 3 4 24 12 4 3
split_gain=0.470152 0.707724 0.514367 0.450092 0.461937 0.410973 0.3764 0.334858 0.309613 0.686267 0.272102 0.274426 0.269838 0.269319
threshold=3.992484569549561 10.646895885467531 0.95274999737739574 16.000000000000004 36.500000000000007 3.5000000000000004 1.0000000180025095e-35 10.500000000000002 0.75499999523162853 0.88425001502037059 1.0000000180025095e-35 1.5000000000000002 0.99944999814033519 0.91749998927116405
decision_type=2 2 2 2 2 2 2 2 2 2 2 2 2 2
left_child=3 5 -3 10 8 -2 7 -7 -5 -10 11 -1 -4 -13
right_child=1 2 12 4 -6 6 -8 -9 9 -11 -12 13 -14 -15
leaf_value=-0.024034825635072456 0.02554561131890656 -0.034864648261329449 0.017422582400883634 0.017533376838460395 -0.01476819454263876 -0.022158617035617591 0.01970606330530467 0.0056117890308665062 -0.02692823712076254 0.019038407549005348 0.0068731643325492548 0.0028728980292220315 -0.009529075441704931 -0.016546602088144468
leaf_weight=4.0215948139084539 3.0328907722432614 0.52523981360718641 0.66814115972374555 3.423794641159474 1.5517826352734116 0.99406764097511846 0.87349193330737751 1.7067146794870494 0.69534198753535725 0.61056743160588667 1.0166579984361312 3.3582215718924999 1.1443639666249508 2.2981245557893999
leaf_count=79 837 12 190 29 41 11 232 50 5 95 30 34 130 85
internal_value=-0.0021395 0.00667659 -0.0133466 -0.0068978 0.00341811 0.0145843 0.00173205 -0.00783517 0.010921 -0.00650066 -0.012731 -0.0152413 0.00306827 -0.00631758
internal_weight=25.921 8.94491 2.33774 16.9761 6.28149 6.60717 3.57427 2.70078 4.7297 1.30591 10.6946 9.67794 1.81251 5.65635
internal_count=1860 1462 332 398 170 1130 293 61 129 100 228 198 320 119
is_linear=0
shrinkage=0.05


Tree=163
num_leaves=15
num_cat=0
split_feature=3 16 9 14 3 4 12 11 15 9 11 3 11 31
split_gain=0.642524 0.569682 0.524431 0.645579 0.46547 0.91787 0.465332 0.438185 0.852051 0.507389 0.492433 0.295279 0.770284 0.279825
threshold=0.44699999690055853 1.0000000180025095e-35 5.9624669551849374 0.88813546299934398 0.91749998927116405 0.97154998779296886 2.5000000000000004 7.5000000000000009 1.0000000180025095e-35 9.7321796417236346 4.5000000000000009 0.38750000298023229 31.000000000000004 1.0000000180025095e-35
decision_type=2 2 2 2 2 2 2 2 2 2 2 2 2 2
left_child=11 7 4 -4 -3 6 -6 10 9 13 -2 12 -1 -9
right_child=1 2 3 -5 5 -7 -8 8 -10 -11 -12 -13 -14 -15
leaf_value=-0.018330525818383094 0.0076355410040012664 0.014707673284812726 -0.015237590467276622 0.032112052187370115 -0.034603950482511997 0.017884145418180467 0.010175556055086975 -0.021961933770329241 0.020855848462822409 0.011652657391636677 -0.02861015880494884 0.02831743565344845 0.01776718702291185 0.0046982973642708641
leaf_weight=1.5230629872530723 0.70440857054200279 1.1719210047740478 0.32041439483873535 1.613116817170521 1.9770686510601088 0.82717840172699642 0.24710240750573564 4.8251109826378507 1.6167941043677272 1.0986691971193066 4.0993745513260365 0.91797340661287297 2.6135032549500465 0.80920440278714512
leaf_count=16 45 21 4 560 53 223 52 144 400 103 54 21 23 98
internal_value=-0.00248096 -0.00665641 0.0053216 0.021746 -0.00492162 -0.01423 -0.028016 -0.0122428 -0.00432096 -0.0122819 -0.0228954 0.0119356 0.00349508 -0.0180019
internal_weight=24.3649 19.3104 6.1568 1.93353 4.22327 3.05135 2.22417 13.1536 8.34978 6.73298 4.80378 5.05454 4.13657 5.63432
internal_count=1817 1757 913 564 349 328 105 844 745 345 99 60 39 242
is_linear=0
shrinkage=0.05


Tree=164
num_leaves=15
num_cat=0
split_feature=14 7 14 4 11 14 14 9 9 3 3 20 23 14
split_gain=0.587444 0.53611 0.52016 0.533122 0.752731 0.531163 0.401869 0.613554 0.977136 0.55905 0.505817 0.352148 0.336398 0.332831
threshold=0.98690772056579601 1.0000000180025095e-35 0.94687074422836315 0.92969998717308056 7.5000000000000009 0.9275864064693452 0.95533749461174022 4.4075868129730233 1.0076929926872256 0.31700000166893011 0.9454999864101411 1.0000000180025095e-35 1.0000000180025095e-35 0.98733773827552807
decision_type=2 2 2 2 2 2 2 2 2 2 2 2 2 2
left_child=1 -1 3 4 11 -5 12 8 9 -8 -9 -3 -4 -2
right_child=13 2 6 5 -6 -7 7 10 -10 -11 -12 -13 -14 -15
leaf_value=-0.024000293754884012 -0.035705731425761993 0.0097746659696355785 0.035107991818398292 0.00045845939131525492 0.02194856953975945 -0.031167551199020805 -0.0048567959492725812 -0.0071813861052786032 -0.019668399896610067 0.025725341334107317 0.031547246764541625 -0.018180961617524142 -0.0029851019009078821 -0.0054791202916184391
leaf_weight=0.86529317405075445 0.67347256926586796 0.94635647418908986 1.4008175878552709 2.5026028313441202 2.4923603864153847 1.7607782869599757 2.3184967041015607 0.73366640030872088 3.4200438869884238 2.178001715335995 1.9866645745933056 2.2854048553854227 0.57078367751091708 3.0396256008243654
leaf_count=44 35 21 108 74 49 125 14 93 158 30 755 22 17 313
internal_value=-0.00124498 0.00191362 0.00388105 -0.00441369 0.00534575 -0.0160431 0.010293 0.00519673 -0.00238851 0.0119418 0.0219795 -0.00961936 0.0267865 -0.0173742
internal_weight=27.1744 23.4613 22.596 9.9875 5.72412 4.26338 12.6085 10.6369 7.91654 4.4965 2.72033 3.23176 1.9716 3.7131
internal_count=1858 1510 1466 291 92 199 1175 1050 202 44 848 43 125 348
is_linear=0
shrinkage=0.05


Tree=165
num_leaves=15
num_cat=0
split_feature=14 11 14 14 7 9 14 30 9 15 9 14 14 3
split_gain=0.38804 0.779493 0.491115 0.582293 0.327645 0.284058 0.279117 0.275736 0.341037 0.544901 0.422665 0.355128 0.529439 0.298212
threshold=0.98690772056579601 32.500000000000007 0.98733773827552807 0.99035143852233898 1.0000000180025095e-35 0.87512877583503734 0.90128409862518322 1.0000000180025095e-35 5.8067834377288827 1.0000000180025095e-35 8.7959356307983416 0.98247721791267406 0.98085978627204906 0.62000000476837169
decision_type=2 2 2 2 2 2 2 2 2 2 2 2 2 2
left_child=1 4 -2 5 -1 -4 -6 8 11 10 -10 12 -8 -9
right_child=2 -3 3 -5 6 -7 7 13 9 -11 -12 -13 -14 -15
leaf_value=-0.022584331089894154 -0.035637462388449358 0.029139094999825834 -0.01140659659231379 -0.019657412468858746 -0.015448065500365966 0.021257603552280388 0.0070525395193596413 -0.02581878256488453 -0.026771586697524087 0.018701330938641403 0.0047569963411912006 0.027324622157479963 -0.022771692447942599 0.0085036175453692704
leaf_weight=0.77680979156867636 0.78024960058974047 1.2119145959732112 0.20345664210617576 1.3497161402774507 1.6434362531872491 1.4677968002797568 12.293986092612615 0.71954244375228771 1.9757253294810651 0.58899203891633067 1.2464243981812613 0.95327918062685135 0.69629254483152259 0.39316617330769077
leaf_count=41 35 120 2 120 25 192 425 6 83 456 128 54 18 106
internal_value=-0.0018579 0.000858686 -0.0147673 -0.00185459 -0.0019865 0.0144996 -0.000192758 0.00184672 0.00369183 -0.00816072 -0.0163373 0.00726076 0.00394052 -0.0154065
internal_weight=26.3008 22.4996 3.80122 3.02097 21.2877 1.67125 20.5108 18.8674 17.7547 3.81114 3.22215 13.9436 12.9903 1.11271
internal_count=1811 1462 349 314 1342 194 1301 1276 1164 667 211 497 443 112
is_linear=0
shrinkage=0.05


Tree=166
num_leaves=15
num_cat=0
split_feature=3 4 9 9 4 7 37 14 14 4 3 3 12 3
split_gain=0.777891 0.636134 0.657037 0.969052 0.552326 0.462119 0.461807 0.436833 0.954169 0.425779 0.3148 0.475414 0.300701 0.273094
threshold=0.28950001299381262 0.95274999737739574 5.6884701251983651 8.8445467948913592 0.99975001811981212 1.0000000180025095e-35 1.0000000180025095e-35 0.930240958929062 0.95092076063156139 0.97675001621246349 0.62000000476837169 0.93149998784065258 13.500000000000002 0.52950000762939464
decision_type=2 2 2 2 2 2 2 2 2 2 2 2 2 2
left_child=-1 7 4 9 5 -3 -5 -2 10 -4 -9 -12 -8 -10
right_child=1 2 3 6 -6 -7 12 8 13 -11 11 -13 -14 -15
leaf_value=0.021557635334303243 -0.022908249170812002 -0.011977236942807775 -0.03524194146234394 0.027033622676686776 -0.014090070596428646 0.027548535761219746 -0.020576667167014347 0.026522259103442775 -0.0011182675379647409 -0.00071791726835398865 -0.019529696777093854 0.018725192515071955 0.011511963107913229 -0.023924475225173287
leaf_weight=2.2673877459019449 4.3354887817986327 0.29613076336681832 1.5207405573455619 1.3146338859514799 0.5470420485944486 3.7697670489433204 0.58581503946334124 1.5343190678395333 2.1606310508213937 1.4487878681684376 0.73947671230416723 0.53246935631614178 0.48519281367771327 2.8042275956249796
leaf_count=16 54 14 80 410 60 424 9 31 35 388 20 57 63 132
internal_value=-0.00133667 -0.00452058 0.00460644 -0.00685335 0.0167609 0.0228737 0.0138939 -0.0118135 -0.0037177 -0.0228223 0.0162732 -0.00232209 -0.00750036 -0.0158509
internal_weight=24.3421 22.0747 9.96811 5.35517 4.61294 4.0659 2.38564 12.1066 7.77112 2.96953 2.80627 1.27195 1.07101 4.96486
internal_count=1793 1777 1448 950 498 438 482 329 275 468 108 77 72 167
is_linear=0
shrinkage=0.05


Tree=167
num_leaves=15
num_cat=0
split_feature=7 30 11 11 19 14 3 14 15 12 3 14 12 12
split_gain=0.432024 0.381739 0.417769 0.728218 0.454031 1.22647 0.950353 0.891936 0.554275 0.53252 0.552917 0.338425 0.650848 0.496942
threshold=1.0000000180025095e-35 1.0000000180025095e-35 40.500000000000007 32.500000000000007 1.0000000180025095e-35 0.98270678520202648 0.31700000166893011 0.97246921062469494 1.0000000180025095e-35 13.500000000000002 0.96149998903274547 0.9275864064693452 4.5000000000000009 1.5000000000000002
decision_type=2 2 2 2 2 2 2 2 2 2 2 2 2 2
left_child=-1 2 3 4 5 6 -2 11 9 -6 -11 -8 13 -13
right_child=1 -3 -4 -5 8 -7 7 -9 -10 10 -12 12 -14 -15
leaf_value=-0.024234208568018174 -0.029165912669133789 -0.020604447276995543 -0.021788260609809033 0.030351410230023808 -0.032296018898144284 0.031969442750585185 0.011349764586344954 0.031222258238268692 0.012523552388587178 -0.01872092151420688 0.022719337230944409 -0.013594312714849744 -0.031206139995860457 0.0095513223246586482
leaf_weight=0.88111176108941691 1.596090758219378 0.9622811762674236 0.69447237474378098 1.3562432827602595 1.9941347644198679 2.359798361954744 2.5970903366105622 1.4477823928755231 1.0041354670829603 0.57026444282382704 0.67714292672462761 2.9085982161632256 1.110455046087736 4.7025518968002871
leaf_count=45 9 118 34 172 61 318 63 212 273 21 65 155 52 226
internal_value=-0.00115606 0.000628037 0.00233654 0.00398899 0.000979834 0.00476336 -0.00149668 0.00382992 -0.0119895 -0.0207453 0.00387414 -0.00192397 -0.00663748 0.000154707
internal_weight=24.8622 23.981 23.0188 22.3243 20.968 16.7224 14.3626 12.7665 4.24568 3.24154 1.24741 11.3187 8.72161 7.61115
internal_count=1824 1779 1661 1627 1455 1035 717 708 420 147 86 496 433 381
is_linear=0
shrinkage=0.05


Tree=168
num_leaves=15
num_cat=0
split_feature=3 36 11 3 9 15 13 13 3 9 9 9 3 12
split_gain=0.326712 0.363602 0.370215 0.705066 0.652988 0.378764 0.754732 0.310974 0.306988 0.269126 0.489571 0.3821 0.64117 0.348804
threshold=0.28950001299381262 1.0000000180025095e-35 6.5000000000000009 0.44699999690055853 4.0992836952209482 1.0000000180025095e-35 0.75000000000000011 0.75000000000000011 0.38750000298023229 8.9802742004394549 12.342508792877199 5.6884701251983651 0.95049998164176952 8.0000000000000018
decision_type=2 2 2 2 2 2 2 2 2 2 2 2 2 2
left_child=-1 2 3 -2 7 9 -7 -5 -8 11 13 12 -4 -11
right_child=1 -3 5 4 -6 6 8 -9 -10 10 -12 -13 -14 -15
leaf_value=0.011027581364402683 0.013885032857040245 -0.018646803697613099 -0.013855253044788124 0.0013844763945623298 0.012537182871872658 -0.015775199258867195 -0.0069600548394899752 -0.028525646286122947 0.0295645186112721 0.029296852386769996 -0.012008909125365876 -0.01989795088084155 0.024418543722122262 -0.0091406962018490932
leaf_weight=2.2646776437759426 1.5176034430041969 3.6234538046410298 1.4694786705076679 0.92986115440726269 0.86419506496167731 0.83317258360330937 0.29132982017471531 4.3688484465237707 2.5255846532818396 1.2210868067049889 1.1015340662270316 2.6687881213438231 0.9949988571461289 0.27738943370059121
leaf_count=16 29 102 42 10 242 54 4 47 645 122 142 191 172 11
internal_value=-0.00409906 -0.00601082 -0.00279944 -0.0106157 -0.0177451 0.00290565 0.0142634 -0.0238903 0.0249533 -0.00347454 0.0078215 -0.00953842 0.00418525 0.0213709
internal_weight=24.952 22.6873 19.0639 7.68051 6.1629 11.3834 3.65009 5.29871 2.81691 7.73328 2.60001 5.13327 2.46448 1.49848
internal_count=1829 1813 1711 328 299 1383 703 57 649 680 275 405 214 133
is_linear=0
shrinkage=0.05


Tree=169
num_leaves=15
num_cat=0
split_feature=3 3 12 14 5 14 3 9 14 9 4 4 9 3
split_gain=0.752243 0.672028 0.75659 0.557724 0.535155 0.455828 0.405983 0.363332 0.615862 0.594496 0.470782 0.771663 0.284322 0.266505
threshold=0.91749998927116405 0.27700001001358038 2.5000000000000004 0.930240958929062 1.0000000180025095e-35 0.99037733674049389 0.93149998784065258 5.9426732063293466 0.95906522870063793 4.0992836952209482 0.97424998879432689 0.95205000042915355 3.927794456481934 0.97600001096725475
decision_type=2 2 2 2 2 2 2 2 2 2 2 2 2 2
left_child=1 -1 3 4 -3 -5 -2 8 -8 12 11 -9 -10 -13
right_child=6 2 -4 5 -6 -7 7 10 9 -11 -12 13 -14 -15
leaf_value=-0.02013921591588003 -0.024193398522130195 -0.016658881527373551 -0.012394454927355407 0.026942469840838746 0.016758950949465327 -0.0087583816048757875 0.027731625479420242 0.011809471921913993 -0.00049975988467014715 0.018243844341425893 0.0040498663665442794 0.0052772592820113859 -0.030371010619064637 -0.038342008777424573
leaf_weight=0.91318307816982525 1.9952473726589222 1.5831088349223121 1.8729672249173734 7.0468714772723615 1.2393462959444148 0.53449191863182921 1.1905865303124281 0.70946695440216023 1.4666333608911379 0.87917249236488704 2.6444617686793208 0.14694111730204862 0.83725763810798515 1.8322092301677912
leaf_count=6 60 9 50 190 20 11 162 65 174 246 765 30 15 93
internal_value=0.000836692 0.00871894 0.0122207 0.0173504 -0.00143955 0.0236982 -0.0080348 -0.00276393 0.0070715 -0.0054383 -0.0106729 -0.022326 -0.0172621 -0.0344192
internal_weight=24.8919 13.19 12.2768 10.4038 2.82246 7.58136 11.702 9.70673 4.37365 3.18306 5.33308 2.68862 2.30389 1.97915
internal_count=1896 286 280 230 29 201 1610 1550 597 435 953 188 189 123
is_linear=0
shrinkage=0.05


Tree=170
num_leaves=15
num_cat=0
split_feature=24 8 35 6 4 4 14 14 4 25 5 4 14 11
split_gain=0.323489 0.300098 0.326515 0.267947 0.261526 0.438279 0.6109 1.07756 0.848478 0.402947 0.344795 0.342335 0.273613 0.257144
threshold=1.0000000180025095e-35 0.75000000000000011 1.0000000180025095e-35 1.0000000180025095e-35 0.98215001821517955 0.95205000042915355 0.97876101732254039 0.98707339167594921 0.88425001502037059 1.0000000180025095e-35 1.0000000180025095e-35 0.92969998717308056 0.8952736258506776 6.5000000000000009
decision_type=2 2 2 2 2 2 2 2 2 2 2 2 2 2
left_child=1 2 3 4 5 6 8 -8 9 12 -6 -10 -1 -7
right_child=-2 -3 -4 -5 10 13 7 -9 11 -11 -12 -13 -14 -15
leaf_value=0.0019817284058899205 0.015792763555659835 0.013272619469424769 0.016348160079011447 0.0068467396756791005 -0.015567113125155858 -0.0044590032214728093 0.032633469922300921 -0.019016964659214351 0.024632626045205355 -0.0016735932066483231 0.010014020437506408 -0.0067426839977691583 -0.029886318694143987 -0.029627067604266411
leaf_weight=0.63302151858808553 0.79861541584250417 0.92266030394239251 0.4518854083144096 1.7900682520121325 1.0388842187821858 1.7965103021415405 1.409984927857294 0.88660298124887038 1.0621414920315144 2.510097524151206 2.7358021809486672 0.91394815826788534 4.4098083688877523 3.8270563803380355
leaf_count=3 110 218 115 37 25 63 22 13 69 33 800 63 65 219
internal_value=-0.00522036 -0.00650339 -0.00779168 -0.00892671 -0.0105053 -0.0129621 -0.00652273 0.0129736 -0.0120075 -0.0192118 0.00118769 0.0127317 -0.02622 -0.0234739
internal_weight=25.1871 24.3885 23.4658 23.0139 21.2239 17.4492 11.8256 2.29659 9.52902 7.55293 3.77469 1.97609 5.04283 5.62357
internal_count=1855 1745 1527 1412 1375 550 268 35 233 101 825 132 68 282
is_linear=0
shrinkage=0.05


Tree=171
num_leaves=15
num_cat=0
split_feature=14 4 3 3 7 14 3 14 3 14 3 14 9 14
split_gain=0.536242 0.498585 0.701227 0.356822 0.338223 0.295103 0.69179 0.481451 0.587401 0.524008 0.429032 0.408359 0.773679 0.379798
threshold=0.98044103384017955 0.98135000467300426 0.31700000166893011 0.95300000905990612 1.0000000180025095e-35 0.95720818638801586 0.31700000166893011 0.95092076063156139 0.88699999451637279 0.94687074422836315 0.35149998962879186 0.92844375967979442 2.2800099849700932 0.88813546299934398
decision_type=2 2 2 2 2 2 2 2 2 2 2 2 2 2
left_child=4 2 -2 -3 -1 7 -7 9 -9 10 -6 12 -12 -14
right_child=1 3 -4 -5 5 6 -8 8 -10 -11 11 -13 13 -15
leaf_value=-0.020298694439743817 0.0026331432491288071 -0.014300098231093728 -0.037065485659700442 0.01216530866302766 0.022524692884152347 -0.013994741711418603 0.019032091581624746 -0.033189664994157687 0.013536577601815045 0.022763166802674026 -0.019418934431153667 -0.017074056799576885 -0.0067457379061254862 0.02236702658027527
leaf_weight=0.64962454652414336 1.497804353013634 1.2191025139181875 2.2647566680097952 1.9971704983909149 0.53500241041183727 1.3342700004577626 5.0836195703595877 1.1309114978648711 0.33567800215678278 1.6164395168016188 1.6151908822357635 3.5248479557048995 1.0605966039001944 2.7103239505086094
leaf_count=36 11 63 128 446 4 8 725 10 66 71 11 170 14 84
internal_value=-0.0028118 -0.0137495 -0.0240276 0.0011214 0.00156184 0.00329142 0.0112049 -0.00129078 -0.0213427 0.00291657 -0.00233369 -0.00594827 0.00286629 0.0144812
internal_weight=26.5753 6.97883 3.76256 3.21627 19.5965 18.9469 6.41789 12.529 1.46659 11.0624 9.44596 8.91096 5.38611 3.77092
internal_count=1847 648 139 509 1199 1163 733 430 76 354 283 279 109 98
is_linear=0
shrinkage=0.05


Tree=172
num_leaves=15
num_cat=0
split_feature=4 12 4 3 15 3 4 4 2 9 9 14 14 12
split_gain=0.219145 0.451715 0.467569 0.721077 0.455071 0.445864 0.497588 0.432748 0.405451 0.359189 0.28274 0.224046 0.223769 0.220309
threshold=0.92969998717308056 2.5000000000000004 0.98135000467300426 0.91749998927116405 1.0000000180025095e-35 0.95949998497962963 0.95250001549720775 0.88425001502037059 1.0000000180025095e-35 1.5551638007164004 3.992484569549561 0.95533749461174022 0.91534283757209789 1.5000000000000002
decision_type=2 2 2 2 2 2 2 2 2 2 2 2 2 2
left_child=7 2 3 -2 -5 11 12 13 -8 -4 -6 -3 -7 -1
right_child=1 5 9 4 10 6 8 -9 -10 -11 -12 -13 -14 -15
leaf_value=-0.006102343593404589 0.011624182664280147 0.0053250797171321756 -0.016842930665227667 -0.042738697315924765 -0.015260706461608767 0.008813709173253869 0.024075838045936052 0.022988528008306888 -0.012464985966749611 0.016272037027835945 0.013665987293542731 -0.019649679010235267 -0.02376884227757398 0.0079147693892991956
leaf_weight=7.966894475976007 0.72763414739165266 0.83881278918124769 0.34142544912174333 1.9975687514524907 1.4833584526786578 0.18409093469381366 3.0492697737354324 1.0617133059422474 0.28323116898536671 1.2290858009364454 0.37362912253593106 1.600609053741209 0.46946951633435674 3.1116976935882121
leaf_count=107 40 30 7 40 64 2 585 74 3 596 183 48 23 43
internal_value=-0.00282148 -0.00720155 -0.015865 -0.0227788 -0.0303299 0.00211346 0.0114324 0.00191927 0.0188099 0.00532121 -0.0066944 -0.0120105 -0.0148113 -0.00183597
internal_weight=24.7185 12.5782 6.1527 4.58219 3.85456 6.42548 3.98606 12.1403 3.3325 1.57051 1.85699 2.43942 0.65356 11.0786
internal_count=1845 1621 930 327 287 691 613 224 588 603 247 78 25 150
is_linear=0
shrinkage=0.05


Tree=173
num_leaves=15
num_cat=0
split_feature=3 3 14 4 3 9 9 29 9 9 3 3 3 9
split_gain=0.892169 0.851644 0.970703 0.511437 0.610186 0.294844 0.707301 0.405842 0.462446 0.576486 0.531112 0.382647 0.265403 0.238594
threshold=0.28300000727176672 0.29999999701976782 0.98368009924888622 0.98135000467300426 0.31700000166893011 3.7255351543426518 2.8171484470367436 1.0000000180025095e-35 7.3374159336090097 8.9802742004394549 0.90199998021125805 0.93400001525878917 0.95449998974800121 2.2800099849700932
decision_type=2 2 2 2 2 2 2 2 2 2 2 2 2 2
left_child=-1 -2 5 4 -4 6 13 8 10 12 -7 -8 -10 -3
right_child=1 2 3 -5 -6 7 11 -9 9 -11 -12 -13 -14 -15
leaf_value=0.025115735979976097 -0.037724446937080582 0.0025631774728582038 0.011747086797028884 -0.00044309374635631007 -0.039278169852423245 -0.0089516320563111876 -0.024783000175865367 -0.013582082379717864 0.0080643213050376073 0.016674277027275752 0.033397606793409487 0.010546806269762345 -0.02417703370113072 0.024441311274548971
leaf_weight=1.9881654456257845 0.72545784711838024 6.0368112642318064 0.24770371615886633 2.1739182495803107 2.0514885740994941 0.47347046306822393 2.4760210877284412 0.62380013539222989 0.34038345923181657 1.7445239522494373 2.7444135664554778 0.37685780454194162 1.1542811971739864 0.67735019972315047
leaf_count=14 5 114 2 417 104 35 26 92 30 293 505 55 109 26
internal_value=-0.000601654 -0.00393898 -0.00112562 -0.0194782 -0.0318866 0.00462981 -0.00119159 0.0116693 0.015603 0.00105872 0.0265215 -0.0185899 -0.0165452 0.00765258
internal_weight=23.8346 21.8465 21.121 4.47311 2.29919 16.6479 9.56704 7.08087 6.45707 3.23919 3.21788 2.85288 1.49466 6.71416
internal_count=1827 1813 1808 523 106 1285 221 1064 972 432 540 81 139 140
is_linear=0
shrinkage=0.05


Tree=174
num_leaves=15
num_cat=0
split_feature=7 4 4 9 9 9 4 9 37 36 29 4 35 36
split_gain=0.341884 0.270813 0.545317 0.598973 0.512631 0.410219 0.419218 0.33563 0.597309 0.330292 0.344019 0.217842 0.164576 0.140551
threshold=1.0000000180025095e-35 0.95274999737739574 0.95205000042915355 4.0992836952209482 2.8171484470367436 5.6884701251983651 0.99975001811981212 8.9802742004394549 1.0000000180025095e-35 1.0000000180025095e-35 1.0000000180025095e-35 0.99725002050399791 1.0000000180025095e-35 1.0000000180025095e-35
decision_type=2 2 2 2 2 2 2 2 2 2 2 2 2 2
left_child=-1 2 3 4 13 6 9 11 -9 10 -3 12 -7 -2
right_child=1 5 -4 -5 -6 7 -8 8 -10 -11 -12 -13 -14 -15
leaf_value=-0.022906617545194536 -0.0039698919079197894 0.027906022066995103 -0.032993352418368663 0.022854298743555615 -0.022177591192106157 -0.020627553436039045 -0.012945875573395799 0.026375925129047906 -0.012019565164968146 -0.0079648091772082635 -0.0074916409884839101 0.0096855533597597684 0.0069033283395821378 0.0066261927321001049
leaf_weight=0.79367605177685874 7.1201288101728988 3.6313249757222348 0.51394652243470851 1.2302681333676453 2.3416017955169073 2.4867938007810162 0.486848966393154 1.0379015441867523 1.1715984223410487 0.47913416777737428 0.37711189806577738 0.23806041941861611 0.14794344417168748 4.0924327000975609
leaf_count=42 82 379 10 160 48 306 59 415 73 38 23 169 19 35
internal_value=-0.00180966 -0.000305178 -0.00439186 -0.00137034 -0.00498835 0.00574648 0.014712 -0.00400477 0.00861501 0.0195249 0.0237449 -0.0134291 -0.0176077 0.000123431
internal_weight=26.1488 25.3551 15.2984 14.7844 13.5542 10.0567 4.97442 5.0823 2.2095 4.48757 4.00844 2.8728 2.63474 11.2126
internal_count=1858 1816 335 325 165 1481 499 982 488 440 402 494 325 117
is_linear=0
shrinkage=0.05


Tree=175
num_leaves=15
num_cat=0
split_feature=4 4 4 3 23 14 3 4 3 9 4 3 3 23
split_gain=0.362314 0.633934 0.5756 0.579115 0.491807 0.521129 0.504093 0.421706 0.401852 0.399346 0.397975 0.301652 0.412236 0.263963
threshold=0.9694499969482423 0.95274999737739574 0.95205000042915355 0.38750000298023229 1.0000000180025095e-35 0.93820601701736461 0.85749998688697826 0.97154998779296886 0.6120000183582307 0.87512877583503734 0.97394999861717235 0.92399999499320995 0.91749998927116405 1.0000000180025095e-35
decision_type=2 2 2 2 2 2 2 2 2 2 2 2 2 2
left_child=1 2 3 -1 5 6 8 -2 -5 -7 -9 12 -3 -12
right_child=7 11 -4 4 -6 9 -8 10 -10 -11 13 -13 -14 -15
leaf_value=-0.011764641825361645 -0.030796563194116312 0.017501662208272106 -0.03158884663387436 0.0098760934628279191 -0.012364155822568503 -0.010315000600364827 0.019600750617122922 0.019503055493112469 -0.020417586357390827 0.031603114671001659 -0.011518815633312607 0.031022823916768874 -0.020022894124043948 0.013163840200777478
leaf_weight=4.7986537534743592 1.0057084636064226 0.50087069405708406 0.53008589573437426 1.0061744973063453 1.4974640685832126 0.1846670210361484 1.2828311671619301 0.56649123533861701 1.8755768482806159 2.6739258099696599 6.1223683371208608 1.3991062386776318 0.43126518395729363 0.42191164917312551
leaf_count=42 30 24 12 10 31 1 45 40 20 183 1186 162 6 39
internal_value=-0.00237981 0.00199868 -0.0025387 0.000742744 0.0082825 0.0136771 0.00113195 -0.0103703 -0.010021 0.0269237 -0.00404056 0.0216246 -0.00123715 -0.00839357
internal_weight=24.2971 16.1806 13.8494 13.3193 8.52064 7.02318 4.16458 8.11648 2.88175 2.85859 7.11077 2.33124 0.932136 6.54428
internal_count=1831 536 344 332 290 259 75 1295 30 184 1265 192 30 1225
is_linear=0
shrinkage=0.05


Tree=176
num_leaves=15
num_cat=0
split_feature=7 14 14 5 14 4 4 11 3 11 5 12 4 14
split_gain=0.466545 0.579395 0.558164 0.450688 0.834789 0.461744 0.436738 0.431682 0.35025 0.526111 0.531437 0.458571 0.456389 0.339466
threshold=1.0000000180025095e-35 0.94687074422836315 0.95092076063156139 1.0000000180025095e-35 0.9275864064693452 0.92969998717308056 0.97455000877380382 7.5000000000000009 0.95049998164176952 25.500000000000004 0.75000000000000011 4.5000000000000009 0.88969999551773082 0.930240958929062
decision_type=2 2 2 2 2 2 2 2 2 2 2 2 2 2
left_child=-1 3 -3 7 -5 -6 -7 13 11 12 -11 -4 -10 -2
right_child=1 2 8 4 5 6 -8 -9 9 10 -12 -13 -14 -15
leaf_value=-0.022969174302988917 -0.042871111962001322 0.032954386831330944 0.0042802984499429155 0.017805807923450132 0.0069305162376388845 -0.036227327025207312 0.0094690281678273258 0.0031448486439387548 -0.011037519880412875 0.018504610102180585 -0.020177564709176546 -0.021806412232242001 0.033185609750725105 -0.0040989909123058171
leaf_weight=0.79684826591983693 0.80389760620892259 1.2097747433581378 7.8054883486765885 3.0712388175306842 1.0169389693182895 1.1999687945935873 0.2300711509597021 1.3308454388752577 0.20896857755724285 0.58158243965590339 1.0834245368023403 1.0844505799468604 2.158896122709848 1.1652507921680806
leaf_count=44 5 70 236 83 42 49 70 26 3 211 95 36 893 16
internal_value=0.00169866 0.00347838 0.00950079 -0.0061581 0.00282573 -0.0156871 -0.0280042 -0.0183443 0.00509594 0.01564 -0.00479243 -0.000785068 0.0271644 -0.0290354
internal_weight=23.7476 22.9508 14.1326 8.81821 5.51822 2.44698 1.43004 3.29999 12.9228 4.03287 1.66501 8.88994 2.36786 1.96915
internal_count=1879 1835 1544 291 244 161 119 47 1474 1202 306 272 896 21
is_linear=0
shrinkage=0.05


Tree=177
num_leaves=15
num_cat=0
split_feature=36 4 1 12 11 14 14 16 14 14 11 3 11 4
split_gain=0.389679 0.519226 0.380058 0.354205 0.42853 0.399314 0.872884 0.328073 0.457972 0.422456 0.360493 0.320949 0.642837 0.287024
threshold=1.0000000180025095e-35 0.84700000286102306 1.0000000180025095e-35 8.0000000000000018 5.5000000000000009 0.92844375967979442 0.930240958929062 1.0000000180025095e-35 0.96324706077575695 0.94125753641128551 4.5000000000000009 0.96149998903274547 14.500000000000002 0.99195000529289257
decision_type=2 2 2 2 2 2 2 2 2 2 2 2 2 2
left_child=2 -2 -1 4 7 13 -7 8 9 -4 -9 -5 -13 -6
right_child=1 -3 3 11 5 6 -8 10 -10 -11 -12 12 -14 -15
leaf_value=-0.018506734559834228 0.0011207706227954488 -0.026437822487217891 -0.015572519031222485 -0.02428580501590101 0.032516578784473969 -0.02798546252462264 0.011101386379262033 -0.013709800653116531 -0.030408061365789042 0.01992367519007085 0.02275238701434372 0.021942537059987194 -0.021054825654165062 -0.0050327098384011816
leaf_weight=0.95593106048182264 3.6936296662315717 2.0621570278890431 0.62210005242377808 0.90018096845596973 1.9365562112070613 0.69038091530091961 9.2151450521923817 0.28035712457494832 1.0293934685178099 0.77815118042053655 0.74122093070764095 0.99016752862371482 0.56510267406702042 0.32288154598791141
leaf_count=15 31 85 11 43 57 8 1312 25 42 31 101 76 5 15
internal_value=-0.000848582 -0.0112047 0.00268715 0.00471983 0.00754962 0.011768 0.0060608 -0.00662274 -0.0150286 0.00423586 0.010914 -0.0102537 0.00419383 0.0272529
internal_weight=24.7834 5.75579 19.0276 18.0716 15.6162 12.165 9.90553 3.45122 2.42964 1.40025 1.02158 2.45545 1.55527 2.25944
internal_count=1857 116 1741 1726 1602 1392 1320 210 84 42 126 124 81 72
is_linear=0
shrinkage=0.05


Tree=178
num_leaves=15
num_cat=0
split_feature=7 9 9 29 15 9 3 3 4 9 3 14 14 3
split_gain=0.301003 0.29236 0.869656 0.574997 0.554708 0.395249 0.376884 0.63048 0.326032 0.302785 0.285356 0.410876 0.977278 0.278638
threshold=1.0000000180025095e-35 2.1465229988098149 5.8067834377288827 1.0000000180025095e-35 1.0000000180025095e-35 7.4039602279663095 0.93149998784065258 0.91749998927116405 0.97505000233650219 1.0076929926872256 0.62000000476837169 0.94826391339302074 0.930240958929062 0.90599998831748974
decision_type=2 2 2 2 2 2 2 2 2 2 2 2 2 2
left_child=-1 9 3 6 5 8 7 -3 -4 10 11 12 -2 -7
right_child=1 2 4 -5 -6 13 -8 -9 -10 -11 -12 -13 -14 -15
leaf_value=-0.022994725146433411 -0.018003899466473842 0.019808938407821712 -0.036050173989663481 -0.012420104134157835 0.019145005641364527 0.015965602372999547 0.033909612446827865 -0.016162892657688537 0.0019949042543011531 -0.026275017390266511 0.013419486861725461 -0.014553012866096941 0.025764820040172505 -0.0089285574630690416
leaf_weight=0.8031474100425865 1.4648373778909429 2.1134262576815659 1.423315968597308 0.87815620301989827 0.6132780149928293 0.54935943335294757 2.1622661695728311 1.0777542364085091 0.60292727180058125 0.83730201225262213 1.1313761261990301 5.303988796658814 1.7109523545950649 3.2295420151203871
leaf_count=45 8 73 31 40 547 46 441 25 107 41 14 53 27 310
internal_value=-0.00328157 -0.00167038 0.00334733 0.015487 -0.00893779 -0.0142819 0.021299 0.00670244 -0.0278111 -0.0075071 -0.00354999 -0.00699083 0.00609957 -0.00272599
internal_weight=23.9016 23.0985 12.65 6.2316 6.41842 5.80514 5.35345 3.19118 2.02624 10.4485 9.61115 8.47978 3.17579 3.7789
internal_count=1808 1763 1620 579 1041 494 539 98 138 143 102 88 35 356
is_linear=0
shrinkage=0.05


Tree=179
num_leaves=15
num_cat=0
split_feature=14 14 4 3 14 12 11 4 14 14 14 14 3 35
split_gain=0.580111 1.14068 0.812587 0.514851 0.602658 0.502723 0.669965 0.482619 0.561999 0.427108 0.40352 0.393115 0.675795 0.316519
threshold=0.95092076063156139 0.94558534026145946 0.98215001821517955 0.52950000762939464 0.98742127418518078 2.5000000000000004 11.500000000000002 0.92969998717308056 0.90535151958465587 0.91151106357574474 0.982448309659958 0.9766443967819215 0.31700000166893011 1.0000000180025095e-35
decision_type=2 2 2 2 2 2 2 2 2 2 2 2 2 2
left_child=1 7 3 4 10 -5 -7 9 -9 -1 11 12 -2 -10
right_child=2 -3 -4 5 -6 6 -8 8 13 -11 -12 -13 -14 -15
leaf_value=-0.0088524640602799347 -0.031069679859651964 0.03689113705278789 0.010305219466730681 -0.02977264085706522 0.024489695298887785 0.020063228918126872 -0.023028564832054121 0.014170072966923717 -0.026820283092618392 0.017707207642968351 -0.025484606652377048 0.022049781109800243 0.015912196267454718 0.0093377340852344014
leaf_weight=1.7189032542519287 0.58276752568781265 1.3646109601249907 3.3078445717692366 5.0279994125012308 0.71796826273202885 1.0023699023295192 0.64239199366420496 0.66106255655176971 2.7129186916281474 2.8171892335521989 1.2045282721519468 0.62119545228779305 0.61994960997253656 0.21171809639781702
leaf_count=18 5 92 962 306 7 130 37 32 130 69 7 8 23 10
internal_value=-0.00282731 0.00629639 -0.00913187 -0.0156648 -0.000371046 -0.0230839 0.000889333 -0.00232484 -0.0141155 0.00786164 -0.010881 0.00437261 -0.0106228 -0.0224904
internal_weight=23.2134 9.4864 13.727 10.4192 3.74641 6.67276 1.64476 8.12179 3.5857 4.53609 3.02844 1.82391 1.20272 2.92464
internal_count=1836 351 1485 523 50 473 167 259 172 87 43 36 28 140
is_linear=0
shrinkage=0.05


Tree=180
num_leaves=15
num_cat=0
split_feature=14 11 3 2 3 13 14 3 14 14 3 33 7 16
split_gain=0.491815 0.91215 0.757346 0.41732 0.4636 0.625702 0.419548 0.415775 0.392541 0.391682 0.568776 0.30587 0.361149 0.295606
threshold=0.98690772056579601 32.500000000000007 0.32999999821186071 1.0000000180025095e-35 0.84499999880790722 0.75000000000000011 0.94687074422836315 0.95049998164176952 0.96137788891792308 0.98733773827552807 0.58100000023841869 1.0000000180025095e-35 1.0000000180025095e-35 1.0000000180025095e-35
decision_type=2 2 2 2 2 2 2 2 2 2 2 2 2 2
left_child=1 2 -1 4 5 -4 -6 8 -8 -2 -11 12 -9 -12
right_child=9 -3 3 -5 6 -7 7 11 -10 10 13 -13 -14 -15
leaf_value=-0.024214237823568515 -0.035453922463214521 0.030612903511531654 -0.014806389290290323 -0.01467863393370304 -0.011866305369282924 0.022608847355088106 0.01778997115715359 -0.0088020539416523609 -0.012710670671247383 0.020928441374031655 -0.021406970512610396 -0.0053355476538244195 0.032832849831225523 0.0096792541208485933
leaf_weight=2.2669463818892934 0.74752786691533346 1.3768359262030561 0.66919624619185913 2.1856881240382782 4.227399970579425 4.4066693104105097 0.52025005532777902 0.20413141371683541 2.6545074415626004 0.64950718358159099 2.0019702689605769 0.62137404567329202 1.6076953411975285 0.38046439271420229
leaf_count=15 30 139 9 36 198 79 44 9 135 7 142 44 797 167
internal_value=-0.00191952 0.00135 -0.00213182 0.00197241 0.00518226 0.016051 -0.0013906 0.00710693 -0.00464842 -0.0163902 -0.00406246 0.0193313 0.0266799 -0.0150487
internal_weight=24.5202 20.7407 19.3639 17.0969 14.9112 5.07587 9.83536 5.60796 3.17476 3.77947 3.03194 2.4332 1.81183 2.38243
internal_count=1851 1505 1366 1351 1315 88 1227 1029 179 346 316 850 806 309
is_linear=0
shrinkage=0.05


Tree=181
num_leaves=15
num_cat=0
split_feature=3 3 14 12 3 3 3 13 12 16 12 9 4 14
split_gain=0.413399 0.924918 0.757586 0.529569 0.405768 0.743858 0.426475 0.284899 0.303973 0.257026 0.557107 0.501514 0.323111 0.344166
threshold=0.92050001025199901 0.76649999618530285 0.930240958929062 11.500000000000002 0.55500000715255748 0.29999999701976782 0.6120000183582307 0.75000000000000011 13.500000000000002 1.0000000180025095e-35 2.5000000000000004 12.342508792877199 0.97154998779296886 0.94521561264991771
decision_type=2 2 2 2 2 2 2 2 2 2 2 2 2 2
left_child=1 2 -1 -3 5 -4 -6 -2 9 -9 12 -12 -11 -14
right_child=7 3 4 -5 6 -7 -8 8 -10 10 11 -13 13 -15
leaf_value=-0.022275259882320292 0.015235834114568825 0.032810852881872417 -0.0056300788293401662 -0.011606824494078858 -0.02680008132560386 0.027610307730438384 0.0064760440269979588 -0.019134210527155904 0.0097249099387645005 -0.023010544186687208 0.026424006532459444 -0.014155324591802418 -0.016359970575777771 0.018214004372472715
leaf_weight=2.1938145053572971 0.50018133799312536 2.7387956019374537 2.5561319626867771 0.29288603272289027 0.70010313671082292 2.7224022778682411 1.5407183253555556 4.4053818675456551 1.1980516032781441 1.8914958533132451 1.3180302096443481 0.38433393809827965 0.27110913698561467 0.75231050295406021
leaf_count=16 52 138 17 14 7 67 26 595 73 84 426 95 12 242
internal_value=0.000703718 0.00656027 -0.0016332 0.0267052 0.00629699 0.0131807 -0.00898201 -0.00622418 -0.00853863 -0.011692 -0.00244917 0.0154146 -0.0141545 0.00549628
internal_weight=23.4657 12.7449 9.71317 3.03168 7.51936 5.27853 2.24082 10.7209 10.2207 9.02266 4.61728 1.70236 2.91492 1.02342
internal_count=1864 285 133 152 117 84 33 1579 1527 1454 859 521 338 254
is_linear=0
shrinkage=0.05


Tree=182
num_leaves=15
num_cat=0
split_feature=37 9 33 9 9 3 9 14 3 12 7 29 14 4
split_gain=0.496079 0.694204 0.674777 0.591884 0.57106 0.552696 0.537669 0.452094 0.695524 0.4268 0.328972 0.283745 0.273945 0.272196
threshold=1.0000000180025095e-35 2.9598593711853032 1.0000000180025095e-35 2.8171484470367436 2.1465229988098149 0.55500000715255748 12.342508792877199 0.98247721791267406 0.38750000298023229 1.5000000000000002 1.0000000180025095e-35 1.0000000180025095e-35 0.94826391339302074 0.95250001549720775
decision_type=2 2 2 2 2 2 2 2 2 2 2 2 2 2
left_child=1 3 6 4 5 7 10 8 12 -7 -3 -12 -1 -4
right_child=-2 2 13 -5 -6 9 -8 -9 -10 -11 11 -13 -14 -15
leaf_value=0.0051555451567320363 -0.014788037727070888 -0.0083216366847801756 0.014097500771878156 -0.026153804786639381 0.027588387192555949 -0.023068566567642321 -0.0096065383654943097 0.0283829693666202 0.021341912151485305 0.0050465919160183319 0.033271095717822455 -0.002370953090868654 -0.01842503460825963 -0.014052514221853888
leaf_weight=1.3394444743171372 2.1638470792677245 0.18883583741262899 0.3431923966854814 1.016065448464359 0.99642036700970571 2.723260365659371 0.59753454934980244 0.929037395864725 1.5445738732814787 1.6407727549667468 5.205240791518003 0.47343248798279081 2.5426994152367115 1.6847910092910749
leaf_count=12 120 8 5 22 67 34 160 9 39 49 1084 95 23 103
internal_value=0.00400891 0.00650434 0.0167417 -0.00104633 0.00301657 -0.00142654 0.0238072 0.00759196 0.000170044 -0.0135278 0.0281133 0.0303895 -0.0108996 -0.00620625
internal_weight=23.3891 21.2253 8.49303 12.7323 11.7162 10.7198 6.46504 6.35576 5.42672 4.36403 5.86751 5.67867 3.88214 2.02798
internal_count=1830 1710 1455 255 233 166 1347 83 74 83 1187 1179 35 108
is_linear=0
shrinkage=0.05


Tree=183
num_leaves=15
num_cat=0
split_feature=14 16 14 3 11 4 4 4 9 23 12 29 11 14
split_gain=0.362095 0.529179 0.44004 0.528181 0.425286 0.36315 0.550891 0.502653 0.579184 0.583352 0.582944 0.434462 0.360763 0.355163
threshold=0.96757176518440258 1.0000000180025095e-35 0.95645335316658031 0.92399999499320995 7.5000000000000009 0.97394999861717235 0.95385000109672557 0.95205000042915355 3.3852339982986455 1.0000000180025095e-35 1.5000000000000002 1.0000000180025095e-35 11.500000000000002 0.91946774721145641
decision_type=2 2 2 2 2 2 2 2 2 2 2 2 2 2
left_child=2 4 5 -4 -2 6 7 8 9 10 -1 -8 -3 -7
right_child=1 12 3 -5 -6 13 11 -9 -10 -11 -12 -13 -14 -15
leaf_value=-0.0070651212300745399 -0.035461493041198874 0.023060141831541123 0.029629614718331445 -0.0066407885016009213 -0.0091003424097416911 0.0086838183424963154 0.029921957966994817 -0.031968621398159425 0.020944292327360187 -0.030363651669755229 0.025015107402895753 -0.01177909955520365 -0.01054582248338392 -0.027750772066750137
leaf_weight=4.7549529920215718 1.410343017196279 0.8857054205582251 1.3678553368663409 1.2193930183420887 7.5653194125334267 0.38186648045666416 1.2520721989858419 0.49576725711813274 1.4280945214559322 0.9917578538879751 0.87963579758070398 0.25446814007591445 0.61357060249429196 1.5130472097516756
leaf_count=58 42 433 37 272 500 23 86 3 104 7 15 5 148 126
internal_value=-0.00529497 -0.011935 -5.07875e-05 0.0154492 -0.016382 -0.00433993 0.000138361 -0.00534858 -0.000360317 -0.00709608 0.00095859 0.0209891 0.0105903 -0.019945
internal_weight=25.0138 10.4749 14.5389 2.58725 8.97566 11.9517 10.0567 8.55021 8.05444 6.62635 5.63459 1.50654 1.49928 1.89491
internal_count=1859 1123 736 309 542 427 278 187 184 80 73 91 581 149
is_linear=0
shrinkage=0.05


Tree=184
num_leaves=15
num_cat=0
split_feature=3 14 9 9 14 12 3 9 11 17 14 14 2 16
split_gain=0.385613 0.408276 0.440424 0.720317 0.369397 0.485485 0.349822 0.536545 0.516472 0.554538 0.448216 0.270237 0.207174 0.192933
threshold=0.32999999821186071 0.98831731081008922 2.8171484470367436 2.9083033800125127 0.91946774721145641 11.500000000000002 0.93149998784065258 7.3861246109008798 40.500000000000007 1.0000000180025095e-35 0.95251977443695079 0.97876101732254039 1.0000000180025095e-35 1.0000000180025095e-35
decision_type=2 2 2 2 2 2 2 2 2 2 2 2 2 2
left_child=11 2 -2 -4 5 -5 -6 8 9 12 -9 -1 -8 -3
right_child=1 13 3 4 6 -7 7 10 -10 -11 -12 -13 -14 -15
leaf_value=-0.026434166874707905 0.013991646953849413 -0.018276240024758642 -0.029868579951904946 0.030113141636169596 -0.014132092516405195 -0.012733172150569502 0.0345947078499785 -0.024805881499445386 -0.017004499822776031 -0.0070168308234140973 0.010306692550018946 0.00054843224451665861 -0.0037621258961683872 0.008684035200307352
leaf_weight=1.1576934964396088 7.1518818868207807 2.0723331812187094 0.87408698134822671 1.2751453950186249 2.4422737601562385 0.28915222175419319 2.2139156770863351 1.1788218729780058 0.28355570579878975 0.86800074856728304 0.82366788190847717 1.5583801735192535 0.18985033314675082 0.20913063726038661
leaf_count=11 172 127 13 51 142 8 592 65 7 17 448 12 5 140
internal_value=-0.000136904 0.00251078 0.00527451 -0.00139907 0.00378376 0.0203162 -0.00134707 0.00556936 0.0157562 0.0219115 -0.0117408 -0.0149711 0.03135 -0.0139116
internal_weight=22.5879 19.8718 17.5904 10.4385 9.56438 1.5643 8.00009 5.55781 3.55532 3.27177 2.00249 2.71607 2.40377 2.28146
internal_count=1810 1787 1520 1348 1335 59 1276 1134 621 614 513 23 597 267
is_linear=0
shrinkage=0.05


Tree=185
num_leaves=15
num_cat=0
split_feature=28 14 14 14 3 14 3 24 9 9 3 5 14 3
split_gain=0.356374 0.26661 0.839062 0.558465 0.505196 0.284655 0.472645 0.401748 0.365909 0.486459 0.402843 0.772856 0.654252 0.555071
threshold=1.0000000180025095e-35 0.98690772056579601 0.98247721791267406 0.98733773827552807 0.58100000023841869 0.97846508026123058 0.28300000727176672 1.0000000180025095e-35 8.8445467948913592 12.342508792877199 0.91749998927116405 0.75000000000000011 0.96904006600379955 0.38750000298023229
decision_type=2 2 2 2 2 2 2 2 2 2 2 2 2 2
left_child=1 2 5 -3 -5 6 -1 8 10 -10 11 13 -12 -8
right_child=-2 3 -4 4 -6 -7 7 -9 9 -11 12 -13 -14 -15
leaf_value=0.025089555034129137 0.021407236956032343 -0.035775668954814155 0.026140856867015734 0.021992570440296393 -0.011692409437607031 -0.018271267582946046 -0.025217434776653742 0.019149318064379323 0.025698385936595416 -0.015094710211124572 -0.024055985489438964 0.027763076104601294 0.014922588114634325 0.0018722685273616679
leaf_weight=0.59019356220962294 0.67336181014252261 0.7261236466292752 1.701463083794805 0.71227998659014735 2.1808582099620253 1.8343018257583015 1.8849619221873526 0.81077362841460932 0.98775889983517184 0.34886276174802333 4.7453495397785446 0.90895151934819285 0.6135633115627569 5.13030936405994
leaf_count=4 120 31 211 8 299 147 17 105 148 57 386 24 148 109
internal_value=-0.000955624 -0.00246398 8.36336e-05 -0.0132679 0.00011958 -0.00365416 -0.00100542 -0.00346978 -0.00586983 0.0131478 -0.00857003 -0.000927295 -0.0179483 -0.00764463
internal_weight=23.8491 23.1758 19.5565 3.61926 2.89314 17.855 16.0207 15.4305 14.6198 1.33662 13.2831 7.92422 5.35891 7.01527
internal_count=1814 1694 1356 338 307 1145 998 994 889 205 684 150 534 126
is_linear=0
shrinkage=0.05


Tree=186
num_leaves=15
num_cat=0
split_feature=14 14 3 4 4 14 14 14 9 9 5 14 11 4
split_gain=0.605368 1.40569 0.573499 0.506426 0.39429 0.379515 0.55347 0.730073 0.385096 0.389204 0.353384 0.731781 0.347125 0.296821
threshold=0.9806509017944337 0.97246921062469494 0.60750001668930065 0.98135000467300426 0.99975001811981212 0.9275864064693452 0.94687074422836315 0.95251977443695079 4.0992836952209482 0.87512877583503734 1.0000000180025095e-35 0.90128409862518322 6.5000000000000009 0.98184999823570263
decision_type=2 2 2 2 2 2 2 2 2 2 2 2 2 2
left_child=1 2 -1 -2 -5 10 -7 -8 9 -9 -4 -12 -11 -3
right_child=3 13 5 4 -6 6 7 8 -10 12 11 -13 -14 -15
leaf_value=0.015356276862677293 -0.02093681844291298 0.040551548052024308 -0.012384617427670745 0.018099247509150082 -0.011599759145878226 -0.026450566182744578 0.02587829373486902 0.013823811291666006 0.014415226144052771 -0.029191497419595515 -0.0085387475982359375 0.03144865208013236 0.0019350906651608519 -0.0011986420688925269
leaf_weight=3.2339034811593654 3.7255109734251155 1.9781215386174147 1.042514356784521 1.3931772541836838 1.1777765649312639 2.7262744893960189 0.88726432953262691 0.25197896361351046 0.482551412511384 2.3019900009967391 1.5479631258640441 1.4031972656375726 1.067112414515577 0.43114528029400379
leaf_count=58 139 111 22 365 117 154 79 2 418 24 28 57 74 183
internal_value=0.00114706 0.00594746 -0.000620411 -0.0110854 0.00505552 -0.00589334 -0.0118656 -0.000813295 -0.0105242 -0.0162479 0.00571225 0.0136215 -0.0211462 0.0349201
internal_weight=23.6505 17.354 14.9447 6.29646 2.57095 11.7108 7.71717 4.9909 4.10363 3.62108 3.99367 2.95116 3.3691 2.40927
internal_count=1831 1210 916 621 482 858 751 597 518 100 107 85 98 294
is_linear=0
shrinkage=0.05


Tree=187
num_leaves=15
num_cat=0
split_feature=16 14 9 14 4 14 11 7 11 14 14 14 3 4
split_gain=0.458725 0.571173 0.600443 0.408914 0.398385 0.427862 0.36251 0.349045 0.332162 0.499252 0.66592 0.412131 0.500276 0.422443
threshold=1.0000000180025095e-35 0.96427303552627575 3.7255351543426518 0.94755619764328014 0.92969998717308056 0.90128409862518322 7.5000000000000009 1.0000000180025095e-35 13.500000000000002 0.98733773827552807 0.98690772056579601 0.97876101732254039 0.31700000166893011 0.98115000128746044
decision_type=2 2 2 2 2 2 2 2 2 2 2 2 2 2
left_child=3 2 -2 4 5 -1 -7 -3 -5 10 11 12 -10 -13
right_child=1 7 -4 8 -6 6 -8 -9 9 -11 -12 13 -14 -15
leaf_value=-0.0106116649006177 -0.020205326752307587 -0.0084476353173915872 0.013469452917115089 -0.019396947541160042 -0.011510358952407835 0.0038153252968864781 0.031893921277914676 0.033350862029110188 -0.029260173017767274 0.014959282800933109 -0.036983339023674199 0.021350751246996164 0.010146538351739249 -0.011771686665483989
leaf_weight=1.0584545875899554 1.4229708057828241 0.18960997182875838 1.9342305614700306 4.3576076761237328 1.8732426766073329 2.7856614009942859 1.4310266029206102 1.6777682842657669 0.92231513233855345 1.8960029440931974 0.68559458304662246 1.8093584436574022 0.71580582475871779 0.69092015284695651
leaf_count=11 31 6 231 294 100 39 43 644 6 136 12 42 188 101
internal_value=-0.000605876 0.0112172 -0.00216525 -0.00440217 0.00454849 0.0111766 0.0176316 0.0276408 -0.0100764 -0.0023028 -0.010491 0.000241154 -0.0147218 0.0114496
internal_weight=23.4506 5.22458 3.3572 18.226 7.14839 5.27514 4.21669 1.86738 11.0776 6.72 4.82399 4.1384 1.63812 2.50028
internal_count=1884 912 262 972 193 93 82 650 779 485 349 337 194 143
is_linear=0
shrinkage=0.05


Tree=188
num_leaves=15
num_cat=0
split_feature=14 14 14 5 4 9 14 14 4 4 14 9 14 12
split_gain=0.409486 0.300276 0.517732 0.476263 0.547044 0.292387 0.289356 0.456925 0.285718 0.488964 0.285623 0.283551 0.264199 0.296634
threshold=0.90535151958465587 0.94521561264991771 0.94826391339302074 1.0000000180025095e-35 0.92969998717308056 3.3223980665206914 0.95720818638801586 0.96757176518440258 0.97154998779296886 0.96665000915527355 0.92844375967979442 3.7738654613494877 0.97246921062469494 1.0000000180025095e-35
decision_type=2 2 2 2 2 2 2 2 2 2 2 2 2 2
left_child=-1 3 5 -2 -5 -3 11 -8 9 12 -6 -4 -9 -14
right_child=1 2 6 4 10 -7 7 8 -10 -11 -12 -13 13 -15
leaf_value=0.013509240471990789 -0.02999264913547043 0.02998078917937291 -0.026627673137741628 0.015908396314233693 0.0059866133593787759 -0.0044991717429125741 0.013531934776524352 -0.020577599359074345 0.0020237744876528555 -0.036131837559869741 -0.025313462257909133 0.008704981095575352 -0.0061290875581677846 0.017302107456423483
leaf_weight=1.6623852709308291 2.3068509064614799 0.69129432691261061 1.6677974571939547 1.381028334842995 0.60469683038536448 0.60818187778932042 2.3028440665220833 0.86962574796052461 4.276461447487236 0.86610220000147808 1.2519013929995706 0.20740007743006561 3.2165122322621755 0.99662458372768004
leaf_count=48 33 19 36 45 32 42 296 39 937 32 84 88 50 75
internal_value=-0.00550455 -0.00753255 -0.00352511 -0.0166094 -0.00224616 0.0189047 -0.00664467 -0.00309158 -0.00770733 -0.0139873 -0.016592 -0.0210514 -0.00489415 0.00166933
internal_weight=22.9097 21.2473 15.7028 5.54448 3.23763 1.29948 14.4034 12.5282 10.2253 5.94886 1.8566 1.8752 5.08276 4.21314
internal_count=1856 1808 1614 194 161 61 1553 1429 1133 196 116 124 164 125
is_linear=0
shrinkage=0.05


Tree=189
num_leaves=15
num_cat=0
split_feature=24 14 3 3 4 9 3 35 14 7 2 9 7 9
split_gain=0.38651 0.480331 0.356354 0.656837 0.749167 0.317409 0.274007 0.266447 0.233595 0.22884 0.18859 0.159927 0.11792 0.0807194
threshold=1.0000000180025095e-35 0.95720818638801586 0.29999999701976782 0.82949998974800121 0.97154998779296886 6.9260485172271737 0.95449998974800121 1.0000000180025095e-35 0.9766443967819215 1.0000000180025095e-35 1.0000000180025095e-35 3.9558867216110234 1.0000000180025095e-35 3.258797407150269
decision_type=2 2 2 2 2 2 2 2 2 2 2 2 2 2
left_child=1 7 -3 -4 5 11 8 -1 -6 -8 -11 13 -2 -5
right_child=12 2 3 4 6 -7 9 -9 -10 10 -12 -13 -14 -15
leaf_value=-0.015386269691020317 -0.0050844626579555517 -0.01401235796509686 0.022413401765008688 -0.0093966931882528987 0.0114185555124041 0.0097093660494201109 -0.0088699873687827901 0.011578530323171132 -0.01719352007624847 0.024280191844453122 -0.0068510272178979939 -0.032414438663052485 0.021989538414360948 0.0078009059856189444
leaf_weight=10.404805735961421 0.11071268701925874 2.1385828219354144 2.6128108697012049 0.73332703637424934 0.33051612428971588 0.23770580822019827 0.20229660463519605 0.2854268468217932 0.7483413320442196 2.2750579781859401 0.13094970583915699 1.4528387910104354 0.71311429786146519 0.2041736647952348
leaf_count=375 7 14 81 27 49 64 7 19 37 913 1 92 114 17
internal_value=-0.00507702 -0.006668 0.000733548 0.00532134 -0.00384747 -0.0205025 0.00986502 -0.0137375 -0.0071518 0.016935 0.0210718 -0.0254846 0.0175583 -0.00355814
internal_weight=22.5807 21.7568 11.0666 8.92802 6.31521 2.62805 3.68716 10.6902 1.07886 2.6083 2.40601 2.39034 0.823827 0.937501
internal_count=1817 1696 1302 1288 1207 200 1007 394 86 921 914 136 121 44
is_linear=0
shrinkage=0.05


Tree=190
num_leaves=15
num_cat=0
split_feature=28 9 37 14 14 24 8 12 12 9 2 14 14 4
split_gain=0.382799 0.413288 0.467953 0.447177 0.392646 0.369435 0.352954 0.273173 0.272576 0.261852 0.330086 0.238196 0.480091 0.396142
threshold=1.0000000180025095e-35 8.9802742004394549 1.0000000180025095e-35 0.98708567023277294 0.99494275450706493 1.0000000180025095e-35 0.75000000000000011 2.5000000000000004 13.500000000000002 0.87512877583503734 1.0000000180025095e-35 0.98220920562744152 0.97876101732254039 0.98135000467300426
decision_type=2 2 2 2 2 2 2 2 2 2 2 2 2 2
left_child=1 3 -3 5 7 6 9 -5 -4 -1 11 12 -11 -13
right_child=-2 2 8 4 -6 -7 -8 -9 -10 10 -12 13 -14 -15
leaf_value=0.013820174342300446 0.02239349838691446 0.027161189372904126 -0.020057553762675193 0.029955192623625816 -0.014260417913073021 0.015881276767292722 0.016166351829320896 -0.0052180185567772888 0.011261506344545412 -0.0081582762431100294 -0.031108000821849471 -0.029477374693618576 0.019196210687775828 0.009208255130706177
leaf_weight=0.25153315812351351 0.71760010495199722 1.3473027556610753 0.57504054624587286 1.179329092032275 0.23798739735502739 0.72170183100388285 0.45419224142096837 0.39019805705174793 0.39208219572901726 12.537961881171213 1.1033183517865826 1.6000809060351446 0.86297032378206573 0.36498470348305989
leaf_count=2 118 406 12 99 3 100 144 96 63 581 15 29 61 81
internal_value=-0.000394446 -0.00207769 0.0144342 -0.00462063 0.0143807 -0.00719916 -0.00898944 0.0225832 -0.00809025 -0.0105465 -0.0116884 -0.00847849 -0.00518609 -0.0216098
internal_weight=22.7363 22.0187 2.31443 19.7043 1.80751 17.8967 17.175 1.56953 0.967123 16.7208 16.4693 15.366 13.4009 1.96507
internal_count=1810 1692 481 1211 198 1013 913 195 75 769 767 752 642 110
is_linear=0
shrinkage=0.05


Tree=191
num_leaves=15
num_cat=0
split_feature=9 3 3 14 4 14 11 14 14 4 14 2 12 14
split_gain=0.359306 0.430855 1.05179 0.342009 0.319634 0.305166 0.274099 0.270264 0.767721 0.763971 0.445164 0.342011 0.282593 0.240771
threshold=6.9260485172271737 0.52950000762939464 0.38750000298023229 0.97876101732254039 0.99304997920990001 0.88813546299934398 6.5000000000000009 0.98044103384017955 0.97246921062469494 0.87620002031326305 0.96757176518440258 1.0000000180025095e-35 1.5000000000000002 0.930240958929062
decision_type=2 2 2 2 2 2 2 2 2 2 2 2 2 2
left_child=1 2 3 6 5 -2 -1 8 9 12 11 13 -3 -11
right_child=4 7 -4 -5 -6 -7 -8 -9 -10 10 -12 -13 -14 -15
leaf_value=0.0018737189134808985 -0.0072509084287546259 -0.035146492958559428 0.030304987999819566 0.0044021059607132346 -0.0065407060129698234 0.024686030144114419 -0.027327899303620173 -0.023619778837804015 0.021560637338309895 -0.0015084169076594607 -0.020294172545492019 -0.014155559650506572 -0.0030871175729152811 0.021903369890222801
leaf_weight=0.99312334414572179 0.51290166494436551 2.2680610526585938 1.4464281015098093 2.361745573580265 1.6986995676852528 1.7567380007676545 1.569814058486372 3.0114166558341813 1.0788411998801155 1.5098060182062911 0.86091259623935901 0.54213245911523689 1.1337457229383288 2.1109033591637854
leaf_count=9 10 31 41 19 421 356 16 305 138 48 88 12 15 318
internal_value=-0.0043907 -0.00724963 0.00304495 -0.00872524 0.00793658 0.0174585 -0.0186624 -0.0123276 -0.00684179 -0.0123802 0.000789873 0.00823649 -0.0275905 0.0139272
internal_weight=22.8553 18.8869 6.37111 4.92468 3.96834 2.26964 2.56294 12.5158 9.5044 8.42556 5.02375 4.16284 3.40181 3.62071
internal_count=1827 1040 85 44 787 366 25 955 650 512 466 378 46 366
is_linear=0
shrinkage=0.05


Tree=192
num_leaves=15
num_cat=0
split_feature=9 9 9 1 4 14 11 14 9 14 11 5 9 9
split_gain=0.515985 0.243205 0.60735 0.42487 0.396624 0.288125 0.228483 0.310641 0.55335 0.413 0.264311 0.217496 0.305163 0.348776
threshold=2.9083033800125127 3.927794456481934 4.0992836952209482 1.0000000180025095e-35 0.81705000996589672 0.98690772056579601 7.5000000000000009 0.98707339167594921 2.8171484470367436 0.9885481894016267 40.500000000000007 1.0000000180025095e-35 7.3861246109008798 10.734659671783449
decision_type=2 2 2 2 2 2 2 2 2 2 2 2 2 2
left_child=6 3 -3 -2 -5 11 -1 8 -8 -9 -11 -4 -13 -14
right_child=1 2 5 4 -6 -7 7 9 -10 10 -12 12 13 -15
leaf_value=-0.020722563285084095 -0.016283717195510593 -0.024644076950123949 -0.0040506051419508067 -0.011636483984613283 0.027399629242674403 -0.010336062023353153 0.0079025681600041562 -0.033717385572248855 -0.025649549905478339 0.017188387327188765 -0.014326280261076503 0.026438304919225736 -0.0099515735866805947 0.019207257773363032
leaf_weight=5.2703688985202479 0.24080273509025607 1.4683344106888379 1.8239849391393361 0.23901437036693041 1.7774558000091927 1.8210245984955689 4.6716791823564563 0.80675074527971424 0.56941158545669157 0.52868757222313434 0.22805747389793396 1.5530711534811419 1.7687523910135499 0.63168158089683846
leaf_count=75 1 33 43 2 127 271 112 14 7 43 1 571 335 231
internal_value=-0.00681466 0.00091992 -0.00299412 0.0127342 0.0204489 0.00356904 -0.0135839 -0.00610802 0.000731624 -0.0203771 0.0049422 0.00883022 0.0143909 0.00111359
internal_weight=23.3991 11.3241 9.06685 2.25727 2.01647 7.59851 12.075 6.80459 5.24109 1.5635 0.756745 5.77749 3.95351 2.40043
internal_count=1866 1614 1484 130 129 1451 252 177 119 58 44 1180 1137 566
is_linear=0
shrinkage=0.05


Tree=193
num_leaves=15
num_cat=0
split_feature=7 15 3 13 11 14 14 14 14 11 19 11 3 9
split_gain=0.400027 0.522148 0.331731 0.786718 0.653414 0.632639 0.623474 0.287303 0.627992 0.501672 0.494728 0.468992 0.376528 0.592569
threshold=1.0000000180025095e-35 1.0000000180025095e-35 0.91749998927116405 0.75000000000000011 6.5000000000000009 0.96137788891792308 0.92844375967979442 0.92844375967979442 0.97876101732254039 36.500000000000007 1.0000000180025095e-35 32.500000000000007 0.26399999856948858 5.9426732063293466
decision_type=2 2 2 2 2 2 2 2 2 2 2 2 2 2
left_child=-1 7 3 -3 5 -4 -5 10 11 12 -2 -9 -10 -14
right_child=1 2 4 6 -6 -7 -8 8 9 -11 -12 -13 13 -15
leaf_value=-0.022242613430449754 0.020033425182394173 -0.010393334954710592 0.0097514636528212781 -0.004234581341846076 0.023798546616313254 -0.026155860450733977 0.033651544714033352 -0.032469314783905641 -0.017623789223474445 -0.018602098420899351 -0.012290537059672001 0.0051706666775251323 0.02697740904027153 -0.0051852072706583471
leaf_weight=0.76451300340704875 1.7893422297784136 1.4716916729230431 1.4609197941608729 1.1517518041655419 0.88270033548178606 1.8048069571377707 3.614225844910834 2.2759033072361476 0.2661465499550103 1.2804069164267273 1.1830905005335808 0.77865395182743657 2.3334063382353634 2.032535664489842
leaf_count=47 53 19 88 8 620 163 93 95 2 66 31 29 188 337
internal_value=0.000747835 0.00245494 0.0101805 0.0166455 -0.000885521 -0.0115724 0.0253494 -0.00453288 -0.00879917 0.00136965 0.00731258 -0.0239655 0.00921293 0.0138284
internal_weight=23.0901 22.3256 10.3861 6.23767 4.14843 3.26573 4.76598 11.9395 8.96705 5.9125 2.97243 3.05456 4.63209 4.36594
internal_count=1839 1792 991 120 871 251 101 801 717 593 84 124 527 525
is_linear=0
shrinkage=0.05


Tree=194
num_leaves=15
num_cat=0
split_feature=7 16 4 9 9 9 9 15 14 4 9 14 4 14
split_gain=0.488725 0.418677 0.481433 0.436166 0.688332 0.413663 0.234799 0.234971 0.523374 0.375516 0.234008 0.17687 0.152932 0.150783
threshold=1.0000000180025095e-35 1.0000000180025095e-35 0.84700000286102306 12.342508792877199 3.7255351543426518 3.0893789529800419 9.7321796417236346 1.0000000180025095e-35 0.96324706077575695 0.9970499873161317 4.0992836952209482 0.92699933052062999 0.92969998717308056 0.94826391339302074
decision_type=2 2 2 2 2 2 2 2 2 2 2 2 2 2
left_child=-1 2 13 4 5 -3 7 9 11 12 -10 -9 -4 -2
right_child=1 3 6 -5 -6 -7 -8 8 10 -11 -12 -13 -14 -15
leaf_value=-0.022590360090291157 0.015242544231676947 0.017700508397736348 -0.0031461349447358782 -0.013704918918411836 0.035830739260160213 -0.014090392492959869 0.008302667425605037 -0.0064182662652252035 -0.02366641333827834 0.0074130703034003542 0.0086634782985524957 0.025134410141320652 -0.026094141927841121 0.0023225158930896129
leaf_weight=0.78437331668101506 3.4870805889368111 0.80190375767415334 1.2600172851234654 0.37311391497496504 2.1852128695463762 1.3687986711156552 1.232889332459308 0.13461468974128388 0.81190651078941278 0.925808950443752 0.2075416004518047 0.90860505981254391 2.9720712735434063 5.4281973632751033
leaf_count=46 41 78 19 118 654 36 193 3 35 91 158 164 127 64
internal_value=0.0028125 0.00465318 0.000743148 0.0163775 0.021032 -0.000467622 -0.00737016 -0.0107307 0.00270012 -0.015668 -0.0160538 0.0199144 -0.021169 0.00840361
internal_weight=22.8821 22.0978 17.3687 4.72903 4.35592 2.1707 8.45345 7.22057 2.06267 5.1579 1.01945 1.04322 4.23209 8.91528
internal_count=1827 1781 895 886 768 114 790 597 360 237 193 167 146 105
is_linear=0
shrinkage=0.05


Tree=195
num_leaves=15
num_cat=0
split_feature=11 14 3 14 3 14 3 12 12 35 3 12 14 11
split_gain=0.430033 0.652432 0.754579 0.691755 0.380331 0.26887 1.17999 0.464968 0.412657 0.452181 0.38271 0.26127 0.4207 0.257224
threshold=16.000000000000004 0.98690772056579601 0.92050001025199901 0.98733773827552807 0.27700001001358038 0.96757176518440258 0.95449998974800121 1.0000000180025095e-35 4.5000000000000009 1.0000000180025095e-35 0.38750000298023229 8.0000000000000018 0.99494275450706493 36.500000000000007
decision_type=2 2 2 2 2 2 2 2 2 2 2 2 2 2
left_child=5 2 4 -3 -2 8 -7 -8 10 -10 -1 12 -5 -4
right_child=1 3 13 11 -6 6 7 -9 9 -11 -12 -13 -14 -15
leaf_value=-0.014291966950222668 -0.0048039089729440924 -0.035205397521583158 0.0051412778385472955 0.026909877188536453 0.032350022963178494 -0.033044805376002177 -0.016653134510503986 0.020376888267454232 -0.026137014914433494 0.013005836117186961 0.008840569434072713 -0.012865415828016771 -0.013491243264237141 -0.02057165423141347
leaf_weight=1.3667035810649411 0.54629912972450112 0.69269335479475591 1.6706238644983389 0.95038465279503703 3.0465514175011776 2.6355181384860762 0.36923636720166575 1.6974411676346788 1.688610439654439 0.32832900038920332 6.7358802434027893 0.2963188737630843 0.23703906463924795 0.6368751709233037
leaf_count=10 3 19 301 143 74 125 89 477 39 21 479 3 5 51
internal_value=-0.0018136 0.00694747 0.0150043 -0.012742 0.0268848 -0.00672513 -0.0154277 0.010488 -0.00165758 -0.0175662 0.00379724 0.00769715 0.0163642 -0.00602957
internal_weight=22.8985 8.07679 5.90035 2.17644 3.59285 14.8217 4.7022 2.06668 10.1195 2.01694 8.10258 1.48374 1.18742 2.3075
internal_count=1839 599 429 170 77 1240 691 566 549 60 489 151 148 352
is_linear=0
shrinkage=0.05


Tree=196
num_leaves=15
num_cat=0
split_feature=14 3 12 7 14 3 11 34 11 35 3 3 12 3
split_gain=0.665168 0.580271 0.524893 0.348771 0.44399 0.507469 0.417149 0.339047 0.290827 0.23615 0.17276 0.164047 0.154579 0.215223
threshold=0.9806509017944337 0.31700000166893011 13.500000000000002 1.0000000180025095e-35 0.94687074422836315 0.31700000166893011 26.500000000000004 1.0000000180025095e-35 48.500000000000007 1.0000000180025095e-35 0.96149998903274547 0.35149998962879186 4.5000000000000009 0.93149998784065258
decision_type=2 2 2 2 2 2 2 2 2 2 2 2 2 2
left_child=3 -2 7 -1 6 -6 9 8 -3 11 -4 -5 -7 -14
right_child=1 2 10 4 5 12 -8 -9 -10 -11 -12 -13 13 -15
leaf_value=-0.018615134977267467 0.011127545878854844 -0.03443433635908566 -0.009046643018993562 0.0078478397852304056 -0.0062564192464462307 0.024054565251583795 0.014411984271484678 0.0053489249510354497 0.00669644541275052 0.013095198691501109 0.017905838411545746 -0.013353916809934899 -0.013546563665760568 0.014322696102678235
leaf_weight=0.57259039976634163 1.1378441434353579 3.3895670530910147 0.21305024437606324 0.39399696141481211 1.7650615125894553 4.6563105360983172 1.9017433621338566 0.41639335663057853 0.15256058063823719 0.33175206219311792 0.4865417592227459 5.4812112543149851 0.41907042730599631 0.35350950631254818
leaf_count=39 9 449 8 4 12 788 51 77 23 20 56 207 14 90
internal_value=-0.00102006 -0.0141886 -0.0212463 0.00434357 0.00629179 0.0145135 -0.00179501 -0.0273988 -0.0315785 -0.00807138 0.00920441 -0.0109974 0.0211891 9.16051e-05
internal_weight=21.6712 5.79596 4.65811 15.8752 15.3027 7.19395 8.1087 3.95852 3.54213 6.20696 0.699592 5.87521 5.42889 0.77258
internal_count=1847 622 613 1225 1186 904 282 549 472 231 64 211 892 104
is_linear=0
shrinkage=0.05


Tree=197
num_leaves=15
num_cat=0
split_feature=14 12 3 34 5 6 3 11 30 17 14 4 3 11
split_gain=0.489531 0.497833 0.385253 0.297791 0.256552 0.372633 0.273312 0.520309 0.440859 0.418926 0.281542 0.231939 0.252378 0.406911
threshold=0.97645366191864025 13.500000000000002 0.96149998903274547 1.0000000180025095e-35 1.0000000180025095e-35 1.0000000180025095e-35 0.75499999523162853 11.500000000000002 1.0000000180025095e-35 1.0000000180025095e-35 0.95645335316658031 0.84700000286102306 0.92599999904632579 26.500000000000004
decision_type=2 2 2 2 2 2 2 2 2 2 2 2 2 2
left_child=4 3 -3 -2 5 -1 8 9 -6 -8 11 -9 -13 -14
right_child=1 2 -4 -5 6 -7 7 10 -10 -11 -12 12 13 -15
leaf_value=-0.012768150356551704 -0.022912781143417701 -0.013894470699033788 0.022845957862224292 0.007090409247722646 0.028349726078063117 0.013406769772116215 0.016960806770426287 0.0079527293535007256 -0.0096475426358946913 -0.011605651353088454 0.010961712779619498 -0.033630445081395573 -0.018175419324334335 0.017405540626453643
leaf_weight=5.6041714288294342 6.5406168762710859 0.37058757618069627 0.70267311576753855 0.47301362780854095 1.2619644678779858 0.84492236003279675 3.3690839617192978 0.20779537595808584 0.54972210153937329 1.0078188970219342 0.27621576546516724 1.202604621765204 0.78060647624079116 0.47994559403741732
leaf_count=91 622 15 66 95 34 15 614 4 5 26 192 19 45 40
internal_value=-0.00645163 -0.0156794 0.009577 -0.020257 -0.00100671 -0.00799944 0.00423179 -0.000754759 0.0174895 0.00944803 -0.014462 -0.019361 -0.0232963 -0.00292142
internal_weight=23.6717 8.08689 1.07326 7.01363 15.5849 6.44909 9.13576 7.32407 1.81169 4.3769 2.94717 2.67095 2.46316 1.26055
internal_count=1883 798 81 717 1085 106 979 940 39 640 300 108 104 85
is_linear=0
shrinkage=0.05


Tree=198
num_leaves=15
num_cat=0
split_feature=6 8 35 29 11 11 4 3 16 11 3 9 24 14
split_gain=0.294943 0.31166 0.26968 0.26327 0.343633 0.434047 0.472028 0.392022 0.386942 0.325843 0.327417 0.233555 0.200874 0.187987
threshold=1.0000000180025095e-35 0.75000000000000011 1.0000000180025095e-35 1.0000000180025095e-35 26.500000000000004 5.5000000000000009 0.97804999351501476 0.9454999864101411 1.0000000180025095e-35 36.500000000000007 0.31700000166893011 3.927794456481934 1.0000000180025095e-35 0.92844375967979442
decision_type=2 2 2 2 2 2 2 2 2 2 2 2 2 2
left_child=1 2 3 4 5 8 12 -8 -1 -6 -11 -5 -7 -12
right_child=-2 -3 -4 11 9 6 7 -9 -10 10 13 -13 -14 -15
leaf_value=-0.010556213644172837 0.010708317161932969 0.015435782548310552 0.013692153183044268 0.020162992486594256 0.0064999336303511283 -0.026443574338884973 -0.018285248860985769 0.012854632918890278 0.021497011896535113 0.011648149819837958 0.0062206629637092991 -0.0093928683408097055 0.0041457431521043382 -0.02656831772271237
leaf_weight=1.2836466988665218 1.3538988598156709 0.428098545584361 0.35448378504952316 0.4939929437241507 3.8397292847803319 8.2063720203586819 0.69002431057742719 1.5153034018148901 0.63206393527798344 0.27484296262264241 0.13523840787820507 0.41527257280540653 0.304344865522581 1.4062279208446851
leaf_count=46 53 206 117 20 254 281 51 496 65 4 5 103 43 103
internal_value=-0.00687609 -0.0085213 -0.00977141 -0.0108612 -0.0122457 -0.016552 -0.0201955 0.000446378 0.00376506 -0.00158653 -0.0149195 0.00881486 -0.0250288 -0.0223759
internal_weight=21.3335 19.9796 19.5515 19.1971 18.2878 12.6318 10.716 2.20533 1.91571 5.65604 1.81631 0.909266 8.51072 1.54147
internal_count=1847 1794 1588 1471 1348 982 871 547 111 366 112 123 324 108
is_linear=0
shrinkage=0.05


Tree=199
num_leaves=15
num_cat=0
split_feature=16 22 9 11 14 11 14 14 14 11 9 13 14 14
split_gain=0.596267 0.397368 0.428534 0.457705 0.416171 0.393163 0.640395 0.783389 0.349461 0.30823 0.26844 0.241313 0.221156 0.507285
threshold=1.0000000180025095e-35 1.0000000180025095e-35 12.342508792877199 4.5000000000000009 0.98471453785896312 10.500000000000002 0.930240958929062 0.94755619764328014 0.98481070995330822 26.500000000000004 7.0128605365753183 0.75000000000000011 0.98707339167594921 0.98889762163162243
decision_type=2 2 2 2 2 2 2 2 2 2 2 2 2 2
left_child=5 2 3 -2 -5 6 -1 11 -6 -7 -9 -8 -11 -14
right_child=1 -3 -4 4 8 9 7 10 -10 12 -12 -13 13 -15
leaf_value=-0.036901457975288154 -0.012706329124873761 -0.014704893390532658 -0.012709252621027057 0.033159671092826221 -0.021698912897882724 0.010941736884895165 -0.0045077999562415684 -0.019195078151879087 0.014142956539643934 0.00093381514383791137 0.0085737996436904655 0.025889827505476401 -0.032138716252270279 0.0071647117712043242
leaf_weight=1.1755087715573669 0.26083929947344486 0.36763336847070593 0.38218797584704578 3.0932553785969508 0.25087112913024601 3.7729497835098282 0.56287805305328209 3.78584415387013 0.51551405258942395 4.979989157844102 0.46107253443915386 1.1771436767885459 0.86612999712815486 0.9357750722556375
leaf_count=15 20 93 119 461 5 339 10 120 208 245 89 47 34 62
internal_value=-0.000944116 0.0130018 0.0175252 0.0222639 0.0267555 -0.00526751 -0.0135127 -0.00429616 -0.00323185 0.00101281 -0.0151208 0.0180001 -0.00520716 -0.0164551
internal_weight=22.5876 4.8703 4.50267 4.12048 3.85964 17.7173 7.16245 5.98694 0.766385 10.5548 4.24692 1.74002 6.78189 1.80191
internal_count=1867 906 813 694 674 961 281 266 213 680 209 57 341 96
is_linear=0
shrinkage=0.05


Tree=200
num_leaves=15
num_cat=0
split_feature=3 36 14 9 9 4 4 9 3 3 12 14 12 14
split_gain=0.332821 0.496723 0.270684 0.183607 0.348476 0.330954 0.286159 0.234447 0.340045 0.300619 0.435649 0.48259 0.435276 0.36494
threshold=0.28300000727176672 1.0000000180025095e-35 0.8952736258506776 10.646895885467531 6.3864333629608163 0.95274999737739574 0.99304997920990001 5.9426732063293466 0.95049998164176952 0.91749998927116405 3.5000000000000004 0.94558534026145946 1.0000000180025095e-35 0.96137788891792308
decision_type=2 2 2 2 2 2 2 2 2 2 2 2 2 2
left_child=-1 3 -3 4 7 -5 -6 8 9 10 11 -2 -13 -11
right_child=1 2 -4 5 6 -7 -8 -9 -10 13 -12 12 -14 -15
leaf_value=0.012551579440161834 -0.0077014145579404752 0.003927210978027772 -0.026066116484412368 -0.028699623556015103 0.024161329561452026 0.0027747348697551048 -0.0057725528371828485 -0.019128571250863226 0.014420217716630788 0.0068914806908068173 -0.020801423765835145 -0.008252741481334664 0.02264655292301837 -0.024888950255572174
leaf_weight=2.2281452436000135 3.0978106125257963 0.65808240696787779 2.4763744059018791 0.54476391046773587 1.5167590027122053 1.478523262645467 0.69563700925209548 0.81416905592777844 2.2323475217272071 0.80572362433304023 0.85621734004234884 0.96304262056946743 3.3254516975721344 1.8115104118478482
leaf_count=15 43 4 99 14 306 320 263 93 479 40 25 42 47 56
internal_value=-0.00261421 -0.00469458 -0.0203422 -0.00106961 0.000992048 -0.0123895 0.0158823 -0.00228344 4.7183e-05 -0.00387413 0.00125347 0.00598561 0.0154592 -0.0159048
internal_weight=23.5046 21.2764 3.13446 18.142 16.1187 2.02329 2.2124 13.9063 13.0921 10.8598 8.24252 7.3863 4.28849 2.61723
internal_count=1846 1831 103 1728 1394 334 569 825 732 253 157 132 89 96
is_linear=0
shrinkage=0.05


Tree=201
num_leaves=15
num_cat=0
split_feature=3 3 3 3 3 12 9 4 3 3 12 11 13 3
split_gain=0.435001 0.379705 0.560784 0.389671 0.38559 0.373193 0.398026 0.320596 0.278906 0.381133 0.236231 0.157028 0.283854 0.281621
threshold=0.27700001001358038 0.52950000762939464 0.36599999666213995 0.28300000727176672 0.92950001358985912 1.5000000000000002 3.9558867216110234 0.99975001811981212 0.91749998927116405 0.87599998712539684 13.500000000000002 5.5000000000000009 0.75000000000000011 0.75499999523162853
decision_type=2 2 2 2 2 2 2 2 2 2 2 2 2 2
left_child=-1 2 3 -2 8 7 -7 -6 9 11 -8 -3 -13 -14
right_child=1 4 -4 -5 5 6 10 -9 -10 -11 -12 12 13 -15
leaf_value=-0.026270299853479097 0.01360198757671178 0.0078839771484351152 0.030301167405354452 -0.014798965265055858 0.028313300616645939 0.018471372964340756 -0.011689622082658372 -0.007316174621477301 -0.024600119590956662 0.014212880970455781 0.010959124836528125 -0.028476992794658446 0.0056390770285558722 -0.016575204279495225
leaf_weight=0.61134018562734382 1.278067573904994 0.42846053827088137 1.3933516596443949 1.5864475546404717 1.2809793161286496 0.89750490046571929 4.6276281274476787 0.39921154335024756 1.4670021916390394 1.2585604960331691 0.60928616300225247 0.92291455715894688 2.6324451685650274 1.4195952303125521
leaf_count=4 9 8 37 20 547 123 644 122 48 61 59 12 31 83
internal_value=-0.00126347 0.000696681 0.0124063 -0.00188652 -0.00297813 0.0046793 -0.00183602 0.0202766 -0.0100456 -0.00404829 -0.00771992 -0.00985701 -0.0124487 -0.00388391
internal_weight=20.8128 20.2015 4.25787 2.86452 15.9436 7.81461 6.13442 1.68019 8.12898 6.66198 5.23691 5.40342 4.97495 4.05204
internal_count=1808 1804 66 29 1738 1495 826 669 243 195 703 134 126 114
is_linear=0
shrinkage=0.05


Tree=202
num_leaves=15
num_cat=0
split_feature=11 28 16 25 37 3 12 11 9 3 3 4 4 11
split_gain=0.887223 0.284055 0.272727 0.315919 0.184002 0.294605 0.465557 0.173044 0.268307 0.208683 0.689718 0.211256 0.359819 0.155225
threshold=12.500000000000002 1.0000000180025095e-35 1.0000000180025095e-35 1.0000000180025095e-35 1.0000000180025095e-35 0.96149998903274547 13.500000000000002 36.500000000000007 2.9083033800125127 0.75499999523162853 0.85749998688697826 0.97124999761581432 0.97154998779296886 11.500000000000002
decision_type=2 2 2 2 2 2 2 2 2 2 2 2 2 2
left_child=1 2 3 -1 7 -6 -7 9 -9 -2 -11 -12 -13 -4
right_child=4 -3 13 -5 5 6 -8 8 -10 10 11 12 -14 -15
leaf_value=-0.024561061077803922 0.022926268523039944 0.0091660353784506939 0.0030765959405588813 -0.00098213372691111577 -0.019343732319072902 -0.015797947979617834 0.02372264776616204 -0.011261828469706825 0.01597553222639744 -0.020171778280761797 0.02685465000183726 -0.020535675326584849 0.013760003163836113 -0.016618169516870226
leaf_weight=4.7079027199069969 3.0468629611423204 0.91349674059893082 3.4608736618538392 2.0057287001982331 0.60878378385678011 0.40136585757136323 0.76776257250458002 1.3956974677275864 0.45659854437690217 0.95871206599986214 1.126783328392776 0.26285454246681161 0.93961688673880417 0.29940129071474064
leaf_count=274 32 119 595 33 32 5 72 31 99 27 103 3 377 2
internal_value=-0.00167179 -0.010775 -0.0131615 -0.0185573 0.00876475 -0.00407593 0.00912685 0.0116934 -0.00130071 0.0151521 0.00428149 0.0173821 0.000343053 -0.00165313
internal_weight=21.3524 11.3874 10.4739 6.71363 9.96504 1.77791 1.16913 8.18713 1.8523 6.33483 3.28797 2.32925 1.20247 3.76027
internal_count=1804 1023 904 307 781 109 77 672 130 542 510 483 380 597
is_linear=0
shrinkage=0.05


Tree=203
num_leaves=15
num_cat=0
split_feature=11 14 14 14 14 11 3 14 14 3 14 24 4 3
split_gain=0.444721 0.376697 0.289017 0.593373 0.307695 0.291557 0.331164 0.573491 0.499492 0.644659 1.41494 0.286235 0.310528 0.290464
threshold=32.500000000000007 0.99494275450706493 0.97645366191864025 0.96904006600379955 0.99156674742698681 26.500000000000004 0.91749998927116405 0.95720818638801586 0.95251977443695079 0.47349999845027929 0.930240958929062 1.0000000180025095e-35 0.96674999594688427 0.98699998855590831
decision_type=2 2 2 2 2 2 2 2 2 2 2 2 2 2
left_child=2 -2 3 5 -4 6 7 8 9 10 -1 12 13 -8
right_child=1 -3 4 -5 -6 -7 11 -9 -10 -11 -12 -13 -14 -15
leaf_value=-0.04263961160028025 0.023584652781541284 -0.013132271773856058 -0.015168974399584062 0.027425388744079345 0.011255577810800055 0.014054211635627542 -0.033027999452042753 0.023886055291211107 -0.028431149756616966 0.019470265435616314 0.017083637125089885 0.011472806650333933 -0.00041744595530587755 -0.0011608368317307593
leaf_weight=0.89003219269216272 1.8515094379254144 0.21968560304958362 5.8390433260938144 0.81749988814408503 0.5634170998528133 1.1980751386436175 1.9816316020442173 1.1743077299324793 0.77744230371899892 1.8821006756625136 1.2610065026674417 0.31247486281790759 1.9203689768619367 1.0394368696433958
leaf_count=5 209 2 566 230 70 63 53 37 8 62 24 60 344 115
internal_value=-0.00112749 0.0166823 -0.00372081 0.000651301 -0.0116372 -0.00301869 -0.00583831 0.00222654 -0.00626159 0.00281161 -0.0133175 -0.0139123 -0.0171783 -0.0250791
internal_weight=21.728 2.0712 19.6568 13.2544 6.40246 12.4369 11.2388 5.98489 4.81058 4.03314 2.15104 5.25391 4.94144 3.02107
internal_count=1848 211 1637 1001 636 771 708 136 99 91 29 572 512 168
is_linear=0
shrinkage=0.05


Tree=204
num_leaves=15
num_cat=0
split_feature=14 4 34 14 14 14 3 37 2 11 7 6 3 4
split_gain=0.803564 0.565161 0.39668 0.561029 0.801157 0.750613 0.56632 0.385029 0.335275 0.312161 0.216222 0.204027 0.256113 0.257824
threshold=0.97740703821182262 0.98215001821517955 1.0000000180025095e-35 0.91151106357574474 0.94826391339302074 0.95720818638801586 0.87599998712539684 1.0000000180025095e-35 1.0000000180025095e-35 13.500000000000002 1.0000000180025095e-35 1.0000000180025095e-35 0.31700000166893011 0.95875000953674328
decision_type=2 2 2 2 2 2 2 2 2 2 2 2 2 2
left_child=2 -2 3 -1 7 6 -6 8 -5 -3 -7 12 -12 -14
right_child=1 9 -4 4 5 10 -8 -9 -10 -11 11 -13 13 -15
leaf_value=-0.0078938042033336302 -0.021291231247352826 -0.010168450608348121 -0.013710982729086824 0.036600891213216288 -0.029295089151618561 -0.0097306524917460599 0.013713921565650728 -0.0072253916819926449 -0.00063867829576493159 0.01607256526877561 -0.0034685921705434213 -0.0058699535358539782 0.035504957896249315 0.003685397409749653
leaf_weight=2.5683008282212549 4.1116849515528875 1.1260008484532593 0.99820020212791938 3.9000294491415826 1.4799194291117599 0.23683090088888858 0.41567031000158738 0.33372534625232209 0.65077476203441609 1.5835304942011132 0.66256743296981113 0.42431849590502668 1.4180436538299548 1.2134101869014555
leaf_count=49 179 237 24 227 23 19 99 11 14 334 5 25 101 511
internal_value=0.00175264 -0.0113701 0.00834555 0.0108434 0.0156167 0.00213292 -0.0183849 0.0286607 0.0321199 0.00536613 0.0136922 0.0169302 0.0205502 0.0258877
internal_weight=21.123 6.82122 14.3018 13.3036 10.7353 5.85076 1.89559 4.88453 4.5508 2.70953 3.95517 3.71834 3.29402 2.63145
internal_count=1858 750 1108 1084 1035 783 122 252 241 571 661 642 617 612
is_linear=0
shrinkage=0.05


Tree=205
num_leaves=15
num_cat=0
split_feature=7 11 5 3 14 3 11 9 1 14 14 14 14 12
split_gain=0.268579 0.21172 0.356437 0.317515 0.769929 0.368935 0.295983 0.34141 0.40965 0.506392 0.729389 0.727568 0.240117 0.211675
threshold=1.0000000180025095e-35 7.5000000000000009 0.75000000000000011 0.55500000715255748 0.930240958929062 0.33949999511241918 40.500000000000007 5.8067834377288827 1.0000000180025095e-35 0.98707339167594921 0.90128409862518322 0.98733773827552807 0.95092076063156139 1.5000000000000002
decision_type=2 2 2 2 2 2 2 2 2 2 2 2 2 2
left_child=-1 2 3 4 -2 -6 7 8 -3 10 -10 -11 -5 -9
right_child=1 6 -4 12 5 -7 -8 13 9 11 -12 -13 -14 -15
leaf_value=-0.022014988660045493 -0.024911688269205656 -0.015447838622603727 0.0058901956932036585 -0.0014289681877898105 -0.0071072673687010979 0.027414834016294742 -0.017989940447065353 0.013939860856715284 -0.010427219763240507 -0.031516066375907016 0.028901323768078625 0.016306099979411313 -0.031811038154422648 -0.0082075882244715855
leaf_weight=0.75243202806450682 0.9332742989063284 0.46277395635843266 2.7474972910713404 0.99618181347614188 0.6991068199276923 1.0813376195728777 0.61285089270677495 0.38391571681131598 0.95856247015762708 0.52127340773586162 4.2908149002469145 0.76376103793154471 1.6133812855696303 4.7381044736102922
leaf_count=49 4 3 399 14 5 31 30 296 9 10 387 112 27 475
internal_value=-0.0031825 -0.00152285 -0.00739638 -0.014101 -0.00085564 0.0161785 0.00246784 0.00479477 0.0113425 0.0150383 0.0212004 -0.00839571 -0.023822 -0.0045417
internal_weight=21.5553 20.8028 8.07078 5.32328 2.71372 1.78044 12.7321 12.1192 6.99719 6.53441 5.24938 1.28503 2.60956 5.12202
internal_count=1851 1802 480 81 40 36 1322 1292 521 518 396 122 41 771
is_linear=0
shrinkage=0.05


Tree=206
num_leaves=15
num_cat=0
split_feature=3 14 14 24 11 5 9 7 3 24 14 2 14 14
split_gain=0.985791 0.318044 0.452173 0.342507 0.315615 0.429395 0.294926 0.283318 0.255052 0.27834 0.246441 0.220661 0.218562 0.441156
threshold=0.31149999797344213 0.98368009924888622 0.97246921062469494 1.0000000180025095e-35 25.500000000000004 0.75000000000000011 8.9802742004394549 1.0000000180025095e-35 0.31700000166893011 1.0000000180025095e-35 0.88813546299934398 1.0000000180025095e-35 0.96757176518440258 0.95720818638801586
decision_type=2 2 2 2 2 2 2 2 2 2 2 2 2 2
left_child=-1 2 3 6 5 -3 12 -4 -9 11 -8 -10 13 -2
right_child=1 4 7 -5 -6 -7 10 8 9 -11 -12 -13 -14 -15
leaf_value=0.024526866772669156 -0.011488309653834114 -0.016827706485851506 -0.011098956854023347 0.015868665262067434 -0.025830011151617656 0.016136419752059903 -0.0090429515693358133 -0.0091594437220805357 0.031702013613570244 -0.0077320453050894163 0.021037710741953375 -0.0060532815005414431 -0.025806389166048018 0.011194251077631489
leaf_weight=2.3130786735564497 8.1569531527493364 0.94152472782297869 0.27160269627347622 0.79137035607709627 2.0648539821850136 1.0113333214103477 0.4144988895859576 0.16820526123046819 1.9715920070739237 0.20633623722824257 0.6772955234919209 0.11693754792213429 1.0585034322575655 1.9298459807614552
leaf_count=19 330 31 17 94 190 286 5 1 361 26 165 1 110 202
internal_value=-0.000840884 -0.00484478 -0.00127052 -0.00531784 -0.0158201 -7.30443e-05 -0.00778326 0.0142725 0.0194673 0.0237087 0.010754 0.0283126 -0.0103351 -0.00653033
internal_weight=22.0939 19.7809 15.7631 13.0285 4.01771 1.95286 12.2371 2.73467 2.46307 2.29487 1.09179 2.08853 11.1453 10.0868
internal_count=1838 1819 1312 906 507 317 812 406 389 388 170 362 642 532
is_linear=0
shrinkage=0.05


Tree=207
num_leaves=15
num_cat=0
split_feature=14 12 14 14 14 14 37 14 14 3 9 9 33 3
split_gain=0.527459 0.620012 0.574613 0.370674 0.340865 0.604946 0.379154 0.455444 0.352075 0.2886 0.272058 0.43776 0.199983 0.187765
threshold=0.94687074422836315 1.0000000180025095e-35 0.95251977443695079 0.90128409862518322 0.98733773827552807 0.98707339167594921 1.0000000180025095e-35 0.99494275450706493 0.95720818638801586 0.88699999451637279 2.870187640190125 4.5105085372924814 1.0000000180025095e-35 0.27700001001358038
decision_type=2 2 2 2 2 2 2 2 2 2 2 2 2 2
left_child=1 3 -2 -1 5 8 7 -6 9 -4 13 -12 -13 -10
right_child=2 -3 4 -5 6 -7 -8 -9 10 -11 11 12 -14 -15
leaf_value=-0.0097750894461768982 0.029500098056998981 -0.017055526344176741 -0.026401017034467612 0.020830097175499745 0.031561284954106712 -0.03098821762240668 -0.0095628361018509356 -0.011684684379941341 -0.0057265919611477296 0.0094269886618947949 -0.016235092922132304 0.016074386897924061 -0.0081201512100638248 0.017589392329503292
leaf_weight=0.88641635759268167 1.2388487698044617 5.8485204891476315 0.73612460866570195 1.4648431345704009 1.6054048826917999 0.60867480182787481 0.57013287488371123 0.22951633209595446 0.56204427033662607 0.2277644299028907 1.9927521335193885 1.8838895114167828 0.50322632450843219 3.4763235725113191
leaf_count=10 84 177 7 87 250 22 44 8 4 46 123 794 42 101
internal_value=0.000273039 -0.00912001 0.00615911 0.00981811 0.00179836 -0.00261655 0.0155206 0.0239384 0.00203157 -0.0174457 0.00587725 -0.00268357 0.0100824 0.0138518
internal_weight=21.8345 8.19978 13.6347 2.35126 12.3959 9.9908 2.40505 1.83492 9.38212 0.963889 8.41824 4.37987 2.38712 4.03837
internal_count=1799 274 1525 97 1441 1139 302 258 1117 53 1064 959 836 105
is_linear=0
shrinkage=0.05


Tree=208
num_leaves=15
num_cat=0
split_feature=7 37 11 2 11 12 23 12 30 11 11 34 11 11
split_gain=0.435644 0.30227 0.351492 0.309047 0.25772 0.25417 0.247708 0.209541 0.199608 0.246558 0.915436 0.175127 0.0504363 0.104309
threshold=1.0000000180025095e-35 1.0000000180025095e-35 40.500000000000007 1.0000000180025095e-35 11.500000000000002 13.500000000000002 1.0000000180025095e-35 2.5000000000000004 1.0000000180025095e-35 6.5000000000000009 7.5000000000000009 1.0000000180025095e-35 9.5000000000000018 14.500000000000002
decision_type=2 2 2 2 2 2 2 2 2 2 2 2 2 2
left_child=-1 2 3 6 -5 -3 8 -8 9 -2 -11 -12 -10 -14
right_child=1 5 -4 4 -6 -7 7 -9 12 10 11 -13 13 -15
leaf_value=-0.022797279683473316 0.024464677524722374 -0.024032377871492854 -0.018214300346890467 0.0052030602001568388 -0.021517662443535732 0.0029845786193521779 -0.0079768325723489648 0.015021705356185147 -0.0123713386696713 -0.024016006104285389 0.016499020111435055 -0.0020024574879054786 0.011682488838027654 -0.0092138836762460409
leaf_weight=0.79509101784788327 2.927052247250697 0.8225487894378597 0.58338877267669786 1.2132595907896746 0.7795090815052389 1.2964224328752605 2.9704079229559279 0.33919907518429671 0.29175009205937463 0.98717240197583933 7.1641187828063249 1.2777184312872121 0.2659870850329753 0.1690162718296051
leaf_count=50 213 28 30 21 8 92 80 20 4 145 938 112 108 1
internal_value=0.000939046 0.00282562 0.00497569 0.00661318 -0.00894662 -0.0118457 0.00891037 -0.00268104 0.0118248 0.0133639 0.00790247 0.0137832 -0.00692744 0.00280048
internal_weight=21.8826 21.0876 18.9686 18.3852 1.99277 2.11897 16.3924 3.30961 13.0828 12.3561 9.42901 8.44184 0.726753 0.435003
internal_count=1850 1800 1680 1650 29 120 1621 100 1521 1408 1195 1050 113 109
is_linear=0
shrinkage=0.05


Tree=209
num_leaves=15
num_cat=0
split_feature=11 11 5 22 4 9 4 9 31 7 9 9 6 23
split_gain=0.325571 0.335836 0.404871 0.267361 0.257466 0.256539 0.786214 0.255616 0.2285 0.222203 0.205727 0.276534 0.191363 0.160582
threshold=25.500000000000004 16.000000000000004 0.75000000000000011 1.0000000180025095e-35 0.97005000710487377 2.1465229988098149 0.92969998717308056 3.9558867216110234 1.0000000180025095e-35 1.0000000180025095e-35 4.2090020179748544 12.342508792877199 1.0000000180025095e-35 1.0000000180025095e-35
decision_type=2 2 2 2 2 2 2 2 2 2 2 2 2 2
left_child=1 2 12 4 7 -2 -7 -4 -8 -6 -9 -12 13 -1
right_child=5 -3 3 -5 9 6 8 10 -10 -11 11 -13 -14 -15
leaf_value=-0.0055897518950016765 -0.019007915579972431 0.02190599366155814 0.012045748220827773 -0.014132816656947954 -0.0071594598638049459 0.026780166839578807 -0.016695134865569047 -0.019549840752020632 0.010346254470594687 0.02618605447608495 0.018113816656311756 -0.013216217203216375 0.0098149025127915804 -0.024246357260152576
leaf_weight=7.5995431540941318 3.3067528712563208 0.82106482784729529 1.8675363609800126 0.31994094714173105 0.16172986617311758 0.79585993656655762 3.0231311224342794 0.83203168353065826 0.25833523337496433 1.9560396169981695 0.550703285029158 0.35572631008108146 0.65771248540841121 0.65655810246244062
leaf_count=357 33 171 41 63 9 19 279 7 105 606 132 22 11 8
internal_value=-0.00251034 0.0016247 -0.000791607 0.00842347 0.0115987 -0.0104861 -0.00119241 0.00193167 -0.012647 0.02216 -0.00936451 0.00533541 -0.00725902 -0.00953261
internal_weight=23.1627 15.7786 14.9575 6.04371 5.72377 7.38408 4.07733 3.606 3.28147 2.11777 1.73846 0.90643 8.91381 8.2561
internal_count=1863 1427 1256 880 817 436 403 202 384 615 161 154 376 365
is_linear=0
shrinkage=0.05


Tree=210
num_leaves=15
num_cat=0
split_feature=14 14 5 14 15 11 4 14 9 4 11 14 4 9
split_gain=0.283544 0.976957 0.48017 0.450483 0.692647 0.40165 0.27787 0.260851 0.328881 0.22417 0.570688 0.510305 0.493288 0.312446
threshold=0.930240958929062 0.9275864064693452 1.0000000180025095e-35 0.95092076063156139 1.0000000180025095e-35 4.5000000000000009 0.88425001502037059 0.95720818638801586 3.7738654613494877 0.86840000748634349 10.500000000000002 0.97992375493049633 0.97154998779296886 6.9260485172271737
decision_type=2 2 2 2 2 2 2 2 2 2 2 2 2 2
left_child=1 2 -1 4 -2 -6 -4 8 -5 10 -9 -12 13 -11
right_child=3 -3 6 7 5 -7 -8 9 -10 12 11 -13 -14 -15
leaf_value=-0.015390380950060302 -0.014349420732001359 -0.035412211502153741 -0.0025209526272505986 -0.026197845992819851 -0.0050983786917268726 0.032949543446199873 0.02380583316267311 0.030497111542467176 0.010401070757948756 -0.022487957839303029 -0.020496535859700529 0.01002787767658312 0.0058785562557749759 0.010547247984179713
leaf_weight=1.2634262042120123 0.78862105336156973 1.4740509075345469 1.3882781732827427 1.1116556504275639 0.58181948788114857 2.1249114726815606 1.4867431759485041 0.87381380784790774 0.24505885402322736 2.7711836878443141 1.3004293100966609 2.4226728854700923 4.1181573799549369 0.26324564963579167
leaf_count=24 34 20 8 22 19 189 65 21 57 157 22 22 1117 80
internal_value=-0.00170083 -0.0104754 0.00356981 0.00169219 0.0154012 0.025602 0.0137233 -0.00279655 -0.0179788 0.000229197 0.00791815 -0.00271616 -0.00507754 -0.0177181
internal_weight=22.2141 5.6125 4.13845 16.6016 3.49535 2.70673 2.87502 13.1062 1.35671 11.7495 4.59692 3.7231 7.15259 3.03443
internal_count=1857 117 97 1740 242 208 73 1498 79 1419 65 44 1354 237
is_linear=0
shrinkage=0.05


Tree=211
num_leaves=15
num_cat=0
split_feature=3 6 3 14 3 12 4 29 11 11 4 4 4 4
split_gain=0.23617 0.21768 0.25009 0.231023 0.207979 0.464184 0.526628 0.226557 0.253937 0.499136 0.222813 0.243916 0.232085 0.748624
threshold=0.28300000727176672 1.0000000180025095e-35 0.94850000739097606 0.96845462918281566 0.93149998784065258 13.500000000000002 0.95205000042915355 1.0000000180025095e-35 5.5000000000000009 4.5000000000000009 0.98215001821517955 0.99975001811981212 0.9694499969482423 0.95274999737739574
decision_type=2 2 2 2 2 2 2 2 2 2 2 2 2 2
left_child=-1 4 -3 -4 7 6 -6 8 9 -2 12 -12 13 -8
right_child=1 2 3 -5 5 -7 10 -9 -10 -11 11 -13 -14 -15
leaf_value=0.0090744953074020536 -0.016416323234278215 0.021308189505059479 -0.016675488031091264 0.011966505325150943 0.017126583223689346 0.022666291305171241 -0.028387416509270409 0.010068730372866819 -0.016013462970521666 0.022622662315132939 0.013600238716634551 -0.012436972514029847 -0.02530321744956144 0.017068829491601253
leaf_weight=2.0322033409029272 0.65143770404393275 0.59278746461495646 0.68891207160777412 0.30500821187160909 1.0439641508273769 0.71816743561066676 0.52149929551524099 0.41839655232615847 9.4189759125583787 0.66123611660441384 0.98995776717492823 0.66224260164017323 2.3047308217646787 1.2449368015222715
leaf_count=14 14 13 20 22 134 70 11 8 249 31 747 174 198 149
internal_value=-0.00435768 -0.00607151 0.00827012 -0.00629265 -0.00765161 -0.000960706 -0.00606342 -0.0116947 -0.0133291 0.00452768 -0.0122115 0.00240956 -0.0174503 -0.00176147
internal_weight=22.2545 20.2223 1.58671 0.99392 18.6355 7.4855 6.76733 11.15 10.7316 1.31267 5.72337 1.6522 4.07117 1.76644
internal_count=1854 1840 55 42 1785 1483 1413 302 294 45 1279 921 358 160
is_linear=0
shrinkage=0.05


Tree=212
num_leaves=15
num_cat=0
split_feature=19 9 9 30 4 36 4 4 12 3 12 12 3 3
split_gain=0.455856 0.372731 0.67208 0.349522 0.272982 0.230868 0.405863 0.212946 0.173235 0.169468 0.172217 0.163595 0.143621 0.356935
threshold=1.0000000180025095e-35 4.0992836952209482 2.6942703723907475 1.0000000180025095e-35 0.97005000710487377 1.0000000180025095e-35 0.98995000123977672 0.84700000286102306 4.5000000000000009 0.96650001406669628 13.500000000000002 14.500000000000002 0.58100000023841869 0.43649999797344213
decision_type=2 2 2 2 2 2 2 2 2 2 2 2 2 2
left_child=1 2 3 12 -4 6 11 -7 -6 -8 -11 -2 13 -1
right_child=5 -3 4 -5 8 7 9 -9 -10 10 -12 -13 -14 -15
leaf_value=0.0039095414011716149 0.020350313833718808 0.016877620024559146 -0.023813604830780523 -0.014924584405024638 0.014829990903059524 0.0075141209460054328 -0.021487464625331069 -0.024971152028208099 -0.010869032614166546 -0.0096888084686168972 0.014206082658310854 -0.0073865464871491751 0.0011374695527920696 0.029039979395625661
leaf_weight=3.9889762839302456 1.0823378055501955 3.7493878699024199 2.2036750072147693 0.72657729685306627 0.47861009088228446 0.14218665659427632 0.9983844288653928 1.8367125113727523 0.25195071467896923 0.6636589764530072 0.39166500908322632 0.14630992524325837 3.2645645350567065 1.5693151857703922
leaf_count=44 263 810 42 7 35 1 76 86 13 255 70 2 98 36
internal_value=0.000789264 0.00495486 0.000387807 0.00693875 -0.0172767 -0.0108019 -0.00125632 -0.0208981 0.00480785 -0.012866 0.00177648 0.015215 0.0100753 0.0143509
internal_weight=21.4943 16.2331 12.4837 9.54943 2.93424 5.26126 3.28236 1.9789 0.730561 2.05371 1.05532 1.22865 8.82286 5.55829
internal_count=1838 1085 275 185 90 753 666 87 48 401 325 265 178 80
is_linear=0
shrinkage=0.05


Tree=213
num_leaves=15
num_cat=0
split_feature=14 3 14 12 14 12 3 12 14 14 3 14 14 3
split_gain=0.339274 0.346862 0.354443 0.339854 0.293843 0.822112 0.281733 0.307977 0.272708 0.363171 0.270571 0.404425 0.900635 0.355974
threshold=0.92844375967979442 0.95449998974800121 0.90128409862518322 1.5000000000000002 0.94826391339302074 2.5000000000000004 0.95449998974800121 2.5000000000000004 0.98733773827552807 0.99147549271583568 0.92950001358985912 0.97876101732254039 0.98707339167594921 0.27700001001358038
decision_type=2 2 2 2 2 2 2 2 2 2 2 2 2 2
left_child=1 2 -1 8 5 -5 -6 -8 10 -10 11 -2 13 -13
right_child=3 -3 -4 4 6 -7 7 -9 9 -11 -12 12 -14 -15
leaf_value=-0.0046952589288480062 -0.029871023591265825 -0.0088373150519894458 0.024174725154065498 0.03254861606671261 -0.012843835803891035 -0.013361259409640433 -0.011244108107263782 0.015637893720489415 0.020274687381553302 -0.013237263128922629 0.0014531915614697307 -0.0093873074203197834 -0.032628317154082771 0.026039074223710341
leaf_weight=1.2168137124972447 3.6560045058722626 1.6625055329641325 1.9885582925053311 1.0639333307044565 3.9247838582959957 1.0663724423793608 0.86601827769482076 1.7028877414850283 0.60185763746267162 0.68326755857560784 1.4091603458073221 0.44498385488987002 0.48702207021415223 1.1315064198279285
leaf_count=21 105 55 41 35 132 52 137 530 69 26 595 2 3 34
internal_value=-0.00419343 0.00652871 0.0147048 -0.00744897 -0.000249223 0.0126406 -0.00560036 0.00596423 -0.0140182 0.0044616 -0.0174887 -0.0216773 -0.00214821 0.0162772
internal_weight=21.9057 4.86788 3.20537 17.0378 8.624 2.13031 6.49369 2.56891 8.4138 1.28513 7.12868 5.71952 2.06351 1.57649
internal_count=1837 117 62 1720 886 87 799 667 834 95 739 144 39 36
is_linear=0
shrinkage=0.05


Tree=214
num_leaves=15
num_cat=0
split_feature=37 14 14 14 7 33 3 14 14 3 14 11 14 3
split_gain=0.409973 0.370989 0.645928 0.401941 0.364526 0.434318 0.348395 0.317845 0.527643 0.504385 0.368175 0.230986 0.669298 0.559238
threshold=1.0000000180025095e-35 0.98733773827552807 0.98707339167594921 0.99494275450706493 1.0000000180025095e-35 1.0000000180025095e-35 0.95449998974800121 0.98247721791267406 0.97846508026123058 0.29999999701976782 0.97246921062469494 7.5000000000000009 0.92844375967979442 0.75499999523162853
decision_type=2 2 2 2 2 2 2 2 2 2 2 2 2 2
left_child=1 2 4 -3 -1 7 -7 8 10 -10 11 12 -6 -13
right_child=-2 3 -4 -5 5 6 -8 -9 9 -11 -12 13 -14 -15
leaf_value=-0.019508393332159507 -0.017273044370505954 0.029915888264915313 -0.030371677284202255 -0.01118517851327646 -0.027772533249288557 0.012147160245233527 -0.022888868459744836 0.027476223388419315 -0.034026745528704459 0.010758097665473781 0.027302451999570623 0.030169728235040889 0.0058095115784553911 -0.00081849530271094857
leaf_weight=0.61138798855246435 1.6627238541841496 1.2612039303930931 0.51864804181968693 0.22347589416312974 0.8954547466710191 0.2979630474001177 1.2734920506190972 0.97037596719747021 0.58968317508697399 0.42635765309387352 1.2198722206376249 1.4216163512319324 5.8746631453832379 3.5235885720030637
leaf_count=42 118 268 15 9 7 7 55 164 3 111 199 21 349 469
internal_value=0.00123059 0.00361969 0.00101073 0.0217175 0.00358733 0.00550974 -0.0141053 0.00833166 0.0052514 -0.0192193 0.00841479 0.00445556 -0.00163487 0.011666
internal_weight=20.7705 19.1078 17.6231 1.48468 17.1045 16.4931 1.57146 14.9216 13.9512 1.01604 12.9352 11.7153 6.77012 4.9452
internal_count=1837 1719 1442 277 1427 1385 62 1323 1159 114 1045 846 356 490
is_linear=0
shrinkage=0.05


Tree=215
num_leaves=15
num_cat=0
split_feature=28 3 3 9 3 13 9 3 12 3 4 23 3 4
split_gain=0.353343 0.202741 0.334605 0.337923 0.287013 0.28699 0.272478 0.25682 0.245595 0.334651 0.460134 0.180337 0.169613 0.147988
threshold=1.0000000180025095e-35 0.38750000298023229 0.75499999523162853 4.0992836952209482 0.62000000476837169 0.75000000000000011 5.8067834377288827 0.28300000727176672 2.5000000000000004 0.91749998927116405 0.88425001502037059 1.0000000180025095e-35 0.93149998784065258 0.95274999737739574
decision_type=2 2 2 2 2 2 2 2 2 2 2 2 2 2
left_child=1 7 4 5 11 -4 12 -1 9 10 -7 -3 -5 -8
right_child=-2 2 3 6 -6 8 13 -9 -10 -11 -12 -13 -14 -15
leaf_value=0.0013221341832293579 0.019754357043503933 0.0063133466549563869 0.0078150970509366872 -0.0049223992076767248 0.024257709652797471 -0.018682971641522158 -0.01468663191452816 -0.021959004724585354 0.0046047150499987427 -0.028695020748177553 0.0178700309585588 -0.014651256997251392 0.021907172822782539 0.0011786720769397018
leaf_weight=1.6578496191650689 0.54149886721279372 2.0809395811520552 0.74255672510480497 0.39028494432568539 0.92355305515229691 0.71112113865092197 1.1652570411097256 2.3795383451506495 0.71320702764205623 3.0862182870914694 0.73317934013903141 0.5407389448955654 1.0574911128205711 4.1720932102325605
leaf_count=12 108 44 24 46 23 8 71 23 113 114 22 8 295 898
internal_value=-0.00369598 -0.00521573 -0.00234916 -0.00611541 0.00957889 -0.0138477 0.00160898 -0.0140345 -0.0176757 -0.0213815 -0.00040783 -0.000862231 0.0156184 -0.00405597
internal_weight=20.8955 20.354 16.3166 12.7714 3.54523 5.98628 6.78513 4.03739 5.24373 4.53052 1.4443 2.62168 1.44778 5.33735
internal_count=1809 1701 1666 1591 75 281 1310 35 257 144 30 52 341 969
is_linear=0
shrinkage=0.05


Tree=216
num_leaves=15
num_cat=0
split_feature=14 35 24 3 14 3 16 3 14 5 14 3 17 2
split_gain=0.740465 0.298842 0.332706 0.209998 0.542347 0.413651 0.295592 0.278885 0.189923 0.409682 0.291787 0.28784 0.262384 0.182467
threshold=0.94687074422836315 1.0000000180025095e-35 1.0000000180025095e-35 0.52950000762939464 0.98707339167594921 0.95049998164176952 1.0000000180025095e-35 0.91749998927116405 0.92699933052062999 1.0000000180025095e-35 0.90128409862518322 0.35149998962879186 1.0000000180025095e-35 1.0000000180025095e-35
decision_type=2 2 2 2 2 2 2 2 2 2 2 2 2 2
left_child=1 2 8 4 -2 6 -5 -8 9 -1 -11 -10 -13 -7
right_child=3 -3 -4 5 -6 13 7 -9 11 10 -12 12 -14 -15
leaf_value=-0.02473025378091975 0.023798807525688932 0.012620658445708961 0.011982235240872585 -0.01625834891482179 -0.010526581671531705 0.01448371257113501 0.020699745712889937 -0.0075501079220746592 0.0055569985810663847 -0.0079487693799941729 0.017829478787640629 -0.032600682515663691 0.003072346392652415 -0.0097760832732399147
leaf_weight=0.85163669940084519 2.6591462707146998 0.31564810796407972 0.34620641733636137 2.9360299734107667 0.99600499123334874 3.679121329041664 0.57382183021400113 1.1412357243098084 0.37640689499676261 1.4813059061998504 1.0570361287100238 3.0397779275808721 0.40486868936568488 0.20788162574172009
leaf_count=16 41 18 18 181 9 1230 23 61 7 25 42 162 8 3
internal_value=-0.00196457 -0.0130553 -0.0154773 0.00564325 0.0141934 0.000878635 -0.00842001 0.00604449 -0.0180944 -0.00656926 0.0047911 -0.0248358 -0.0286599 0.0114513
internal_weight=20.0661 7.87289 7.55724 12.1932 3.65515 8.53809 4.65109 1.71506 7.21103 3.38998 2.53834 3.82105 3.44465 3.887
internal_count=1844 296 278 1548 50 1498 265 84 260 83 67 177 170 1233
is_linear=0
shrinkage=0.05


Tree=217
num_leaves=15
num_cat=0
split_feature=3 7 14 11 4 17 12 14 5 14 9 3 4 14
split_gain=0.399334 0.440878 0.498345 0.566649 0.560609 0.41592 0.353212 0.321437 0.322508 0.604152 0.278356 0.273242 0.255608 0.193464
threshold=0.32999999821186071 1.0000000180025095e-35 0.94687074422836315 40.500000000000007 0.99575001001358043 1.0000000180025095e-35 3.5000000000000004 0.92844375967979442 1.0000000180025095e-35 0.88813546299934398 4.2597372531890878 0.62000000476837169 0.99325001239776622 0.97876101732254039
decision_type=2 2 2 2 2 2 2 2 2 2 2 2 2 2
left_child=13 -2 7 4 5 6 -4 8 -3 -10 -7 -9 -11 -1
right_child=1 2 3 -5 -6 10 -8 11 9 12 -12 -13 -14 -15
leaf_value=-0.019135453539595056 -0.020159224444043458 -0.0085887631146931501 0.031767759231978845 -0.01670686825751155 -0.0029981233759424153 -0.019548473922616109 -0.00033889251945698451 0.004600810059080712 -0.012366769789853143 0.032564924791807025 0.012870938871736499 -0.020678755762706259 -0.0049744238557673263 0.00066562156051962066
leaf_weight=1.8967265575192898 0.64480320946314051 1.569591175764798 5.2825944452342775 0.58800441434141326 2.3393931348109618 0.39051981270313252 0.96757685659395054 1.173545995494351 0.76560250855982337 1.5071502747596239 0.33875955967232585 2.0458188448683359 0.26227586140157644 2.0354313310235739
leaf_count=16 42 26 579 27 618 2 257 22 7 60 27 154 14 15
internal_value=0.00194379 0.00517828 0.00718021 0.013975 0.0173424 0.0236815 0.0274362 -0.00258554 0.00616337 0.0151431 -0.00575468 -0.0125573 0.0272136 -0.0108289
internal_weight=21.8078 17.8756 17.2308 9.90685 9.31884 6.97945 6.25017 7.32398 4.10462 2.53503 0.729279 3.21936 1.76943 3.93216
internal_count=1866 1835 1793 1510 1483 865 836 283 107 81 29 176 74 31
is_linear=0
shrinkage=0.05


Tree=218
num_leaves=15
num_cat=0
split_feature=24 8 9 9 9 3 3 3 3 3 4 11 4 3
split_gain=0.252563 0.194251 0.134623 0.141516 0.584411 0.208622 0.16311 0.147696 0.154635 0.407166 0.165632 0.140477 0.266865 0.128603
threshold=1.0000000180025095e-35 0.75000000000000011 0.87512877583503734 2.1465229988098149 2.8171484470367436 0.58100000023841869 0.43649999797344213 0.84499999880790722 0.87599998712539684 0.92399999499320995 0.99334999918937694 26.500000000000004 0.97600001096725475 0.28300000727176672
decision_type=2 2 2 2 2 2 2 2 2 2 2 2 2 2
left_child=1 2 -1 5 -5 6 13 -6 -9 -10 11 -11 -13 -4
right_child=-2 -3 3 4 7 -7 -8 8 9 10 -12 12 -14 -15
leaf_value=0.0105069639112935 0.014502717687311345 0.0111269984724113 0.0008810567922522463 0.023599511375573697 0.009829474057432246 -0.022773168596063511 0.0041633702805535929 -0.023321143560244784 0.01508570351981905 -0.015714271185092873 0.0024777944929973757 0.016809304677729047 -0.013355813882022725 -0.015803877604382077
leaf_weight=0.22276903036982787 0.68143253559537598 0.70204726200608902 1.532407177612187 0.76972034183563565 0.35245577085879531 2.3172049045097083 2.1563851009123027 0.69847628078423341 1.0934413397335436 5.4957500649325066 1.8678799996414452 0.47234947336255562 0.47945913908188231 2.6991650369018316
leaf_count=3 117 209 12 39 58 33 39 20 62 494 591 49 69 32
internal_value=-0.00467645 -0.00593777 -0.00702993 -0.00771844 -0.00351208 -0.0122236 -0.0058323 -0.00739241 -0.00882384 -0.00561051 -0.00965925 -0.013036 0.0025565 -0.0107482
internal_weight=21.5409 20.8595 20.1575 19.9347 11.2295 8.70516 6.38796 10.4598 10.1074 9.40888 8.31544 6.44756 0.951809 4.23157
internal_count=1827 1710 1501 1498 1382 116 83 1343 1285 1265 1203 612 118 44
is_linear=0
shrinkage=0.05


Tree=219
num_leaves=15
num_cat=0
split_feature=15 7 3 3 9 9 12 4 11 4 4 31 16 9
split_gain=0.321914 0.39313 0.322645 0.298489 0.343022 0.253151 0.230127 0.208621 0.204226 0.166019 0.166648 0.21731 0.159735 0.153483
threshold=1.0000000180025095e-35 1.0000000180025095e-35 0.32999999821186071 0.6120000183582307 4.0992836952209482 8.9802742004394549 8.0000000000000018 0.95274999737739574 12.500000000000002 0.99774998426437389 0.84700000286102306 1.0000000180025095e-35 1.0000000180025095e-35 5.9426732063293466
decision_type=2 2 2 2 2 2 2 2 2 2 2 2 2 2
left_child=5 -2 -3 -4 8 9 7 -7 -5 10 -1 12 -12 -14
right_child=1 2 3 4 -6 6 -8 -9 -10 -11 11 -13 13 -15
leaf_value=-0.0038331335742139028 -0.019653242459182069 -0.013152132284782281 0.022903088121213291 -0.0053999030621863361 0.022644706238810597 -0.0054916989841178702 -0.0092004816768832196 0.023244259723518276 0.015625428444328685 0.0063194467283097799 -0.025441204661257301 0.0082522762077174901 0.010736824361500141 -0.011262499471565076
leaf_weight=3.9054297045804525 0.61909303651191194 0.88010530546307641 2.1449029662180674 5.5602913074835669 0.81533531608874898 0.47871669859159849 0.83638866175897408 0.84831803270208184 0.41244136070599768 0.6575239496596631 3.3908362293150276 0.19564261089544732 0.38663618834107161 0.91982401424320415
leaf_count=42 42 7 40 92 771 16 72 198 73 133 94 55 113 93
internal_value=-0.00241739 0.00378169 0.00694098 0.0100454 0.0035635 -0.00784174 0.00567311 0.0149728 -0.00191531 -0.0111807 -0.013 -0.0184246 -0.0207892 -0.0029196
internal_weight=22.0515 10.4322 9.81308 8.93297 6.78807 11.6193 2.16342 1.32703 5.97273 9.45589 8.79837 4.89294 4.6973 1.30646
internal_count=1841 1025 983 976 936 816 286 214 165 530 397 355 300 206
is_linear=0
shrinkage=0.05


Tree=220
num_leaves=15
num_cat=0
split_feature=3 14 4 1 14 11 15 9 23 11 3 3 3 9
split_gain=0.546854 0.180063 0.339216 0.24039 0.231917 0.314198 0.189746 0.300479 0.467428 0.278937 0.220832 0.352146 0.3317 0.203874
threshold=0.28300000727176672 0.96757176518440258 0.97154998779296886 1.0000000180025095e-35 0.88813546299934398 20.500000000000004 1.0000000180025095e-35 3.3852339982986455 1.0000000180025095e-35 5.5000000000000009 0.60750001668930065 0.87349998950958263 0.38750000298023229 4.0384509563446054
decision_type=2 2 2 2 2 2 2 2 2 2 2 2 2 2
left_child=-1 3 -3 -2 -5 6 -6 8 10 13 12 -12 -8 -9
right_child=1 2 -4 4 5 -7 7 9 -10 -11 11 -13 -14 -15
leaf_value=0.015589656605820366 -0.020629634689375839 -0.020619168486073033 -0.00056197736606930851 -0.016993265022060618 -0.013387395823489771 0.017444492882111223 -0.0076962173010606582 -0.014025117619672331 -0.0192779235379174 0.026189792097128035 -0.022093543481476491 0.012916292789175325 0.023760158464299533 0.012486646126780536
leaf_weight=2.1708277463912991 0.60185019206255574 4.1185322857636484 3.6819408855371876 0.72585738892667251 1.6111588480416665 1.7442550912965078 0.68790752626955587 0.66605378687381722 1.9107891805469988 0.95771439310919959 0.54988785460591294 0.45532499282853678 1.4255962152965365 0.32007267564767972
leaf_count=16 8 178 931 11 67 143 8 7 16 291 9 31 31 86
internal_value=-0.00400946 -0.00685133 -0.0122915 -0.00252726 8.7879e-05 0.00268231 -0.00182428 0.00219127 -0.00446422 0.0150785 0.00708884 -0.00770248 0.0143382 -0.0034657
internal_weight=21.6278 19.4569 7.80047 11.6565 11.0546 10.3288 8.58451 6.97335 5.02951 1.94384 3.11872 1.00521 2.1135 0.986126
internal_count=1833 1817 1109 708 700 689 546 479 95 384 79 40 39 93
is_linear=0
shrinkage=0.05


Tree=221
num_leaves=15
num_cat=0
split_feature=7 30 14 4 4 3 5 3 14 14 4 14 14 14
split_gain=0.259198 0.188577 0.22238 0.410066 0.34525 0.302709 0.3855 0.468084 0.329682 1.07706 0.418048 0.249874 0.232903 0.207762
threshold=1.0000000180025095e-35 1.0000000180025095e-35 0.91151106357574474 0.96665000915527355 0.97154998779296886 0.26399999856948858 1.0000000180025095e-35 0.55500000715255748 0.96154409646987926 0.97876101732254039 0.90404999256134044 0.98372873663902294 0.96137788891792308 0.930240958929062
decision_type=2 2 2 2 2 2 2 2 2 2 2 2 2 2
left_child=-1 2 -2 5 -5 -4 7 13 -8 10 -10 -6 -9 -7
right_child=1 -3 3 4 11 6 8 12 9 -11 -12 -13 -14 -15
leaf_value=-0.020211169771391164 -0.010339795067305195 -0.015734146190252572 -0.015887902865805284 -0.021240422110834357 -0.0064386100049782513 -0.0066950726958304729 0.030211520150559352 -0.024636380119347392 -0.025566871447351619 0.026282605474888854 0.010090882197030025 0.013218264125386171 0.0024712214420594607 0.019751975417116374
leaf_weight=0.64851630548946815 2.297434445761616 0.67774564915452984 0.25581280887127178 1.4268049234815396 3.0765411019965541 0.48029799759387781 2.3087440267554484 1.0075670680962505 1.4888143351417968 2.1768574321758933 0.57760196883464221 1.6953258086723506 1.0354980127885935 1.5096440156921742
leaf_count=45 46 129 2 67 709 2 165 17 19 73 87 439 12 33
internal_value=-0.00115183 0.00039811 0.0017094 0.00381711 -0.00585748 0.00937644 0.0113057 -0.000947603 0.0179749 0.0068248 -0.0155595 0.00162517 -0.0146001 0.0132644
internal_weight=20.6632 20.0147 19.3369 17.0395 6.19867 10.8408 10.585 4.03301 6.55202 4.24327 2.06642 4.77187 2.04307 1.98994
internal_count=1845 1800 1671 1625 1215 410 408 64 344 179 106 1148 29 35
is_linear=0
shrinkage=0.05


Tree=222
num_leaves=15
num_cat=0
split_feature=3 3 3 19 14 5 12 14 11 3 13 11 8 21
split_gain=0.49704 0.39079 0.360588 0.504013 0.395396 0.378217 0.365586 0.339727 0.271701 0.173866 0.168132 0.151329 0.133078 0.125014
threshold=0.38750000298023229 0.28300000727176672 0.92050001025199901 1.0000000180025095e-35 0.9275864064693452 1.0000000180025095e-35 13.500000000000002 0.98843577504158031 32.500000000000007 0.96149998903274547 0.75000000000000011 3.5000000000000004 0.75000000000000011 1.0000000180025095e-35
decision_type=2 2 2 2 2 2 2 2 2 2 2 2 2 2
left_child=1 -1 3 7 5 -4 11 10 -5 -8 -2 -6 13 -13
right_child=2 -3 4 8 6 -7 9 -9 -10 -11 -12 12 -14 -15
leaf_value=-0.0006779586902386967 -0.0022063709724013995 -0.02878442013616438 -0.011885095971205085 -0.02091971910757108 0.0075096182725410176 0.024665992374516114 -0.0081228111365885623 -0.011245022255943416 0.010749657996937218 0.019877599517971391 0.021117613546474272 -0.018270045576167064 0.0065025832676378799 0.0051034413821299945
leaf_weight=2.1131698656827238 0.69326939340680827 2.1598971313796937 0.38527738396078148 1.1432097898214122 0.1920890048786531 0.8870122994412668 0.18856451287865628 0.47644295543432225 0.26555222459137429 0.57120562484487891 4.4611716042563812 6.5251619202172151 0.14899167367548205 0.20639444190601342
leaf_count=15 15 24 9 51 25 51 9 3 53 64 117 1096 188 119
internal_value=-0.00432152 -0.0176494 2.97854e-05 0.00793035 -0.00625912 0.0132381 -0.0105665 0.0143251 -0.0129656 0.0122614 0.0181318 -0.0142339 -0.0157168 -0.016986
internal_weight=20.4174 4.27307 16.1443 7.03965 9.1047 1.27229 7.83241 5.63088 1.40876 0.75977 5.15444 7.07264 6.88055 6.73156
internal_count=1839 39 1800 239 1561 60 1501 135 104 73 132 1428 1403 1215
is_linear=0
shrinkage=0.05


Tree=223
num_leaves=15
num_cat=0
split_feature=3 35 8 31 28 24 14 9 14 14 11 14 21 4
split_gain=0.547158 0.212845 0.221361 0.203238 0.221945 0.229885 0.220912 0.203508 0.188196 0.176183 0.217485 0.14122 0.117652 0.0991228
threshold=0.28300000727176672 1.0000000180025095e-35 0.75000000000000011 1.0000000180025095e-35 1.0000000180025095e-35 1.0000000180025095e-35 0.99494275450706493 0.87512877583503734 0.93461748957633983 0.98715129494667064 8.5000000000000018 0.97740703821182262 1.0000000180025095e-35 0.99975001811981212
decision_type=2 2 2 2 2 2 2 2 2 2 2 2 2 2
left_child=-1 2 3 4 5 7 -5 -2 -6 12 -11 -7 -9 -12
right_child=1 -3 -4 6 8 11 -8 9 -10 10 13 -13 -14 -15
leaf_value=0.015241885228184805 0.010170450490098364 0.013226378507786503 0.010584641519008356 0.018068950093070218 0.018848309270863881 0.01483586702061624 -0.011457516964694318 -0.016382835417704331 -0.0080029348151429338 -0.015038528014132522 0.015929068694172186 -0.0089290004825826642 0.0051250800695462218 -0.0036077328991106976
leaf_weight=2.1188348606228855 0.22513075266035443 0.3381265272910231 0.66811466017679677 0.59435098437825118 0.39445588598027725 0.63668658721144211 0.20152697886805981 14.610874566511484 0.44627850441611372 0.40746373863657837 0.79076379325124413 0.19010330748278648 0.22987577501044221 0.53857493842951953
leaf_count=15 4 116 215 121 9 102 2 833 117 5 141 11 112 50
internal_value=-0.0046548 -0.00735313 -0.00831734 -0.00946276 -0.0106221 -0.011891 0.0083757 -0.0132103 0.00799065 -0.0140884 0.000660716 0.00747499 -0.0157472 0.00986307
internal_weight=22.3912 20.2723 19.9342 19.2661 18.4702 17.6295 0.795878 16.8027 0.840734 16.5776 1.7368 0.82679 14.8408 1.32934
internal_count=1853 1838 1722 1507 1384 1258 123 1145 126 1141 196 113 945 191
is_linear=0
shrinkage=0.05


Tree=224
num_leaves=15
num_cat=0
split_feature=7 14 14 12 14 14 30 4 4 4 14 14 14 30
split_gain=0.247933 0.221537 0.646794 0.641221 0.29706 0.331918 0.243146 0.223942 0.37532 0.263033 0.230309 0.49804 0.3944 0.219921
threshold=1.0000000180025095e-35 0.97846508026123058 0.96427303552627575 1.0000000180025095e-35 0.97876101732254039 0.98044103384017955 1.0000000180025095e-35 0.98135000467300426 0.99975001811981212 0.97025001049041759 0.98707339167594921 0.98733773827552807 0.98247721791267406 1.0000000180025095e-35
decision_type=2 2 2 2 2 2 2 2 2 2 2 2 2 2
left_child=-1 2 3 13 -3 -6 -4 9 -9 10 12 -12 -7 -2
right_child=1 4 6 -5 5 7 -8 8 -10 -11 11 -13 -14 -15
leaf_value=-0.019022216578395864 0.024959515109341759 -0.027951424953380374 0.029937001500621941 -0.0067864499904548726 0.019889963834233474 -0.012524878038101012 -0.0063753042770550179 0.019243693188974335 -0.011329849226351324 -0.025877730181260678 -0.031163860893089264 0.0079700707934585533 0.024093160475690961 -0.0036245498770296788
leaf_weight=0.59240415855311113 1.6983220305264723 0.23410015180706878 1.837318532954668 8.8394593902048637 0.5680106106592574 0.46094924787757985 0.18332691266550671 1.118069477772224 1.0077613286557605 0.97471345054509573 0.48283033072948445 1.1212900297250596 0.74195468227844685 0.59268036641878996
leaf_count=46 163 9 452 376 56 18 55 374 117 64 2 31 28 59
internal_value=-5.71472e-06 0.00144618 0.00510192 -0.000428585 -0.0054515 -0.00100788 0.0256226 -0.00560576 0.00576226 -0.0118647 -0.00147961 -0.0112529 0.0107454 0.0187104
internal_weight=20.4532 19.8608 13.1511 11.1305 6.70968 6.47558 2.02065 5.90757 2.12583 3.78174 2.80702 1.60412 1.2029 2.291
internal_count=1850 1804 1105 598 699 690 507 634 491 143 79 33 46 222
is_linear=0
shrinkage=0.05


Tree=225
num_leaves=15
num_cat=0
split_feature=11 37 11 33 7 5 30 4 4 9 12 4 4 9
split_gain=0.49825 0.506304 0.427015 0.546568 0.463417 0.3838 0.373488 0.289325 0.170749 0.273359 0.171706 0.162797 0.138474 0.129264
threshold=7.5000000000000009 1.0000000180025095e-35 36.500000000000007 1.0000000180025095e-35 1.0000000180025095e-35 0.75000000000000011 1.0000000180025095e-35 0.95250001549720775 0.97099998593330394 2.870187640190125 2.5000000000000004 0.99994999170303356 0.97424998879432689 0.87512877583503734
decision_type=2 2 2 2 2 2 2 2 2 2 2 2 2 2
left_child=5 2 3 4 -2 -1 13 -5 9 -7 -11 -3 -9 -6
right_child=1 11 -4 7 6 8 -8 12 -10 10 -12 -13 -14 -15
leaf_value=-0.019808869702214026 -0.013739472840123982 -0.020271885536875055 -0.010023814460053692 0.01297105663893687 -0.0021372920573412262 0.013238367910937344 -0.0091394549524295467 -0.022725329455100959 0.01500268807241034 -0.016862448754110616 0.0085833674158435121 0.0053410389223200287 0.0036548223375161486 0.026120241518166533
leaf_weight=4.4070966151484781 0.36627202108502199 1.5369567335583276 1.8205221522366635 0.31590389739722002 0.2762699140584991 0.6078625703230508 0.4062482293229549 1.0312213897705076 0.57499719086626999 1.8997141169093086 0.19307075047981914 0.35751866735517968 0.33395047430531111 5.9625757479661843
leaf_count=94 22 66 123 6 4 7 112 10 236 104 21 64 92 871
internal_value=-0.00237097 0.00379232 0.00825362 0.0127208 0.0184129 -0.0116149 0.0217504 -0.00903225 0.00146386 -0.00469384 -0.0124987 -0.015263 -0.0174553 0.0247465
internal_weight=20.0902 12.4074 10.513 8.69244 7.01137 7.68274 6.64509 1.68108 3.27564 2.70065 2.09278 1.89448 1.36517 6.23885
internal_count=1832 1370 1240 1117 1009 462 987 108 368 132 125 130 102 875
is_linear=0
shrinkage=0.05


Tree=226
num_leaves=15
num_cat=0
split_feature=14 14 14 14 12 12 4 14 14 11 9 9 4 13
split_gain=0.233972 0.38685 0.482722 0.304552 0.390018 0.279934 0.232361 0.222435 0.361177 0.239111 0.223707 0.3689 0.309712 0.307397
threshold=0.91151106357574474 0.9806509017944337 0.9766443967819215 0.97645366191864025 4.5000000000000009 2.5000000000000004 0.99215000867843639 0.97246921062469494 0.96757176518440258 6.5000000000000009 3.3852339982986455 2.870187640190125 0.97394999861717235 0.75000000000000011
decision_type=2 2 2 2 2 2 2 2 2 2 2 2 2 2
left_child=5 2 3 4 7 -1 -4 8 10 -10 11 13 -12 -2
right_child=1 -3 6 -5 -6 -7 -8 -9 9 -11 12 -13 -14 -15
leaf_value=-0.021967118345564942 -0.007946995554385685 -0.0095353988956069849 0.030472550188822108 -0.020518979709387944 -0.014538587929528333 0.0081948451601299398 -0.0055322587309561584 0.025149408584496016 -0.023394275994571261 0.0087907509770731324 0.026225125287895463 -0.016558027043729356 -0.0044066002745952277 0.015738230875330304
leaf_weight=1.6262098944280325 1.3521741392323745 5.9248180490249061 1.2443395904992929 0.52540045631758481 1.5812549055553979 0.48279083345551033 0.22147947667690449 0.52761666306469202 0.83055805029289309 0.22696364838338923 1.6684979955462043 1.1225135519925968 0.82858044434397005 2.9150883884867618
leaf_count=18 24 651 63 24 85 28 63 121 55 113 226 29 265 75
internal_value=-0.00193317 0.000143117 0.00490505 0.000576821 0.00319875 -0.0146475 0.024995 0.00726539 0.00378751 -0.0155715 0.00784339 0.00121745 0.0177073 0.00814918
internal_weight=21.0783 18.9693 13.0445 11.5786 11.0532 2.109 1.46582 9.47199 8.94438 1.05752 7.88685 5.38978 2.49708 4.26726
internal_count=1840 1794 1143 1017 993 46 126 908 787 168 619 128 491 99
is_linear=0
shrinkage=0.05


Tree=227
num_leaves=15
num_cat=0
split_feature=14 14 7 14 5 14 8 14 14 11 14 11 16 11
split_gain=0.326334 0.316795 0.37591 0.326575 0.475944 0.511061 0.267274 0.370121 0.466195 0.240524 0.408793 0.247241 0.214859 0.199827
threshold=0.98220920562744152 0.94687074422836315 1.0000000180025095e-35 0.92699933052062999 1.0000000180025095e-35 0.88813546299934398 1.0000000180025095e-35 0.96900102496147167 0.97246921062469494 12.500000000000002 0.97876101732254039 32.500000000000007 1.0000000180025095e-35 31.000000000000004
decision_type=2 2 2 2 2 2 2 2 2 2 2 2 2 2
left_child=1 3 -3 4 -1 -6 -4 -8 -9 -10 11 13 -5 -11
right_child=-2 2 6 12 5 -7 7 8 9 10 -12 -13 -14 -15
leaf_value=-0.013649962665265631 -0.0091057161590272877 -0.015385080411735148 -0.012220719141500152 -0.0020880121891206668 -0.0089249638868232027 0.028260973037671635 0.025586633629376489 -0.019216530370038676 0.026814374258328413 0.0024653639605029536 0.018713576078750824 0.010461026642074232 -0.022837130344853348 -0.028667089920243367
leaf_weight=1.0180844869464656 5.5665185630350598 0.42853393102996129 0.20938242765260007 3.4136847938934807 0.81113879033364389 1.7578441870864479 3.5319788951601341 0.71686039376072619 0.63221344420890124 0.53639392911281925 0.82747065478179127 0.24054865346988652 1.2018312876462003 0.6530790162505582
leaf_count=19 585 33 3 125 9 68 480 98 187 67 66 12 73 7
internal_value=0.000376389 0.00402135 0.0106592 -0.00274609 0.0074619 0.0173089 0.0138391 0.0160112 0.00311499 0.012171 0.00109739 -0.0126023 -0.0105955 -0.019914
internal_weight=21.5456 15.979 7.77646 8.20258 3.58707 2.56898 7.34793 7.13854 3.60657 2.88971 2.25749 1.43002 4.61552 1.18947
internal_count=1832 1247 953 294 96 77 920 917 437 339 152 86 198 74
is_linear=0
shrinkage=0.05


Tree=228
num_leaves=15
num_cat=0
split_feature=12 14 14 14 3 3 4 14 14 14 4 3 8 14
split_gain=0.358022 0.267229 0.279169 0.442549 1.01078 0.571903 0.44304 0.227232 0.21674 0.272847 0.27259 0.352003 0.157587 0.163472
threshold=3.5000000000000004 0.90128409862518322 0.99147549271583568 0.97951290011405956 0.38750000298023229 0.26399999856948858 0.99954998493194591 0.92844375967979442 0.96427303552627575 0.94433107972145092 0.9694499969482423 0.47349999845027929 0.75000000000000011 0.97711780667305004
decision_type=2 2 2 2 2 2 2 2 2 2 2 2 2 2
left_child=1 -1 3 4 -3 -5 -7 -2 9 10 11 -6 13 -9
right_child=7 2 -4 5 8 6 -8 12 -10 -11 -12 -13 -14 -15
leaf_value=-0.011859119208656722 0.0068084658301554579 -0.023687765272809212 -0.013321050627010032 -0.015077845443932498 -0.003488142504437527 0.036134342016714879 -0.0072617839043319773 -0.029426610113104941 0.02267074989550838 -0.0048433283895043117 -0.0094417941396770198 0.028228753248558464 0.0043476109513270146 -0.0048765515373467381
leaf_weight=1.2837053025141383 0.86240424076095124 1.7965593952685548 0.70261080912314433 0.23361749947071198 0.99797906447201867 2.2683149679069179 0.3574159133422653 1.0503358915884753 1.769709091473487 3.2412740455038147 0.4467282659607007 1.7101616816362364 0.46264288267411746 1.7445788828335933
leaf_count=14 51 18 42 1 13 248 57 37 467 318 39 85 196 281
internal_value=0.000857031 0.00453935 0.00680519 0.00879205 0.00290819 0.0232269 0.0298536 -0.0106796 0.0107055 0.00477731 0.0134482 0.0187521 -0.0158212 -0.0194256
internal_weight=18.928 14.8081 13.5244 12.8218 9.96241 2.85935 2.62573 4.11996 8.16585 6.39614 3.15487 2.70814 3.25756 2.79491
internal_count=1867 1302 1288 1246 940 306 305 565 922 455 137 98 514 318
is_linear=0
shrinkage=0.05


Tree=229
num_leaves=15
num_cat=0
split_feature=11 11 9 3 14 9 9 5 14 3 14 35 14 3
split_gain=0.684246 0.382128 0.370289 0.438708 0.392878 0.601696 0.56492 0.362787 0.418346 0.39159 0.362707 0.298679 0.280358 0.438761
threshold=16.000000000000004 40.500000000000007 10.646895885467531 0.27700001001358038 0.97660115361213695 5.9426732063293466 2.2800099849700932 0.75000000000000011 0.96904006600379955 0.87349998950958263 0.91946774721145641 1.0000000180025095e-35 0.930240958929062 0.52950000762939464
decision_type=2 2 2 2 2 2 2 2 2 2 2 2 2 2
left_child=7 2 3 -2 6 -6 -5 11 9 -9 -11 12 -1 -14
right_child=1 -3 -4 4 5 -7 -8 8 -10 10 -12 -13 13 -15
leaf_value=-0.032687970993123608 -0.0088344448358623762 -0.01552312180985113 -0.011691501254597442 -0.018062377935795761 0.039165830783639055 -0.0059416268320755632 0.017806670590279159 0.017314162074153198 0.01776945110221155 0.013723585147720469 -0.017916772549652203 0.011599503237646734 0.0078155739127324167 -0.017813584090501201
leaf_weight=1.539726041606629 0.9358651265501966 0.57023521000519384 0.68530155385087699 0.88091516832355443 2.4388889998517702 0.63880797376623366 1.6901189235068157 0.44505879585631181 1.4236258435557827 0.35021717206109348 3.6139467434986727 0.28141100145876397 1.8477531359530983 3.822700262273429
leaf_count=26 5 31 43 17 171 137 202 11 505 20 333 7 49 280
internal_value=-0.00226312 0.00878913 0.0123426 0.0160557 0.0208879 0.0306422 0.00390034 -0.00892588 0.000577983 -0.00723158 -0.01292 -0.0155221 -0.0178646 -0.00954249
internal_weight=21.1646 7.84013 7.2699 6.5846 5.64873 3.0777 2.57103 13.3244 5.83285 4.40922 3.96416 7.49159 7.21018 5.67045
internal_count=1837 606 575 532 527 308 219 1231 869 364 353 362 355 329
is_linear=0
shrinkage=0.05


Tree=230
num_leaves=15
num_cat=0
split_feature=14 3 14 14 14 11 11 12 4 12 9 4 24 28
split_gain=0.468516 0.441241 0.663254 0.522821 0.51143 0.340486 0.461182 0.297017 0.279471 0.301282 0.28168 0.219675 0.218124 0.260656
threshold=0.92699933052062999 0.32999999821186071 0.97992375493049633 0.94687074422836315 0.95533749461174022 13.500000000000002 40.500000000000007 3.5000000000000004 0.86840000748634349 1.5000000000000002 6.9260485172271737 0.94065001606941234 1.0000000180025095e-35 1.0000000180025095e-35
decision_type=2 2 2 2 2 2 2 2 2 2 2 2 2 2
left_child=11 2 -2 12 -5 8 7 -7 9 -6 -10 -1 13 -3
right_child=1 3 -4 4 5 6 -8 -9 10 -11 -12 -13 -14 -15
leaf_value=0.02171735351543717 -0.036640190417172772 -0.021350429372902723 0.0039188896085413606 0.02809424509036278 -0.011553890003219673 0.028390960169949259 -0.015280993852161166 0.00021729196641045637 -0.018467938709598505 0.021417300253304166 0.0083114848292782859 -0.00097976748207951442 0.0095557765103255997 0.0058013701855532075
leaf_weight=1.8186793966451689 1.3402091129682987 3.3670278873323687 1.4647908583283422 1.0611596081143932 0.37398538214620003 1.5232172381656717 0.56894669670145948 1.511354414236848 3.2490327923005684 0.65075405535753816 0.64353510384535173 1.5813859618501735 0.27381332853110496 0.65133513999171544
leaf_count=32 13 135 12 118 12 412 27 160 337 13 449 65 19 19
internal_value=-0.00133325 -0.00490911 -0.0199964 -0.000719541 0.00574401 0.000302112 0.0104718 0.0178909 -0.00766072 0.0096209 -0.0132468 0.0133373 -0.0135078 -0.0166704
internal_weight=20.0792 16.6792 2.805 13.8742 9.58199 8.52083 3.60352 3.03457 4.91731 1.02474 3.89257 3.40007 4.29218 4.01836
internal_count=1823 1726 25 1701 1528 1410 599 572 811 25 786 97 173 154
is_linear=0
shrinkage=0.05


Tree=231
num_leaves=15
num_cat=0
split_feature=3 3 11 14 14 14 5 11 11 9 14 9 14 11
split_gain=0.289542 0.494976 0.348989 0.346047 0.587117 0.512302 0.407626 0.599786 0.4571 0.274844 0.261588 0.245022 0.239942 0.236216
threshold=0.32999999821186071 0.44699999690055853 6.5000000000000009 0.96090471744537365 0.9275864064693452 0.97922512888908397 0.75000000000000011 16.000000000000004 40.500000000000007 3.992484569549561 0.90128409862518322 7.3861246109008798 0.98247721791267406 26.500000000000004
decision_type=2 2 2 2 2 2 2 2 2 2 2 2 2 2
left_child=12 2 -2 4 10 -5 7 -7 -9 -6 -3 -11 -1 -8
right_child=1 3 -4 5 9 6 13 8 -10 11 -12 -13 -14 -15
leaf_value=-0.019714337781922109 0.031071208095732057 -0.0071092724936352922 -0.0062047859072724343 0.018165022679539192 -0.02612550079338426 -0.032180480713981816 0.018356471102954693 0.022230114137497869 -0.01542649392217057 0.013976660266053971 0.015328020968203418 -0.012712685208944169 0.0030341184548747127 -0.010036118761945968
leaf_weight=2.3543444082606615 1.1170153594575847 1.540208395395892 0.48643061309121538 3.1791154503516736 2.879858171887463 1.2183898903895172 1.2123107348888877 0.76042621070519067 0.55875979701522738 0.61099065921734996 1.9125974163180215 0.84523360272578429 1.4103477373719213 0.33805324617424037
leaf_count=21 25 35 16 663 85 42 410 149 24 164 67 91 11 43
internal_value=-0.00145561 0.00156462 0.0217232 -0.00180151 -0.00861537 0.00566036 -0.00572318 -0.015915 0.00650585 -0.0191723 0.00597046 -0.000383355 -0.012344 0.0106578
internal_weight=20.4241 16.6594 1.60345 15.0559 7.78889 7.26706 4.08794 2.53758 1.31919 4.33608 3.45281 1.45622 3.76469 1.55036
internal_count=1846 1814 41 1773 442 1331 668 215 173 340 102 255 32 453
is_linear=0
shrinkage=0.05


Tree=232
num_leaves=15
num_cat=0
split_feature=11 3 4 14 3 14 33 4 14 11 14 14 14 11
split_gain=0.591636 0.492821 0.433538 0.294495 0.348726 0.491179 0.293325 0.252337 0.207741 0.19873 0.178743 0.183072 0.57932 0.231198
threshold=6.5000000000000009 0.55500000715255748 0.95274999737739574 0.96904006600379955 0.84499999880790722 0.96137788891792308 1.0000000180025095e-35 0.98115000128746044 0.92844375967979442 4.5000000000000009 0.98733773827552807 0.98707339167594921 0.98247721791267406 32.500000000000007
decision_type=2 2 2 2 2 2 2 2 2 2 2 2 2 2
left_child=1 -1 10 4 -3 8 7 -4 -6 -5 11 12 13 -2
right_child=2 3 6 9 5 -7 -8 -9 -10 -11 -12 -13 -14 -15
leaf_value=0.030827502872131752 -0.017709487560660264 -0.022414067244839124 0.022292075808127736 -0.0066987773141908629 -0.0050595602760299049 -0.013769413313995144 -0.011470195619776059 0.00084842685865671853 0.026638386968610591 0.025837266687256378 0.0064049966725583498 -0.03109280731266377 0.020542473581223419 0.0059927856305130936
leaf_weight=1.6627072421833897 4.7402078159939247 0.78795277141034681 1.6329191624827215 0.18348397818044748 0.32427952252328418 1.0759720497590022 1.0665669397858435 3.0379354966280516 0.99079320029704832 0.63124173805408645 0.66265249194111664 0.47986398637294758 0.56353078025858838 0.73888352699577797
leaf_count=37 180 7 294 23 4 72 104 884 98 80 12 2 11 28
internal_value=0.00193623 0.0141179 -0.00402693 0.00238098 -0.00534314 0.00523329 0.00570177 0.0109541 0.0200129 0.0188563 -0.0115429 -0.0139754 -0.00839412 -0.0140815
internal_weight=18.579 5.65643 12.9226 3.99372 3.179 2.39104 5.73742 4.67085 1.31507 0.814726 7.18514 6.52249 6.04262 5.47909
internal_count=1836 321 1515 284 181 174 1282 1178 102 103 233 221 219 208
is_linear=0
shrinkage=0.05


Tree=233
num_leaves=15
num_cat=0
split_feature=11 11 11 14 14 14 7 11 12 14 14 18 14 3
split_gain=0.446032 0.275697 0.254282 0.34158 0.242365 0.332491 0.204954 0.20219 0.213361 0.379668 0.437719 0.386172 0.282691 0.288887
threshold=32.500000000000007 40.500000000000007 25.500000000000004 0.98889762163162243 0.94433107972145092 0.90128409862518322 1.0000000180025095e-35 16.000000000000004 1.0000000180025095e-35 0.97246921062469494 0.96757176518440258 1.0000000180025095e-35 0.930240958929062 0.55500000715255748
decision_type=2 2 2 2 2 2 2 2 2 2 2 2 2 2
left_child=2 -2 6 4 5 -4 -1 8 -8 10 12 -11 13 -10
right_child=1 -3 3 -5 -6 -7 7 -9 9 11 -12 -13 -14 -15
leaf_value=-0.016638964954945306 0.027639483691441952 -0.0061971285635421874 -0.013411965566876483 0.012926625180417603 -0.023272846255656884 0.016028535652909136 -0.012909067262267888 0.019735077509110223 -0.021718177825033422 0.024026957410966887 -0.022971316713070285 -0.012486922223405842 0.0097066298954861362 0.0035818823972341208
leaf_weight=0.48153255367652015 1.1338855776994012 0.4058406512485816 1.2004849126096804 0.49856530060060311 2.5879598848987371 0.70147341483971093 1.4089946531457815 0.5914269438217169 0.92855036258697188 2.1595807261110163 0.98251623887335959 0.26453518867492665 4.9484273029811447 2.1643217915552668
leaf_count=38 181 32 8 46 149 23 230 158 5 482 97 2 328 62
internal_value=6.18241e-05 0.0197924 -0.00245706 -0.0110832 -0.0156182 -0.000772134 0.0011675 0.00291257 0.000770365 0.0033558 -0.00183086 0.0175593 0.00300718 -0.00746429
internal_weight=20.4581 1.53973 18.9184 4.98848 4.48992 1.90196 13.9299 13.4484 12.8569 11.4479 9.02382 2.42412 8.0413 3.09287
internal_count=1841 213 1628 226 180 31 1402 1364 1206 976 492 484 395 67
is_linear=0
shrinkage=0.05


Tree=234
num_leaves=15
num_cat=0
split_feature=15 3 7 14 4 14 14 14 12 12 3 4 14 9
split_gain=0.319139 0.303525 0.320271 0.255872 0.352946 0.257117 0.250629 0.378649 0.157861 0.189525 0.176051 0.152806 0.099947 0.080313
threshold=1.0000000180025095e-35 0.38750000298023229 1.0000000180025095e-35 0.92844375967979442 0.98135000467300426 0.90128409862518322 0.96904006600379955 0.96757176518440258 8.0000000000000018 13.500000000000002 0.96149998903274547 0.99024999141693126 0.98270678520202648 3.3852339982986455
decision_type=2 2 2 2 2 2 2 2 2 2 2 2 2 2
left_child=3 -2 -3 5 -5 -1 7 13 12 -10 -11 -7 -6 -4
right_child=1 2 6 4 8 11 -8 -9 9 10 -12 -13 -14 -15
leaf_value=-0.0065055801795214406 -0.010800925805961642 -0.014910302243898325 0.0047141895824670647 -0.016141247005019291 -0.0027329635331430832 0.022670248125278861 0.028113115032651782 -0.017515017107940092 -0.017433843293711834 -0.0096792347794741503 0.017008109016432068 -0.0047029390567930483 0.019381925260333017 0.017084630328331567
leaf_weight=1.6773563383612793 1.5193272284232087 0.41358770662918587 4.4053906048939089 6.1364515811437723 0.41953887043928284 0.91728696471545823 0.98220329279865826 0.52317816302820563 0.48924361122772075 0.23381265066564083 0.46314594498835504 0.29377613100223243 0.67962009248731192 2.003372661623871
leaf_count=33 16 36 100 206 100 41 334 70 19 12 63 13 321 487
internal_value=-0.000993841 0.00530585 0.0090873 -0.00646403 -0.0105645 0.00513398 0.0118734 0.00631813 0.00476492 -0.00595565 0.00762717 0.0169063 0.0136601 0.0103652
internal_weight=21.1573 9.84706 8.32773 11.3102 8.42181 2.88842 7.91414 6.93194 2.28536 1.1862 0.696959 1.21106 1.09916 6.40876
internal_count=1851 1043 1027 808 721 87 991 657 515 94 75 54 421 587
is_linear=0
shrinkage=0.05


Tree=235
num_leaves=15
num_cat=0
split_feature=14 9 9 9 3 3 3 3 3 3 3 14 14 14
split_gain=0.663199 0.727961 0.376505 0.440448 0.375595 0.818394 0.374669 0.47703 0.588939 0.29423 0.229129 0.286955 0.275936 0.310591
threshold=0.94826391339302074 2.8171484470367436 2.9083033800125127 10.646895885467531 0.27700001001358038 0.28300000727176672 0.29999999701976782 0.52950000762939464 0.62000000476837169 0.83750000596046459 0.95049998164176952 0.96757176518440258 0.98368009924888622 0.98481070995330822
decision_type=2 2 2 2 2 2 2 2 2 2 2 2 2 2
left_child=1 -1 -3 -4 -2 -6 -7 -8 -9 -10 11 -11 -12 -14
right_child=4 2 3 -5 5 6 7 8 9 10 12 -13 13 -15
leaf_value=0.028393420448512275 -0.026026984545396703 -0.02189933782704015 0.014156966241046396 -0.01662753165695692 0.029462690100857464 -0.028580912448389187 0.018979174118313794 -0.031717094255554662 0.018189623861352613 0.0028846056651993823 0.016237067388831801 -0.022154480675874822 -0.022768826192069259 0.0061406743503968457
leaf_weight=3.4952462692745057 0.6304226815700521 0.51478017726913083 3.2616562127514048 0.67057792173000041 0.96745783090591331 0.52398941293358703 1.2832714633550484 0.86170757468789627 0.76284390612272535 1.6134298265387772 1.3966318501479693 1.740438611464924 0.57413006217393592 1.5166298170806838
leaf_count=55 4 5 235 30 8 3 41 9 56 78 750 115 44 404
internal_value=0.00387719 0.0142042 -0.000113484 0.00660036 -0.00359885 -0.000317436 -0.00548672 -0.00170202 -0.00651078 -0.000300069 -0.00441859 -0.0122131 0.00412868 -0.00659621
internal_weight=19.8132 7.94226 4.44701 3.93223 11.871 11.2405 10.2731 9.74908 8.46581 7.6041 6.84126 3.35387 3.48739 2.09076
internal_count=1837 325 270 265 1512 1508 1500 1497 1456 1447 1391 193 1198 448
is_linear=0
shrinkage=0.05


Tree=236
num_leaves=15
num_cat=0
split_feature=15 14 14 3 14 14 3 9 12 14 3 3 13 3
split_gain=0.582422 0.273228 0.606814 0.462369 0.238928 0.493931 0.365932 0.268832 0.324149 0.273299 0.252067 0.270377 0.224596 0.222009
threshold=1.0000000180025095e-35 0.930240958929062 0.95092076063156139 0.55500000715255748 0.92844375967979442 0.97876101732254039 0.31700000166893011 6.9260485172271737 4.5000000000000009 0.98247721791267406 0.75499999523162853 0.85749998688697826 0.75000000000000011 0.87349998950958263
decision_type=2 2 2 2 2 2 2 2 2 2 2 2 2 2
left_child=4 3 12 -2 10 -6 -7 8 9 -8 -1 -12 -3 -4
right_child=1 2 13 -5 5 6 7 -9 -10 -11 11 -13 -14 -15
leaf_value=0.020901068349979308 -0.021541700061218878 0.00252306410483629 0.01252692554624852 0.012325562160557942 -0.02560960368608561 0.016160108468008656 0.0083847138785502519 0.0074239024551809351 0.007791045816645005 -0.026626806059010785 -0.018755802430751613 0.0068412294707880213 0.037899507359828555 -0.0062484150410814579
leaf_weight=0.4900641925632957 0.90515354275703463 0.73085160196933441 1.7131671151728367 1.2002151607302947 2.4854262170847505 1.1792692355811594 0.19200471616932269 1.2621385835518593 0.67525997760822054 2.1187716449785512 0.72145951323909718 1.6982314752531236 1.5039788119320292 2.7989857925349497
leaf_count=4 4 31 49 23 125 11 24 308 91 176 13 70 169 749
internal_value=0.000757704 0.00970279 0.0141367 -0.004483 -0.00676074 -0.0109107 -0.00124235 -0.00823189 -0.0150516 -0.0220638 0.00442887 -0.00404368 0.0306868 0.00185953
internal_weight=19.675 8.85235 6.74698 2.10537 10.8226 7.91287 5.42744 4.24817 2.98604 2.31078 2.90976 2.41969 2.23483 4.51215
internal_count=1847 1025 998 27 822 735 610 599 291 200 87 83 200 798
is_linear=0
shrinkage=0.05


Tree=237
num_leaves=15
num_cat=0
split_feature=16 4 13 7 24 11 11 11 31 4 6 3 5 3
split_gain=0.24273 0.38953 0.307743 0.207857 0.173794 0.176228 0.272001 0.168882 0.156075 0.143745 0.133223 0.120236 0.0968191 0.113741
threshold=1.0000000180025095e-35 0.95754998922348034 0.75000000000000011 1.0000000180025095e-35 1.0000000180025095e-35 32.500000000000007 40.500000000000007 5.5000000000000009 1.0000000180025095e-35 0.97785001993179332 1.0000000180025095e-35 0.94850000739097606 0.75000000000000011 0.28300000727176672
decision_type=2 2 2 2 2 2 2 2 2 2 2 2 2 2
left_child=4 2 -2 -3 5 8 -7 -5 10 -6 12 -12 13 -1
right_child=1 3 -4 7 9 6 -8 -9 -10 -11 11 -13 -14 -15
leaf_value=-0.0021681341760029908 0.013637436423071685 -0.0085376697572161434 -0.017455732659353723 -0.0035945604056311781 0.016245813029573303 0.013767938450268816 -0.013241815348945848 0.024381861580292045 0.0094886133683548743 -0.0081655399297742917 0.010935978373776516 -0.0076410820898075551 -0.00029683840832351536 -0.017032654078432876
leaf_weight=1.8788923732936309 0.30753343031392422 0.19673361070454154 1.5245538605522586 0.37640819168882478 0.60484363527211904 1.3961385221773532 0.57228661992121477 1.9155315347161375 0.23328064585803154 0.20857097959378734 0.67324010143056578 0.84226120554376394 1.3679761912208057 7.8873219679808244
leaf_count=12 15 9 94 90 81 177 33 680 10 37 8 29 93 468
internal_value=-0.00401884 0.00557902 -0.00926403 0.0160294 -0.0068421 -0.00821541 0.0040998 0.020091 -0.0102569 0.00893527 -0.0112895 0.00167825 -0.0130474 -0.0146399
internal_weight=19.9856 4.32076 1.83209 2.48867 15.6648 14.8514 1.96843 2.29194 12.883 0.813415 12.6497 1.5155 11.1342 9.76621
internal_count=1836 888 109 779 948 830 210 770 620 118 610 37 573 480
is_linear=0
shrinkage=0.05


Tree=238
num_leaves=15
num_cat=0
split_feature=7 14 14 5 11 14 3 11 11 30 14 12 14 29
split_gain=0.235443 0.265577 0.619844 0.343789 0.271075 0.461327 0.614634 0.58776 0.268315 0.262506 0.234276 0.217019 0.264978 0.20487
threshold=1.0000000180025095e-35 0.97246921062469494 0.97846508026123058 0.75000000000000011 14.500000000000002 0.97876101732254039 0.27700001001358038 36.500000000000007 26.500000000000004 1.0000000180025095e-35 0.98707339167594921 1.0000000180025095e-35 0.90128409862518322 1.0000000180025095e-35
decision_type=2 2 2 2 2 2 2 2 2 2 2 2 2 2
left_child=-1 11 9 4 -4 -6 -7 -8 -5 -3 -9 12 -2 -13
right_child=1 2 3 8 5 6 7 10 -10 -11 -12 13 -14 -15
leaf_value=-0.020198519625441554 -0.010496010966158403 0.032902230986830767 -0.025077545080444553 0.022216114534726293 -0.027238875469697874 -0.018844338358373697 0.032586459958984577 0.01133329305684826 -0.0094509091147738401 -0.0067328061295632681 -0.018330110126858062 -0.009915333795835814 0.014381754640868131 0.0093286114634102864
leaf_weight=0.65164548880420881 0.8011192261474237 1.3048511022207083 0.77862567425472695 1.0298993205069562 0.22484451869968358 0.6659403890371326 1.3890105703321753 0.27495151432231058 0.32712121881195333 0.1480837826093192 0.62260653084376827 9.6258090135379426 1.9706948689999988 0.79107508306333407
leaf_count=51 8 191 34 424 3 3 115 32 44 17 38 471 332 85
internal_value=-0.00205205 -0.000523814 0.00693473 -0.00225729 -0.009444 -0.000526815 0.00788428 0.0190339 0.0138115 0.0277647 -0.00805939 -0.0045692 0.00631506 -0.00776483
internal_weight=20.6063 19.9546 6.76593 5.313 3.95598 3.17735 2.95251 2.28657 1.35702 1.45293 0.897558 13.1887 2.77181 10.4169
internal_count=1848 1797 901 693 225 191 188 185 468 208 70 896 340 556
is_linear=0
shrinkage=0.05


Tree=239
num_leaves=15
num_cat=0
split_feature=7 5 6 11 9 11 11 11 11 11 11 16 9 29
split_gain=0.161169 0.123835 0.257983 0.268263 0.252858 0.199791 0.194682 0.190135 0.164613 0.146497 0.229495 0.131028 0.130794 0.126115
threshold=1.0000000180025095e-35 1.0000000180025095e-35 1.0000000180025095e-35 7.5000000000000009 5.3045852184295663 25.500000000000004 26.500000000000004 12.500000000000002 11.500000000000002 40.500000000000007 32.500000000000007 1.0000000180025095e-35 6.9054689407348642 1.0000000180025095e-35
decision_type=2 2 2 2 2 2 2 2 2 2 2 2 2 2
left_child=-1 2 3 -2 -5 7 -7 8 12 10 11 -8 13 -3
right_child=1 5 -4 4 -6 6 9 -9 -10 -11 -12 -13 -14 -15
leaf_value=-0.018170583874962086 -0.017514801682352234 0.01271299420825984 0.011981278412192261 0.013260397357457977 -0.011529888602868721 -0.017245679099429364 -0.006620777473891469 0.01998020726599032 -0.014646355602822743 -0.013193349931146653 0.016623359289667777 0.011788959976413362 -0.0052682667502628924 -0.0052454107804016364
leaf_weight=0.54870295955334114 3.4321659374982145 3.2367636040798957 0.72046720539219666 1.3085490926168861 0.88650039117783297 1.1317701177322304 3.3825400791392899 1.0824996651863328 0.29625555360689748 0.56606147275306273 1.2687866174528606 0.2761632740148342 1.5167480680320293 0.66598833551688574
leaf_count=43 38 387 14 35 28 52 128 306 11 31 174 49 487 49
internal_value=-0.00260268 -0.00131663 -0.00655363 -0.0103765 0.0027734 0.00144249 -0.00441709 0.00698715 0.00191771 0.000474636 0.00400569 -0.00299894 0.00496367 0.00920364
internal_weight=20.32 19.7713 6.34768 5.62722 2.19505 13.4236 6.62532 6.79826 5.71576 5.49355 4.92749 3.6587 5.4195 3.90275
internal_count=1832 1789 115 101 63 1674 434 1240 934 382 351 177 923 436
is_linear=0
shrinkage=0.05


Tree=240
num_leaves=15
num_cat=0
split_feature=3 14 14 14 14 9 3 9 12 3 12 11 11 9
split_gain=0.268808 0.194101 0.277411 0.173375 0.569718 0.288167 0.481093 0.18986 0.237429 0.186112 0.134224 0.209384 0.16109 0.152332
threshold=0.35149998962879186 0.97645366191864025 0.98020115494728099 0.94558534026145946 0.95092076063156139 2.2800099849700932 0.96149998903274547 6.9260485172271737 8.0000000000000018 0.52950000762939464 2.5000000000000004 11.500000000000002 18.500000000000004 0.87512877583503734
decision_type=2 2 2 2 2 2 2 2 2 2 2 2 2 2
left_child=1 -1 -3 5 -5 -2 -7 9 -9 -6 13 -12 -13 -11
right_child=3 2 -4 4 7 6 -8 8 -10 10 11 12 -14 -15
leaf_value=0.022322418857905656 -0.019888068369350077 -0.01196424939070459 0.012783070193578813 0.025252102883188417 0.011204978952964163 0.012389505662575608 -0.014264739150344489 0.019750727247611146 -0.0073859957487046393 0.0081184400885187507 0.014030778681988917 -0.01635834834285485 0.0089100950183898554 -0.015034455227931535
leaf_weight=0.97633497789502444 2.3052240482065853 1.2013187627308073 1.337564270943403 1.031312126215197 0.4012318765744548 2.5066246938949917 2.2745345202856697 0.76640970658627317 0.75278986245393753 0.17745762271806587 0.73782672525703663 0.85680889041395836 0.19686353928409517 4.9697658263175981
leaf_count=13 30 8 15 92 22 90 141 624 77 3 142 29 72 487
internal_value=-0.000368581 0.0105556 0.00100148 -0.00309188 0.00123202 -0.00853281 -0.000564772 -0.00384187 0.00870982 -0.00717263 -0.00951288 0.00167398 -0.00959752 -0.0130454
internal_weight=20.4921 3.51522 2.53888 16.9768 9.89047 7.08638 4.78116 8.85915 1.5192 7.33995 6.93872 1.7915 1.05367 5.14722
internal_count=1845 36 23 1809 1548 261 231 1456 701 755 733 243 101 490
is_linear=0
shrinkage=0.05


Tree=241
num_leaves=15
num_cat=0
split_feature=14 14 11 9 9 4 3 14 14 3 3 14 11 9
split_gain=0.193742 0.375218 0.249389 0.32416 0.336344 0.218433 0.277695 0.250931 0.518086 0.514651 0.572557 0.464807 0.490385 0.411246
threshold=0.97645366191864025 0.97246921062469494 26.500000000000004 2.8171484470367436 2.9083033800125127 0.97005000710487377 0.99849998950958263 0.96671375632286083 0.930240958929062 0.55500000715255748 0.96349999308586132 0.94826391339302074 5.5000000000000009 3.174047708511353
decision_type=2 2 2 2 2 2 2 2 2 2 2 2 2 2
left_child=1 2 5 -4 -5 7 -7 8 9 -1 -11 -10 -13 -14
right_child=-2 -3 3 4 -6 6 -8 -9 11 10 -12 12 13 -15
leaf_value=-0.037334208471976681 -0.0096425733212313017 0.023442668566017399 0.025604836700578365 -0.020638862650645871 0.012450275123450259 0.019833499324975912 -0.0067515714375797195 -0.025137596589901376 0.019557988981147665 0.018249470390006833 -0.018977691392557658 0.01747681811393003 -0.02571165456544864 0.012181907701713653
leaf_weight=0.80937276408076142 6.704278792574768 0.57011886221880637 0.68033637845655981 0.52996693295426645 0.61544456743285991 0.84949390233668887 1.3218622088679695 0.95150902823661443 2.078127545886673 1.0456112821120771 1.0873843135777859 0.55137775291223112 1.6887975967838427 0.30897984853072546
leaf_count=5 772 152 19 5 95 140 314 44 103 29 20 31 33 81
internal_value=-0.00335106 0.000327333 -0.00238168 0.011169 -0.00534352 -0.00545279 0.00662358 -0.00890255 -0.0041666 -0.0177137 -0.000728508 0.00606466 -0.00734665 -0.0177423
internal_weight=19.7927 13.0884 12.5183 1.82575 1.14541 10.6925 2.17136 8.52116 7.56965 2.94237 2.133 4.62728 2.54916 1.99778
internal_count=1843 1071 919 119 100 800 454 346 302 54 49 248 145 114
is_linear=0
shrinkage=0.05


Tree=242
num_leaves=15
num_cat=0
split_feature=7 15 14 11 14 3 3 14 14 14 14 14 11 11
split_gain=0.247811 0.30311 0.287724 0.496294 0.475216 0.329767 0.267643 0.21119 0.393441 0.384255 0.38963 0.26367 0.240829 0.23873
threshold=1.0000000180025095e-35 1.0000000180025095e-35 0.94826391339302074 5.5000000000000009 0.9275864064693452 0.36599999666213995 0.62000000476837169 0.9766443967819215 0.92844375967979442 0.98690772056579601 0.98733773827552807 0.88813546299934398 40.500000000000007 18.500000000000004
decision_type=2 2 2 2 2 2 2 2 2 2 2 2 2 2
left_child=-1 7 3 -3 -5 -4 -6 8 11 12 -11 -2 -9 -12
right_child=1 2 5 4 6 -7 -8 9 -10 10 13 -13 -14 -15
leaf_value=-0.018625185893972586 -0.013997950289212031 -0.0066499369258167162 -0.021047339891020918 -0.007627264536014592 0.042742688126273222 0.0060194407975200327 0.0018510917273889017 0.015838654068100349 -0.023588648076160457 -0.027587963176960984 -0.010912154845631497 0.010569548705283115 -0.011196571725204345 0.01275115652053763
leaf_weight=0.57136800675653177 0.71414545085281345 1.0670766635157627 0.44857601448893536 0.4328141275327656 1.3803470532875506 4.0426725757642998 0.59396190782717884 3.4272133747581397 1.8278074237314283 0.69018277779105153 0.94477955014735959 2.0588420602143742 0.26535340945702035 1.4136105227953519
leaf_count=45 12 41 4 10 18 791 122 314 73 32 155 75 14 163
internal_value=0.000532995 0.00198919 0.00891021 0.0178845 0.0275202 -2.45122e-05 0.0351991 -0.00319956 -0.0104214 0.00243884 -0.00915733 0.0022094 0.0119239 0.00284499
internal_weight=19.8788 19.3074 7.96545 3.4742 2.40712 4.49125 1.97431 11.3419 4.60079 6.74114 3.04857 2.77299 3.69257 2.35839
internal_count=1869 1824 986 191 150 795 140 838 160 678 350 87 328 318
is_linear=0
shrinkage=0.05


Tree=243
num_leaves=15
num_cat=0
split_feature=24 4 11 14 14 5 14 12 14 14 13 9 11 11
split_gain=0.219434 0.264742 0.346181 0.259505 0.420648 0.319824 0.380525 0.269135 0.274577 0.444578 0.18486 0.152271 0.184327 0.182791
threshold=1.0000000180025095e-35 0.97154998779296886 16.000000000000004 0.930240958929062 0.94755619764328014 1.0000000180025095e-35 0.92699933052062999 2.5000000000000004 0.97246921062469494 0.97660115361213695 0.75000000000000011 7.3861246109008798 40.500000000000007 25.500000000000004
decision_type=2 2 2 2 2 2 2 2 2 2 2 2 2 2
left_child=1 2 3 5 10 -1 -7 8 -6 -10 -5 12 -3 -13
right_child=-2 11 -4 4 7 6 -8 -9 9 -11 -12 13 -14 -15
leaf_value=-0.037038261029027818 0.014781195061772681 0.016138290252262696 0.0013280467990282535 -0.0068869382010150696 -0.023390848561532264 0.01723952612668191 -0.017533085889073 0.0060475228472535751 0.022344622427280886 -0.01760490757257006 0.018877265450890721 0.0063587410963109325 -0.0083762749060664124 -0.015121112163106108
leaf_weight=1.108478168956941 0.63809097818739147 2.2799971450731387 6.3943962213379555 0.42276621761266131 3.1383070047595543 0.45691498031374045 0.72537847678177059 0.97571088686527208 0.42865764716407273 0.38549047132255509 1.0874784620245916 1.3420782613611666 0.3226955709978937 0.79253301289281797
leaf_count=17 117 594 164 17 127 14 12 91 15 11 58 482 15 128
internal_value=-0.00312879 -0.00438518 -0.00751201 -0.0134585 -0.00641422 -0.0252917 -0.00235288 -0.0130426 -0.0180248 0.00415147 0.0117946 0.00516651 0.0116175 -0.00389599
internal_weight=20.499 19.8609 15.1236 8.72918 6.43841 2.29077 1.18229 4.92817 3.95246 0.814148 1.51024 4.7373 2.60269 2.13461
internal_count=1862 1745 526 362 319 43 26 244 153 26 75 1219 609 610
is_linear=0
shrinkage=0.05


Tree=244
num_leaves=15
num_cat=0
split_feature=14 14 9 11 14 28 14 14 4 4 11 14 12 14
split_gain=0.290973 0.240008 0.282001 0.210939 0.210792 0.241881 0.314063 0.519035 0.371389 0.365596 0.321766 0.236929 0.1991 0.270026
threshold=0.97846508026123058 0.98733773827552807 6.3864333629608163 8.5000000000000018 0.95720818638801586 1.0000000180025095e-35 0.92844375967979442 0.930240958929062 0.97394999861717235 0.84700000286102306 5.5000000000000009 0.94826391339302074 8.0000000000000018 0.99494275450706493
decision_type=2 2 2 2 2 2 2 2 2 2 2 2 2 2
left_child=4 2 -2 -3 5 6 10 -8 9 11 -1 -9 13 -5
right_child=1 3 -4 12 -6 -7 7 8 -10 -11 -12 -13 -14 -15
leaf_value=-0.014590410880212422 -0.020168497690961087 -0.013352687364763971 0.0066269573665051155 0.025530470143024127 0.011297191199616412 0.018292547949489941 -0.034164754844217708 0.006843313052312232 -0.019946280605680725 0.024034636229523548 0.011790034456353331 -0.016731549092571515 -0.0070243079918246455 -0.0092225953369627686
leaf_weight=0.62857226282358158 3.382530213755671 0.38501747819827903 0.73805173923028622 1.0185254303214604 4.200854322873055 0.41966195154236707 0.75668975536245842 1.551142412703485 0.83965728946350271 0.83520689116267011 3.4871077287243679 0.90297843795269717 0.54052148340269912 0.19397524883970607
leaf_count=7 176 7 234 252 703 36 9 35 106 127 98 17 47 8
internal_value=-0.00089949 -0.00904628 -0.0150122 0.00357151 0.00320627 -0.00113936 -0.00378374 -0.0113809 -0.00135842 0.00693046 0.00569653 -0.00416358 0.0107886 0.0183152
internal_weight=19.8805 6.25862 4.12058 2.13804 13.6219 9.42102 9.00135 4.88567 4.12899 3.28933 4.11568 2.45412 1.75302 1.2125
internal_count=1862 724 410 314 1138 435 399 294 285 179 105 52 307 260
is_linear=0
shrinkage=0.05


Tree=245
num_leaves=15
num_cat=0
split_feature=7 12 12 2 12 14 14 14 14 14 14 5 12 14
split_gain=0.201453 0.170005 0.197922 0.228599 0.178692 0.190756 0.467125 0.303741 0.204215 0.306297 0.526336 0.338709 0.190594 0.267709
threshold=1.0000000180025095e-35 8.0000000000000018 5.5000000000000009 1.0000000180025095e-35 2.5000000000000004 0.98230367898941051 0.98733773827552807 0.99147549271583568 0.97183942794799816 0.94826391339302074 0.94521561264991771 1.0000000180025095e-35 1.0000000180025095e-35 0.97876101732254039
decision_type=2 2 2 2 2 2 2 2 2 2 2 2 2 2
left_child=-1 2 3 4 5 8 -7 -8 9 10 -2 -11 13 -10
right_child=1 -3 -4 -5 -6 6 7 -9 12 11 -12 -13 -14 -15
leaf_value=-0.019397704572249444 -0.0022939655870503296 -0.013173571818715047 0.01801909261339384 -0.014818745084537286 0.012721879409179945 -0.023075001788095455 0.021623694878688215 -0.0099036532001124319 -0.011841223763790357 -0.025436528350339761 0.029681597356580443 0.0011929570186426535 0.025324171615625852 0.014910547385902403
leaf_weight=0.60948772996198641 4.8872144499619115 1.5037361592985679 0.51947591316274966 1.5105839623138297 1.8772854670023669 1.6583894000941666 0.67331055906834059 0.60549632727634162 1.0019918282050633 1.2042623776942494 0.69047406585013948 2.4213071747508366 0.59394875388534263 0.75797648934531014
leaf_count=48 151 114 196 19 363 111 79 32 86 18 43 441 92 39
internal_value=-0.00236706 -0.000942667 0.000684283 -0.000746908 0.00132978 -0.000871547 -0.0104286 0.00890066 0.00219439 -0.00150113 0.00557504 -0.0112391 0.0127826 0.000908111
internal_weight=20.5149 19.9055 18.4017 17.8822 16.3717 14.4944 2.9372 1.27881 11.5572 9.20326 5.57769 3.62557 2.35392 1.75997
internal_count=1832 1784 1670 1474 1455 1092 222 111 870 653 194 459 217 125
is_linear=0
shrinkage=0.05


Tree=246
num_leaves=15
num_cat=0
split_feature=25 3 14 4 1 3 3 3 14 14 12 4 4 11
split_gain=0.315355 0.324959 0.173792 0.370954 0.217232 0.220398 0.328068 0.400644 0.318526 0.388388 0.375495 0.202439 0.190619 0.218729
threshold=1.0000000180025095e-35 0.43649999797344213 0.98690772056579601 0.97060000896453869 1.0000000180025095e-35 0.91749998927116405 0.85749998688697826 0.75499999523162853 0.93461748957633983 0.97876101732254039 1.5000000000000002 0.95934998989105236 0.96665000915527355 25.500000000000004
decision_type=2 2 2 2 2 2 2 2 2 2 2 2 2 2
left_child=2 -2 4 -4 -1 6 7 8 -6 10 -10 -7 -13 -14
right_child=1 -3 3 -5 5 11 -8 -9 9 -11 -12 12 13 -15
leaf_value=-0.018128503606215301 -0.013092371430868183 0.020257548634917754 -0.025200030151643876 0.0046599289818635035 0.021217547283485579 -0.013496061639855894 0.023885612847411225 -0.01999882918110639 -0.021883699910294846 0.015101517490024301 0.0069669916966936573 0.01730662085013359 0.0052303850457962372 -0.014435254035465531
leaf_weight=0.63927441276610331 0.21713128685951177 1.9402973221876889 1.3622604919364669 1.3882127605174899 1.3673196323798036 2.756283535331022 1.0745372294622937 0.82182613978511643 1.6653220802836588 1.3278091587126253 1.3063909523189066 0.49483184737619001 2.6069114869824266 1.3825706506322601
leaf_count=14 1 114 32 324 14 209 71 54 37 14 21 82 691 179
internal_value=-0.000871192 0.0138176 -0.00324218 -0.0129051 -0.000841007 0.00100538 0.00656774 0.000893253 0.00646838 -0.0013407 -0.0106399 -0.00489674 0.00188593 -0.00311204
internal_weight=20.351 2.15743 18.1936 2.75047 15.4431 14.8038 7.56321 6.48867 5.66684 4.29952 2.97171 7.2406 4.48431 3.98948
internal_count=1857 115 1742 356 1386 1372 211 140 86 72 58 1161 952 870
is_linear=0
shrinkage=0.05


Tree=247
num_leaves=15
num_cat=0
split_feature=37 12 9 3 9 9 15 9 11 12 3 9 11 11
split_gain=0.339107 0.313891 0.554661 0.394072 0.302137 0.234971 0.211453 0.239617 0.266718 0.238717 0.189612 0.178289 0.16838 0.174497
threshold=1.0000000180025095e-35 1.0000000180025095e-35 2.9083033800125127 0.44699999690055853 8.9802742004394549 12.342508792877199 1.0000000180025095e-35 3.3852339982986455 5.5000000000000009 5.5000000000000009 0.28300000727176672 4.0992836952209482 6.5000000000000009 5.5000000000000009
decision_type=2 2 2 2 2 2 2 2 2 2 2 2 2 2
left_child=1 2 10 -3 6 -6 9 12 11 -5 -1 -9 13 -8
right_child=-2 3 -4 4 5 -7 7 8 -10 -11 -12 -13 -14 -15
leaf_value=-0.0012846408580923098 -0.018238957246759484 0.024484586290164354 0.01403629105400591 -0.01798963460717452 0.025475290483805098 -0.0059089814118254737 0.004266864799049269 -0.013623613318624979 0.024125469386676791 0.010515893794982328 -0.021057631335261163 0.011389048599740784 0.0081221590695219198 -0.016542242716947677
leaf_weight=1.9628726467490256 1.5332541938405473 1.3722651978023339 1.4739161340694407 2.1037223041203092 0.93288260122062527 0.40650313265359728 1.0305743585340683 0.68919079005718265 1.0243444150255525 0.24541752807272121 2.8819946729927324 0.2894259247550508 1.040485347039066 1.872370894998312
leaf_count=14 121 23 552 185 190 125 19 8 268 88 93 95 36 13
internal_value=-0.00113413 0.0012922 -0.00694477 0.0062053 0.00154436 0.0174959 -0.00263627 0.00262476 0.0134903 -0.0127609 -0.0146371 -0.00420877 -0.00450661 -0.00995435
internal_weight=18.8592 17.326 6.31878 11.0072 9.63492 1.33939 8.29553 5.94639 2.00296 2.34914 4.84487 0.978617 3.94343 2.90295
internal_count=1830 1709 659 1050 1027 315 712 439 371 273 107 103 68 32
is_linear=0
shrinkage=0.05


Tree=248
num_leaves=15
num_cat=0
split_feature=3 4 14 14 14 14 3 9 4 12 31 4 14 12
split_gain=0.805991 0.162816 0.292897 0.429852 0.297581 0.366483 0.382904 0.272378 0.181674 0.105438 0.107915 0.101711 0.0973608 0.204856
threshold=0.28300000727176672 0.98215001821517955 0.96324706077575695 0.94558534026145946 0.94826391339302074 0.95720818638801586 0.87599998712539684 6.9260485172271737 0.99975001811981212 2.5000000000000004 1.0000000180025095e-35 0.96160000562667858 0.92844375967979442 1.5000000000000002
decision_type=2 2 2 2 2 2 2 2 2 2 2 2 2 2
left_child=-1 2 3 12 -5 6 -6 9 -3 10 -4 -11 13 -2
right_child=1 8 7 4 5 -7 -8 -9 -10 11 -12 -13 -14 -15
leaf_value=0.028335894292536853 0.0085595140518418353 0.011938968457285822 -0.022481066627500889 0.028835396941875549 -0.023724148651902338 0.016733005311700879 0.012919767473228672 0.010960647187048964 -0.0075850083464199655 -0.0096126326890895349 0.0012872337127863187 0.009571958903768182 -0.013235386477190829 -0.010491906697484432
leaf_weight=1.1332123987376714 1.7803661857615245 2.0890967427258142 3.755049654893809 0.67058807978173751 0.98640909561072498 0.9059356163634219 0.33642685224185698 0.27777154419891292 1.0864299158056381 0.39592243111110281 0.4146987423300742 0.36810040787531761 2.8074593256751541 1.8829402757692149
leaf_count=11 33 831 168 41 18 59 70 136 254 22 21 49 105 53
internal_value=-0.000831129 -0.00410392 -0.00629156 -0.000640069 0.0128751 0.000629493 -0.0128548 -0.0147138 0.00504249 -0.0177628 -0.0203255 -0.000183154 -0.00760861 -0.00138292
internal_weight=18.8904 17.7572 14.5817 9.37013 2.89936 2.22877 1.32284 5.21154 3.17553 4.93377 4.16975 0.764023 6.47077 3.66331
internal_count=1871 1860 775 379 188 147 88 396 1085 260 189 71 191 86
is_linear=0
shrinkage=0.05


Tree=249
num_leaves=15
num_cat=0
split_feature=3 3 16 4 4 1 24 4 14 3 3 3 12 3
split_gain=0.470052 0.668879 0.326513 0.295065 0.484362 0.199988 0.191293 0.200508 0.207721 0.2137 0.151599 0.32178 0.156745 0.140937
threshold=0.27700001001358038 0.28300000727176672 1.0000000180025095e-35 0.95205000042915355 0.95754998922348034 1.0000000180025095e-35 1.0000000180025095e-35 0.93600001931190502 0.92844375967979442 0.75499999523162853 0.58100000023841869 0.32999999821186071 2.5000000000000004 0.99849998950958263
decision_type=2 2 2 2 2 2 2 2 2 2 2 2 2 2
left_child=-1 -2 6 -4 -5 -6 7 8 9 -3 11 -10 -12 -7
right_child=1 2 3 4 5 13 -8 -9 10 -11 12 -13 -14 -15
leaf_value=-0.030463453894753186 0.027147809538854307 0.011336917669500748 0.023332820845546026 -0.022499445912298934 -0.011863855894981247 0.02261586433327048 0.0086110030417365004 -0.00091637070746531778 -0.019913685154784151 -0.011511555796743131 -0.030111450549264229 0.0053018750498140784 0.00087973982372423578 0.0021737626613739553
leaf_weight=0.54734534211457031 0.84780320897698658 1.0296659804880604 0.73189020891731971 0.81355817965231869 0.20902001485228616 0.89291728702664808 0.79400884627830315 4.3937089606770323 1.4934642396401616 1.0644213147461412 2.1247951499244668 1.9092449406161902 0.40531278681009997 1.9561409544185153
leaf_count=4 8 8 87 27 2 138 117 659 14 20 62 50 7 679
internal_value=-0.00394839 -0.00166137 -0.00440194 0.0061565 -0.00121351 0.00859823 -0.00825448 -0.00989393 -0.0141621 -0.000243867 -0.018331 -0.00777467 -0.026304 0.0127917
internal_weight=19.2133 18.666 17.8181 4.60353 3.87164 3.05808 13.2146 12.4206 8.0269 2.09409 5.93282 3.40271 2.53011 2.84906
internal_count=1882 1878 1870 933 846 819 937 820 161 28 133 64 69 817
is_linear=0
shrinkage=0.05


Tree=250
num_leaves=15
num_cat=0
split_feature=6 4 9 9 12 8 9 25 5 4 9 24 28 12
split_gain=0.306662 0.346972 0.255558 0.201459 0.200991 0.159126 0.138759 0.137353 0.15758 0.259013 0.244628 0.196555 0.193743 0.104673
threshold=1.0000000180025095e-35 0.99304997920990001 7.4039602279663095 11.641028881073 8.0000000000000018 0.75000000000000011 0.87512877583503734 1.0000000180025095e-35 1.0000000180025095e-35 0.98215001821517955 1.5551638007164004 1.0000000180025095e-35 1.0000000180025095e-35 13.500000000000002
decision_type=2 2 2 2 2 2 2 2 2 2 2 2 2 2
left_child=2 -2 5 4 -4 6 -1 8 12 11 -11 -10 -8 -5
right_child=1 -3 3 13 -6 -7 7 -9 9 10 -12 -13 -14 -15
leaf_value=0.0092859714887338039 0.024728373184173136 -0.011340387510639378 0.020549845442185802 -0.013811241143692211 -0.0081293836275682079 0.0085722667552134198 -0.02831674785180547 0.0011674694853012638 -0.012586100474622811 -0.011321418384992996 0.019198818772510992 0.0096072039076419979 0.0020832153521794577 0.0067002405571833018
leaf_weight=0.20246226992458538 0.83641378500033059 0.32692409085575491 1.3362459506897715 0.6283916275933733 0.22544742957688857 0.5512861224269735 1.6574668546672904 2.0347185850259839 9.0403398473717917 0.24104639701545316 0.74287761722371215 0.3831586363376126 0.49127509444952 0.25502432277426124
leaf_count=3 49 7 446 199 14 172 44 78 346 5 389 52 3 52
internal_value=-0.00418366 0.0140356 -0.00605866 0.00695659 0.0148524 -0.00843132 -0.00956763 -0.0104081 -0.0122316 -0.00821129 0.00978404 -0.0108486 -0.0229121 -0.00747639
internal_weight=18.9531 1.16334 17.7897 2.44511 1.56169 15.3446 14.7933 14.5909 12.5562 10.4074 0.983924 9.4235 2.14874 0.883416
internal_count=1859 56 1803 711 460 1092 920 917 839 792 394 398 47 251
is_linear=0
shrinkage=0.05


Tree=251
num_leaves=15
num_cat=0
split_feature=3 3 12 4 9 14 11 12 11 11 3 13 3 11
split_gain=0.531084 0.318432 0.281447 0.525846 0.218069 0.404744 0.304192 0.17191 0.240817 0.119027 0.11501 0.333217 0.565302 0.258864
threshold=0.91749998927116405 0.93149998784065258 13.500000000000002 0.9694499969482423 12.342508792877199 0.96137788891792308 6.5000000000000009 1.5000000000000002 11.500000000000002 20.500000000000004 0.6120000183582307 0.75000000000000011 0.75499999523162853 32.500000000000007
decision_type=2 2 2 2 2 2 2 2 2 2 2 2 2 2
left_child=7 -2 3 4 5 -3 -7 10 -9 -10 -1 -12 -13 -14
right_child=1 2 -4 -5 -6 6 -8 8 9 -11 11 12 13 -15
leaf_value=-0.00038875792023920628 -0.021699244467257812 0.028580284257156304 0.017359300593341835 -0.0144194864791693 -0.010349909511050699 -0.018072254488574937 0.0140419920920304 0.023836913521047831 -0.013141204266049492 0.008706551761830281 -0.013410366466525395 0.031944494419532461 -0.017302639504268729 0.012575147474001409
leaf_weight=4.8714984471444058 1.4543552617542426 1.169359298815835 0.75280606327578414 4.2243859865629929 0.29020483122440044 0.66741294419625752 0.38078761614451651 2.365914615686052 0.36809698771685351 0.23649987019598484 0.3521213531494144 1.3316193991631737 0.77864183796918929 0.32452688785269856
leaf_count=77 53 152 72 1136 19 41 120 55 27 6 13 18 27 57
internal_value=0.00256259 -0.00606286 -0.00082534 -0.00484089 0.0108053 0.0159301 -0.00524602 0.00971445 0.0183906 -0.00449508 0.00461381 0.0111518 0.0175741 -0.00671324
internal_weight=19.5682 8.93931 7.48496 6.73215 2.50776 2.21756 1.0482 10.6289 2.97051 0.604597 7.65841 2.78691 2.43479 1.10317
internal_count=1873 1593 1540 1468 332 313 161 280 88 33 192 115 102 84
is_linear=0
shrinkage=0.05


Tree=252
num_leaves=15
num_cat=0
split_feature=4 11 3 9 12 9 3 7 11 4 3 9 4 12
split_gain=0.252691 0.219547 0.217855 0.171878 0.298378 0.281551 0.372302 0.234925 0.178349 0.123043 0.112129 0.153314 0.534575 0.111878
threshold=0.95274999737739574 6.5000000000000009 0.44699999690055853 7.4039602279663095 8.0000000000000018 5.9426732063293466 0.93400001525878917 1.0000000180025095e-35 20.500000000000004 0.97455000877380382 0.31700000166893011 2.9083033800125127 0.95205000042915355 13.500000000000002
decision_type=2 2 2 2 2 2 2 2 2 2 2 2 2 2
left_child=1 2 -1 5 -5 6 8 -8 -2 -7 -3 -12 -13 -6
right_child=3 10 -4 4 13 9 7 -9 -10 -11 11 12 -14 -15
leaf_value=0.01372222326919207 -0.012496289291552106 -0.0013297554987209185 -0.004843389585147565 0.023594187815279465 -0.014524894887437753 -0.019675547618636519 -0.0076565271181019898 0.026304912310384915 0.011141883072960287 0.0032282501067703671 -0.018973673030507055 0.016814920841127439 -0.022938640164407071 0.0066024697456257735
leaf_weight=1.5542427352629617 1.6106388056941789 2.6277501527220011 3.2505120502319187 1.4493351951896332 0.37562775099650014 0.95513635635143124 0.17466895992402065 1.2684693455303193 0.26678168913349498 0.48486075782420812 3.4035026664496399 0.98587287965347037 0.47289702325360849 0.35954233212396502
leaf_count=30 74 22 83 602 13 42 13 470 19 216 71 137 7 66
internal_value=-0.0014341 -0.00558908 0.00249158 0.0056991 0.0146916 -0.000261405 0.00744557 0.020743 -0.00643249 -0.0138012 -0.0104556 -0.0143195 -0.000160226 -0.00634204
internal_weight=19.2398 12.2948 4.80475 6.94506 2.18451 4.76056 3.32056 1.44314 1.87742 1.44 7.49002 4.86227 1.45877 0.73517
internal_count=1865 350 113 1515 681 834 576 483 93 258 237 215 144 79
is_linear=0
shrinkage=0.05


Tree=253
num_leaves=15
num_cat=0
split_feature=3 37 30 3 9 12 14 14 14 14 14 14 9 14
split_gain=0.591201 0.349355 0.324779 0.235623 0.32197 0.327697 0.219622 0.734523 0.305625 0.546767 0.409896 0.399583 0.208273 0.119694
threshold=0.91749998927116405 1.0000000180025095e-35 1.0000000180025095e-35 0.93149998784065258 3.927794456481934 13.500000000000002 0.98707339167594921 0.98742127418518078 0.97246921062469494 0.94826391339302074 0.95720818638801586 0.97169688344001781 1.2175102233886721 0.930240958929062
decision_type=2 2 2 2 2 2 2 2 2 2 2 2 2 2
left_child=1 2 6 -2 12 -6 8 -8 9 13 -11 -12 -5 -1
right_child=3 -3 -4 4 5 -7 7 -9 -10 10 11 -13 -14 -15
leaf_value=0.0084047341759003243 -0.018824798055985872 -0.014751684997367613 -0.010316712636731003 -0.0077831493764591005 -0.010723864497651342 0.014834923285358806 -0.027633724817674784 0.019079527927787745 0.035142577248810716 -0.022156739548875797 0.021426984263082618 -0.014905329501154543 0.021964998309398954 0.029459005111073966
leaf_weight=2.5754910100367834 1.5574569226882866 0.40539801446721035 0.6482761107617997 0.24616827542195086 5.3485795208762283 0.64480239152908314 0.47371991304680683 0.96479021027334966 1.454845149972243 0.99116145865991745 0.95430796992150113 0.36207948578521609 1.0436647384340174 1.4486287327599709
leaf_count=41 61 24 18 11 1244 63 3 25 51 17 40 8 202 44
internal_value=0.00339481 0.0110772 0.0133968 -0.00575514 -0.00102506 -0.00624602 0.0159093 -0.00132749 0.0188823 0.0108625 -0.00681621 0.00931307 0.0153679 0.0203389
internal_weight=19.1194 10.2787 9.8733 8.84067 7.28321 5.99338 9.22502 1.43851 7.78651 6.33167 2.30755 1.31639 1.28983 4.02412
internal_count=1852 271 247 1581 1520 1307 229 28 201 150 65 48 213 85
is_linear=0
shrinkage=0.05


Tree=254
num_leaves=15
num_cat=0
split_feature=14 5 28 14 14 3 3 5 14 11 14 3 14 14
split_gain=0.471565 0.581793 0.342765 0.35211 0.258203 0.335233 0.334673 0.328089 0.283561 0.271388 0.283644 0.250978 0.208417 0.187963
threshold=0.92699933052062999 1.0000000180025095e-35 1.0000000180025095e-35 0.930240958929062 0.94826391339302074 0.33949999511241918 0.52950000762939464 1.0000000180025095e-35 0.94687074422836315 8.5000000000000018 0.95980143547058117 0.92050001025199901 0.94218242168426525 0.97482568025589
decision_type=2 2 2 2 2 2 2 2 2 2 2 2 2 2
left_child=1 -1 3 -2 8 -6 -7 13 12 10 -9 -12 -5 -8
right_child=2 -3 -4 4 5 6 7 9 -10 -11 11 -13 -14 -15
leaf_value=-0.010762120696086237 -0.024076433705810314 0.026522959524892916 0.017902162258415236 0.0082754033129297869 -0.019691541536453451 0.018670249878909806 -0.028226519917246784 0.012489559567352532 0.023835175575251638 0.0098449284896491053 0.0079950620234942003 -0.023458097753013912 -0.014908039883315511 -0.0012564672173204516
leaf_weight=0.97100732289254965 1.66318503883667 1.8184216349036431 0.52110443788842609 1.1572284956055221 2.650774643290787 0.76321375137194802 0.88476976077072356 0.33322608652815722 0.6414198703423607 3.2145113958686125 0.30474801931995887 1.4289073603067661 0.80387130087183312 1.1317387162707744
leaf_count=25 22 64 119 96 20 30 12 55 16 1018 30 232 57 28
internal_value=-0.00189322 0.014129 -0.00545845 -0.00734081 -0.00371433 -0.00710831 -0.00125397 -0.00533653 0.00835062 0.00184624 -0.00974756 -0.017027 -0.003053 -0.0185244
internal_weight=18.2881 2.78943 15.4987 14.9776 13.3144 10.7119 8.06112 7.2979 2.60252 5.28139 2.06688 1.73366 1.9611 2.01651
internal_count=1824 89 1735 1616 1594 1425 1405 1375 169 1335 317 262 153 40
is_linear=0
shrinkage=0.05


Tree=255
num_leaves=15
num_cat=0
split_feature=14 9 4 3 7 14 4 3 14 9 3 14 37 9
split_gain=0.442171 0.62391 0.697363 0.428743 0.361524 0.415769 0.340315 0.571801 0.304505 0.306537 0.202525 0.13558 0.185438 0.134463
threshold=0.94521561264991771 2.2800099849700932 0.92969998717308056 0.29999999701976782 1.0000000180025095e-35 0.98341789841651928 0.95724999904632579 0.95049998164176952 0.98715129494667064 5.9871771335601816 0.92050001025199901 0.99494275450706493 1.0000000180025095e-35 9.0992007255554217
decision_type=2 2 2 2 2 2 2 2 2 2 2 2 2 2
left_child=1 -1 -3 -2 -5 6 -6 -8 9 -7 -4 12 -10 -12
right_child=3 2 10 4 5 8 7 -9 11 -11 13 -13 -14 -15
leaf_value=-0.027689172509369059 -0.012032821404129783 0.020743940478581181 0.0070250495437871631 -0.016438396080502227 0.026820851412242608 -0.025063457481688697 -0.011316129735655166 0.023326367495419723 0.020507790863305786 0.0080594104504443775 -0.02361858243693014 -0.0085036448794535303 -0.0057118579287415506 -0.0011295134525083981
leaf_weight=2.3723756209947195 2.4916092567145816 1.5779159814119337 0.52156003838172216 0.47485159093048501 3.2324431353335932 0.99028306985565018 1.9586613094652423 1.0156176582604528 1.1145618498412657 0.48573241436679382 1.5097665793437047 0.19688703847350542 0.46846884302794922 1.0469521306804379
leaf_count=33 18 51 35 41 201 62 141 656 265 142 89 12 45 44
internal_value=-0.00210757 -0.0113099 0.000455427 0.00355096 0.00820115 0.0108906 0.01763 0.00340601 -0.00308037 -0.0153106 -0.0124808 0.00892091 0.0135412 -0.0173163
internal_weight=19.4577 7.02857 4.65619 12.4291 9.93751 9.46266 6.20672 2.97428 3.25593 1.47602 3.07828 1.77992 1.58303 2.55672
internal_count=1835 252 219 1583 1565 1524 998 797 526 204 168 322 310 133
is_linear=0
shrinkage=0.05


Tree=256
num_leaves=15
num_cat=0
split_feature=8 9 4 4 16 9 9 14 14 14 14 12 3 4
split_gain=0.212644 0.226486 0.213564 0.298095 0.244502 0.440698 0.199118 0.134872 0.308067 0.2898 0.133464 0.120995 0.175543 0.120011
threshold=0.75000000000000011 4.0992836952209482 0.95205000042915355 0.95274999737739574 1.0000000180025095e-35 5.9624669551849374 5.6884701251983651 0.98220920562744152 0.97876101732254039 0.98733773827552807 0.99156674742698681 13.500000000000002 0.94449999928474437 0.97025001049041759
decision_type=2 2 2 2 2 2 2 2 2 2 2 2 2 2
left_child=1 7 -3 -4 6 -6 -5 8 -1 -9 -11 12 -8 -14
right_child=-2 2 3 4 5 -7 11 9 -10 10 -12 -13 13 -15
leaf_value=-0.0087381064752694478 0.014555539028548226 0.016970485469600081 -0.022699888821262566 0.010081662202803272 -0.011386442213011159 0.026610816869906635 0.0060069297803673821 -0.028298333351161081 0.015896949892916276 0.013354345318063142 -0.0094328370996462629 0.0055334709868465372 0.0048459054688673609 -0.022569685261480898
leaf_weight=10.432917401660237 0.3853735010852678 0.74870328904944372 0.46411552373319853 0.71970456547569517 0.51063606313982735 1.0434376367556977 0.36103806571918595 1.3126510093570676 0.5058556808508009 0.40097902482375491 0.25853957596700639 0.37593303713947523 0.10567306462326098 1.6671752997062865
leaf_count=252 209 139 10 137 130 446 63 18 14 24 10 64 21 283
internal_value=-0.00505107 -0.00616178 0.00170164 -0.0028444 0.00267382 0.0145559 -0.00513355 -0.00967369 -0.00636276 -0.0197185 0.00412021 -0.0111259 -0.01489 -0.0197773
internal_weight=19.2927 18.9074 5.99642 5.24771 4.7836 1.55407 3.22952 12.9109 10.9388 1.97217 0.659519 2.50982 2.13389 1.77285
internal_count=1820 1611 1293 1154 1144 576 568 318 266 52 34 431 367 304
is_linear=0
shrinkage=0.05


Tree=257
num_leaves=15
num_cat=0
split_feature=14 5 9 14 14 12 3 12 14 3 3 11 9 11
split_gain=0.606307 0.37456 0.425965 0.195189 0.245246 0.215995 0.209517 0.208666 0.194409 0.333725 0.242264 0.232609 0.270927 0.235503
threshold=0.92699933052062999 1.0000000180025095e-35 10.646895885467531 0.930240958929062 0.97645366191864025 13.500000000000002 0.96149998903274547 1.5000000000000002 0.96560412645339977 0.55500000715255748 0.28950001299381262 5.5000000000000009 3.174047708511353 11.500000000000002
decision_type=2 2 2 2 2 2 2 2 2 2 2 2 2 2
left_child=1 -1 -3 7 8 -6 -7 -2 9 10 -5 -11 -13 -14
right_child=3 2 -4 4 5 6 -8 -9 -10 11 -12 12 13 -15
leaf_value=-0.0058880504004136377 -0.025673088168578995 0.035384031248962514 -0.0072690052670073384 -0.0055230358671087762 -0.009985501933082357 -0.0098076821913335895 0.019420435303914654 0.0020190702866036019 0.01736764114380401 0.01080867638979488 0.023576639272209623 -0.020310967703376585 0.014617098357520978 -0.011305467378796457
leaf_weight=0.74434074386954585 0.74840146210044867 1.5907063781050963 0.3732841021846981 0.61297081783413698 6.4268350263228058 0.23800863325595845 0.55590700963512063 0.89293864881619811 1.3975882832455679 0.66957619681488711 1.0577167614828793 2.1097075941506778 0.89004142599151215 0.67632269776368048
leaf_count=23 14 64 9 5 715 13 66 11 388 78 42 48 245 130
internal_value=0.000954314 0.0192584 0.0275599 -0.00302993 -0.000721488 -0.00682253 0.0100754 -0.015547 0.00532523 0.000451175 0.0148297 -0.00681675 -0.0116521 0.00338039
internal_weight=18.9843 2.70833 1.96399 16.276 14.6347 7.22075 0.793916 1.64134 7.41392 6.01634 1.67069 4.34565 3.67607 1.56636
internal_count=1851 96 73 1755 1730 794 79 25 936 548 47 501 423 375
is_linear=0
shrinkage=0.05


Tree=258
num_leaves=15
num_cat=0
split_feature=7 14 14 14 3 3 4 11 14 9 9 14 3 4
split_gain=0.206793 0.179374 0.246782 0.273195 0.42155 0.719546 0.398278 0.225299 0.269464 0.194316 0.169827 0.229449 0.531301 0.271887
threshold=1.0000000180025095e-35 0.97846508026123058 0.97876101732254039 0.98085978627204906 0.27700001001358038 0.31700000166893011 0.97154998779296886 26.500000000000004 0.97246921062469494 2.2800099849700932 10.646895885467531 0.94826391339302074 0.93149998784065258 0.9694499969482423
decision_type=2 2 2 2 2 2 2 2 2 2 2 2 2 2
left_child=-1 7 -3 -4 -5 -6 -7 8 10 -9 11 13 -13 -2
right_child=1 2 3 4 5 6 -8 9 -10 -11 -12 12 -14 -15
leaf_value=-0.01697191842917509 0.012197901999928689 -0.024206037619946486 0.018729482126925084 -0.028045356046392179 0.027538906381392492 -0.022746445030489094 0.0043776033832120349 0.0010265181210520787 0.019216922739354145 0.027327839174857638 -0.016395920220817494 -0.018132809679606423 0.015317397174878164 -0.0083109804703100521
leaf_weight=0.49719971336890267 4.5400918054219783 0.27720402700651803 0.56544214419409389 0.47679683566093434 0.94699781760573376 1.4713677846593785 2.4153037182913977 1.2385544478893273 0.89510893973056305 0.9118733275681733 0.58864765839825928 2.5159240634820894 0.89689353112044035 1.4725964855751952
leaf_count=42 145 9 64 3 10 72 546 15 186 134 74 68 377 100
internal_value=0.00102251 0.00230481 -0.00428614 3.73524e-05 -0.00460554 0.00211774 -0.00844419 0.00549413 0.00190612 0.0173136 -0.00124546 0.00118265 -0.00786303 0.0067061
internal_weight=19.71 19.2128 6.15311 5.87591 5.31047 4.83367 3.88667 13.0597 10.9093 2.15043 10.0142 9.42551 3.41282 6.01269
internal_count=1845 1803 704 695 631 628 618 1099 950 149 764 690 445 245
is_linear=0
shrinkage=0.05


Tree=259
num_leaves=15
num_cat=0
split_feature=3 14 14 14 12 3 3 14 9 3 14 14 14 8
split_gain=0.361334 0.412124 0.407966 0.278708 0.245699 0.211616 0.381914 0.194678 0.182741 0.170451 0.111441 0.378204 0.110044 0.106015
threshold=0.92050001025199901 0.97645366191864025 0.98742127418518078 0.91151106357574474 13.500000000000002 0.44699999690055853 0.7475000023841859 0.96250438690185558 2.2800099849700932 0.96149998903274547 0.98707339167594921 0.98247721791267406 0.91946774721145641 0.75000000000000011
decision_type=2 2 2 2 2 2 2 2 2 2 2 2 2 2
left_child=1 3 10 8 12 -5 7 -7 -1 -6 11 -3 -2 -14
right_child=4 2 -4 5 9 6 -8 -9 -10 -11 -12 -13 13 -15
leaf_value=-0.014077636709187753 0.0046340014331161606 -0.014548699923359144 0.014262513142564166 0.029549892622693322 -0.0081162960278359595 -0.011149528402070437 0.023070274354387077 0.01021177355186075 0.0080333956334886266 0.019533147635598928 -0.025798327827225322 0.016973849600842212 -0.012442447941567989 0.0068856740360782685
leaf_weight=0.73733920976519751 0.72759965679142435 1.8495813397166796 0.93471307997242536 1.7070498079992829 0.18959268042817701 1.8425863712909638 1.2826977759104918 0.77045917668147001 1.0767621319973839 0.56396537530235946 0.46235552709549654 0.47187996999127779 6.5224867728029494 0.15834647037263483
leaf_count=6 35 41 28 40 12 28 92 14 20 69 3 17 1243 199
internal_value=0.00137645 0.00697632 -0.00563877 0.0132195 -0.00619105 0.018029 0.00797601 -0.003768 -0.00276258 0.0119152 -0.0143243 -0.00495994 -0.00923079 -0.0111475
internal_weight=19.2974 11.1354 3.71853 7.41689 8.16199 5.60279 3.89574 2.61305 1.8141 0.753558 2.78382 2.32146 7.40843 6.68083
internal_count=1847 289 89 200 1558 174 134 42 26 81 61 58 1477 1442
is_linear=0
shrinkage=0.05


Tree=260
num_leaves=15
num_cat=0
split_feature=7 12 3 4 4 36 3 14 14 14 11 11 11 11
split_gain=0.213691 0.200829 0.279202 0.481202 0.401286 0.337036 0.299417 0.235453 0.224522 0.423438 0.310803 0.304767 0.19425 0.234116
threshold=1.0000000180025095e-35 3.5000000000000004 0.38750000298023229 0.96665000915527355 0.97154998779296886 1.0000000180025095e-35 0.28300000727176672 0.94521561264991771 0.95092076063156139 0.97183942794799816 6.5000000000000009 5.5000000000000009 40.500000000000007 5.5000000000000009
decision_type=2 2 2 2 2 2 2 2 2 2 2 2 2 2
left_child=-1 2 6 5 -5 8 -2 -6 -4 10 11 -10 13 -9
right_child=1 -3 3 4 7 -7 -8 12 9 -11 -12 -13 -14 -15
leaf_value=-0.016072587072252086 0.0091131071129533 -0.0050961049436315823 0.028979162688547378 -0.020363073041484048 -0.01119632710424676 -0.0031332078279212036 -0.013893236354170283 -0.0061689046046201181 0.0081971975044455997 0.026269826299182564 0.015453497524213594 -0.023376429843090418 -0.0068670747925551768 0.027301050934838908
leaf_weight=0.46226053033024328 1.6206899508833914 4.0730191859620382 3.2497920725727436 1.1792197304748699 0.41690173736424219 1.4719609143212435 2.2113521536812186 0.27768850539723633 0.55373482606955859 0.68130361395014905 0.38642951198562503 1.1880487700691447 0.31963011855259527 1.0972784223631604
leaf_count=46 13 574 144 48 48 25 22 77 44 48 71 24 25 661
internal_value=0.00260417 0.00385657 0.00651151 0.010376 -0.00464392 0.0167139 -0.00429082 0.00785791 0.0212961 0.00713483 -0.00543036 -0.01401 0.014961 0.0207902
internal_weight=19.1893 18.727 14.654 10.822 3.29072 7.53127 3.83204 2.1115 6.05931 2.80952 2.12821 1.74178 1.6946 1.37497
internal_count=1870 1824 1250 1215 859 356 35 811 331 187 139 68 763 738
is_linear=0
shrinkage=0.05


Tree=261
num_leaves=15
num_cat=0
split_feature=25 14 4 14 29 24 14 14 12 14 9 14 4 6
split_gain=0.547953 0.380535 0.240066 0.336144 0.26402 0.259665 0.236225 0.194276 0.160189 0.193015 0.710879 0.619998 0.163391 0.147902
threshold=1.0000000180025095e-35 0.97169688344001781 0.97154998779296886 0.9275864064693452 1.0000000180025095e-35 1.0000000180025095e-35 0.90128409862518322 0.93243035674095165 2.5000000000000004 0.97876101732254039 3.5444744825363164 0.98220920562744152 0.96095001697540294 1.0000000180025095e-35
decision_type=2 2 2 2 2 2 2 2 2 2 2 2 2 2
left_child=2 -2 3 6 5 8 -1 -6 9 10 -5 -11 13 -10
right_child=1 -3 -4 4 7 -7 -8 -9 12 11 -12 -13 -14 -15
leaf_value=-0.0071152546551537695 0.029850463881834977 -0.0097777351484528846 0.0040319112408223126 -0.03475988444203116 -0.010143752048731788 0.0095477528859186592 0.015141544386760139 0.018683696931397757 -0.015488538491864823 0.020629556054988382 0.0089774948488434685 -0.018003718974986604 0.012955015967107034 0.0087775937774026477
leaf_weight=1.4674157039262419 1.0665210801817 0.29917700825171767 4.7188658712620954 3.2087888206879094 0.18232990801334459 0.37445890234084878 1.4637605331372467 0.42254379330552183 0.95365423994371645 0.58563229342689771 0.74182893699617114 2.2134331779670902 0.32783469332207449 0.16726818215101957
leaf_count=20 82 29 1191 60 1 63 48 36 65 13 142 32 45 2
internal_value=-0.00203795 0.0207058 -0.00494166 -0.00847947 -0.0128619 -0.0151982 0.00502365 0.00908801 -0.0172436 -0.0201044 -0.0263926 -0.00661817 -0.00114806 -0.0094362
internal_weight=18.1935 1.3657 16.8278 12.1089 9.17777 8.5729 2.93118 0.604874 8.19844 6.74968 3.95062 2.79907 1.44876 1.12092
internal_count=1829 111 1718 527 459 422 68 37 359 247 202 45 112 67
is_linear=0
shrinkage=0.05


Tree=262
num_leaves=15
num_cat=0
split_feature=4 6 7 3 37 3 12 17 3 9 12 3 14 3
split_gain=0.317073 0.428436 0.218986 0.212099 0.171723 0.213394 0.174553 0.156977 0.0979389 0.426659 0.241144 0.327499 0.144987 0.211829
threshold=0.97705000638961803 1.0000000180025095e-35 1.0000000180025095e-35 0.28300000727176672 1.0000000180025095e-35 0.96149998903274547 13.500000000000002 1.0000000180025095e-35 0.93149998784065258 3.9558867216110234 2.5000000000000004 0.97600001096725475 0.94826391339302074 0.75499999523162853
decision_type=2 2 2 2 2 2 2 2 2 2 2 2 2 2
left_child=1 3 -2 -1 7 -6 -7 -4 12 -10 11 -11 13 -5
right_child=2 -3 4 8 5 6 -8 -9 9 10 -12 -13 -14 -15
leaf_value=0.0056044521235800509 -0.011902683194484925 0.018931855889508992 0.024244999231860812 0.0019798770713746047 -0.01546586780329379 -0.0086960269258421451 0.018821814127677146 -0.0042391115088903034 0.018887249341547143 0.0099481522626691504 0.0045399179994779154 -0.0263486284716936 -0.02036132732573763 -0.016932035138478196
leaf_weight=1.4691526088863618 0.3003920278279123 0.53043601821991693 1.4673168035515098 3.1294018959742953 0.43466454604640603 0.19563731178641319 0.53216426423750818 0.27317897882312547 0.62797152283019331 0.24315818397735722 1.1194976505794327 1.5808718389307614 4.1470092373492662 1.5329862504731862
leaf_count=12 21 36 1025 45 30 4 68 8 84 89 118 114 112 45
internal_value=-0.00413092 -0.00727972 0.00837362 -0.00949085 0.0129838 -0.00173298 0.010673 0.0198588 -0.0115671 -0.00333918 -0.011668 -0.0197007 -0.0142224 -0.00613044
internal_weight=17.5838 14.3805 3.20335 13.85 2.90296 1.16247 0.727802 1.7405 12.3809 3.5715 2.94353 1.82403 8.8094 4.66239
internal_count=1811 655 1156 619 1135 102 72 1033 607 405 321 203 202 90
is_linear=0
shrinkage=0.05


Tree=263
num_leaves=15
num_cat=0
split_feature=14 14 11 14 14 24 28 12 14 14 4 4 9 14
split_gain=0.228833 0.231592 0.406716 0.180695 0.378248 0.145185 0.14245 0.158935 0.124787 0.325574 0.241363 0.350493 0.198205 0.122554
threshold=0.88813546299934398 0.92699933052062999 10.500000000000002 0.94687074422836315 0.94826391339302074 1.0000000180025095e-35 1.0000000180025095e-35 5.5000000000000009 0.96090471744537365 0.97645366191864025 0.86840000748634349 0.96095001697540294 3.7255351543426518 0.98733773827552807
decision_type=2 2 2 2 2 2 2 2 2 2 2 2 2 2
left_child=-1 2 -2 5 -5 6 7 -3 12 10 -10 -12 -6 -11
right_child=1 3 -4 4 8 -7 -8 -9 9 13 11 -13 -14 -15
leaf_value=-0.021012871743816938 -0.011065474657709845 -0.019418399801347297 0.022907593181356128 0.022436397491640794 -0.01839352854052969 0.0082133170765583755 0.0042536018999063613 0.0062428912187344901 0.024405419506717652 -0.0095489875123715168 -0.013061876918126906 0.017200627123290551 0.0091437787501411124 0.0033573078235285166
leaf_weight=0.54521245951764541 0.65197081223596187 3.1759582371596515 1.3697044990258289 0.68577981115959019 1.3733415292517737 0.23113101936178271 0.56670674943597976 0.22606183678726655 0.90837806859053527 5.0617451360449195 1.2758367532223926 0.65126347003388207 0.21536170288163692 2.0395554552669637
leaf_count=10 16 140 65 25 44 22 17 21 24 478 87 457 135 301
internal_value=-0.00251635 -0.000916097 0.0119154 -0.00309036 0.000216007 -0.0108965 -0.0134385 -0.0166824 -0.00279184 -0.000222 0.011798 -0.000452302 -0.0125704 -0.00588533
internal_weight=18.978 18.4328 2.02168 16.4111 12.2113 4.19986 3.96873 3.40202 11.5255 9.93678 2.83548 1.9271 1.5887 7.1013
internal_count=1842 1832 81 1751 1551 200 178 161 1526 1347 568 544 179 779
is_linear=0
shrinkage=0.05


Tree=264
num_leaves=15
num_cat=0
split_feature=14 34 13 14 7 14 19 14 14 9 14 9 9 31
split_gain=0.33502 0.275473 0.301788 0.220911 0.231535 0.196556 0.228805 0.195288 0.343201 0.220186 0.202014 0.176632 0.116923 0.112272
threshold=0.97846508026123058 1.0000000180025095e-35 0.75000000000000011 0.90128409862518322 1.0000000180025095e-35 0.97876101732254039 1.0000000180025095e-35 0.98220920562744152 0.98708567023277294 6.3864333629608163 0.99494275450706493 2.6942703723907475 0.87512877583503734 1.0000000180025095e-35
decision_type=2 2 2 2 2 2 2 2 2 2 2 2 2 2
left_child=1 2 12 11 -5 -2 7 -7 9 -9 -10 -4 -1 -8
right_child=5 -3 3 4 -6 6 13 8 10 -11 -12 -13 -14 -15
leaf_value=0.0082197740092708072 -0.025647329354440092 -0.01209719138065396 -0.018443970957939142 -0.010355718909950677 0.015789702128163725 0.018881974464226306 -0.015986034010667935 -0.020252903840960391 0.021298624185638201 0.0092525184614288998 -0.0087971651443950021 0.006539494641375411 -0.012692183275345959 0.005802359136508492
leaf_weight=0.15368995070457359 0.24580265878466789 0.95878667547367591 0.27950562350452013 0.25353792391251317 8.7819117196486349 0.6416750917269386 1.8970600075117547 1.3177564735524359 0.74415130278794084 0.2130575804185354 0.17012230010004714 0.77761800034204498 1.4036269570715374 0.19965935996151518
leaf_count=1 9 29 3 21 999 67 201 60 180 86 6 26 68 89
internal_value=0.00187044 0.00622968 0.00857506 0.0116743 0.0140972 -0.00764755 -0.00278432 0.00541624 -0.00257271 -0.014113 0.0140284 -0.00582096 -0.0082212 -0.0127075
internal_weight=18.038 12.6087 11.6499 10.0926 9.03545 5.42928 5.18348 3.08676 2.44509 1.53081 0.914274 1.05712 1.55732 2.09672
internal_count=1845 1147 1118 1049 1020 698 689 399 332 146 186 29 69 290
is_linear=0
shrinkage=0.05


Tree=265
num_leaves=15
num_cat=0
split_feature=3 5 11 14 3 14 13 14 3 14 3 14 14 11
split_gain=0.409066 0.286582 0.394616 0.270619 0.25898 0.213002 0.160189 0.181944 0.1547 0.141618 0.169671 0.172616 0.706863 0.108417
threshold=0.92050001025199901 0.75000000000000011 7.5000000000000009 0.95720818638801586 0.55500000715255748 0.930240958929062 0.75000000000000011 0.98481070995330822 0.32999999821186071 0.90128409862518322 0.26399999856948858 0.98009604215621959 0.97183942794799816 8.5000000000000018
decision_type=2 2 2 2 2 2 2 2 2 2 2 2 2 2
left_child=1 2 3 4 5 -1 -2 -8 -7 -4 -11 12 -12 -9
right_child=6 -3 9 -5 -6 8 7 13 -10 10 11 -13 -14 -15
leaf_value=-0.014509278311129525 0.01046028876146052 0.023792044116805376 -0.0038769701507234931 0.0085553478252838808 -0.02860813721471079 -0.0055552186993031672 -0.013454508567744619 -0.010089066242112383 0.017959098650739608 -0.0073617529630266958 0.021503318183279677 0.025120680405832565 -0.01805455337693641 0.0083933547605495647
leaf_weight=0.70056730508804399 0.27816682067350562 0.94670931936707425 1.0400820702780036 0.94316661474294949 0.89248827472329129 0.59790133684873559 5.9954285758940369 0.21236512846371614 0.61015374585986137 0.32128824479877938 1.5259837779158263 1.6936293657345229 1.0782196643413042 1.490824633190641
leaf_count=3 52 49 14 23 7 5 1052 13 22 3 82 54 24 429
internal_value=-5.60788e-05 0.00625465 0.00237183 -0.00888436 -0.0154624 -0.00159312 -0.00802908 -0.00982286 0.00907596 0.010035 0.0133 0.0159427 0.00466003 0.00320908
internal_weight=18.327 10.3502 9.40348 3.74428 2.80111 1.90862 7.97679 7.69862 1.20806 5.6592 4.61912 4.29783 2.6042 1.70319
internal_count=1832 286 237 60 37 30 1546 1494 27 177 163 160 106 442
is_linear=0
shrinkage=0.05


Tree=266
num_leaves=15
num_cat=0
split_feature=31 28 14 14 6 8 9 34 14 21 9 9 3 3
split_gain=0.218423 0.203422 0.161046 0.257264 0.129386 0.116491 0.113 0.0753389 0.0694043 0.0710912 0.062262 0.060106 0.0561092 0.0832407
threshold=1.0000000180025095e-35 1.0000000180025095e-35 0.91151106357574474 0.92699933052062999 1.0000000180025095e-35 0.75000000000000011 0.87512877583503734 1.0000000180025095e-35 0.99156674742698681 1.0000000180025095e-35 12.450982570648195 4.2947590351104745 0.86550000309944164 0.92599999904632579
decision_type=2 2 2 2 2 2 2 2 2 2 2 2 2 2
left_child=1 2 12 7 5 6 -5 -4 9 10 -8 -6 -1 -14
right_child=-2 -3 3 4 11 -7 8 -9 -10 -11 -12 -13 13 -15
leaf_value=-0.020733783486691165 0.015495294147738892 0.014839672700492929 0.018937986304107 0.0089656704946002135 -0.0022066189059244102 0.0077416763567500395 -0.010664240745412425 -0.0022423885489225937 0.0049353297756168004 0.0053119618910736025 0.0031590609447725857 0.013572870356733456 0.0086310039403082444 -0.0091112832726957162
leaf_weight=1.1667793737724519 0.50959426056942803 0.35245609650883025 0.59537967044161533 0.18462663795798562 0.65884421148803152 0.53088008328632064 11.902874474792036 0.31013605231419206 0.31059153458045408 0.20970018338266605 0.44360368051275223 0.36315722082508728 0.22634573467075814 0.45864740043180063
leaf_count=10 123 110 26 3 10 209 947 8 54 117 163 40 8 23
internal_value=-0.00310685 -0.0044414 -0.0056197 -0.00336499 -0.00530821 -0.00669801 -0.00779452 0.0143139 -0.00866423 -0.00933988 -0.00996809 0.00734001 -0.0167023 -0.00160568
internal_weight=18.2236 17.714 17.3616 15.5098 14.6043 13.5823 13.0514 0.905516 12.8668 12.5562 12.3465 1.022 1.85177 0.684993
internal_count=1851 1728 1618 1577 1543 1493 1284 34 1281 1227 1110 50 41 31
is_linear=0
shrinkage=0.05


Tree=267
num_leaves=15
num_cat=0
split_feature=3 14 11 14 3 28 12 4 35 14 3 9 12 4
split_gain=0.294984 0.218713 0.312031 0.674937 0.415515 0.221076 0.217456 0.217204 0.146173 0.241448 0.285644 0.163247 0.144118 0.138255
threshold=0.28300000727176672 0.98368009924888622 12.500000000000002 0.88813546299934398 0.31700000166893011 1.0000000180025095e-35 11.500000000000002 0.98135000467300426 1.0000000180025095e-35 0.930240958929062 0.87349998950958263 3.7255351543426518 8.0000000000000018 0.90404999256134044
decision_type=2 2 2 2 2 2 2 2 2 2 2 2 2 2
left_child=-1 2 5 -4 -5 8 -6 -3 9 -2 -11 -12 -9 -13
right_child=1 7 3 4 6 -7 -8 12 -10 10 11 13 -14 -15
leaf_value=0.017375631205389343 -0.018334029824812286 -0.018743501398938166 -0.019092677779719517 -0.0078011801119425676 0.033179717631828441 0.01565273588085651 0.00092992130438862911 0.012923069262653505 0.011392920955128153 0.0091582796136002662 -0.017367594995548175 -0.010922708168193249 -0.0079175421395548222 0.0087790092849549008
leaf_weight=1.486812181770804 2.2506763304118049 1.9188779596588568 0.55524115869775359 0.60165583738125894 2.0362143142483551 0.43020162967150177 0.70263929525390256 0.6669015015941111 0.28108858055929964 2.7070015496574342 1.7083734765037664 0.46953771729022253 0.72309951786883175 1.2857559022377243
leaf_count=12 43 110 6 7 393 110 42 355 51 64 55 15 69 499
internal_value=0.00131987 -0.00105926 0.00202779 0.0122832 0.0206956 -0.00312741 0.0273678 -0.0108639 -0.00557339 -0.00728886 -0.00126527 -0.0096384 0.00330492 0.00145732
internal_weight=17.8241 16.3373 13.0284 3.89575 3.34051 9.13264 2.73885 3.30888 8.70243 8.42134 6.17067 3.46367 1.39 1.75529
internal_count=1831 1819 1285 448 442 837 435 534 727 676 633 569 424 514
is_linear=0
shrinkage=0.05


Tree=268
num_leaves=15
num_cat=0
split_feature=5 14 11 9 12 14 9 11 14 11 4 14 9 14
split_gain=0.339426 0.63747 0.366244 0.364282 0.204764 0.203979 0.523513 0.232535 0.222578 0.208998 0.192837 0.166879 0.226307 0.273213
threshold=1.0000000180025095e-35 0.96137788891792308 10.500000000000002 5.4571702480316171 8.0000000000000018 0.95251977443695079 7.3861246109008798 8.5000000000000018 0.96137788891792308 26.500000000000004 0.97060000896453869 0.98715129494667064 5.9624669551849374 0.98220920562744152
decision_type=2 2 2 2 2 2 2 2 2 2 2 2 2 2
left_child=1 2 -1 -3 -4 6 -2 8 -7 -8 -10 12 13 -9
right_child=5 3 4 -5 -6 7 9 11 10 -11 -12 -13 -14 -15
leaf_value=-0.03029447217697653 0.022272369613061699 0.019590471362944843 0.015462416783637689 -0.013856211307495592 -0.01210260921210821 0.008554584722282663 -0.01628207546050163 0.0042006785583017124 -0.023588797917552206 0.010749445918756362 0.0032749554343836427 0.014146230924284665 0.014411617644232561 -0.018240705713023383
leaf_weight=2.2613014365779267 2.4659589107468487 1.3175296555273233 0.45876523386687029 0.40234458399936546 0.29683250468224287 0.4485961079553803 1.1939145049691431 2.2620689467730704 1.5259933146880942 0.24908116647566192 0.60982197814155359 1.5755113192426504 0.70253380906797236 1.5557172560438628
leaf_count=37 207 35 17 12 17 59 73 200 82 20 236 325 435 75
internal_value=-0.00136056 -0.0114992 -0.0228879 0.00954835 0.00390806 0.00301964 0.0111838 -0.00143241 -0.0116953 -0.00912591 -0.0173202 0.00395371 -0.00151783 -0.00683201
internal_weight=17.326 4.73677 3.0169 1.71987 0.755598 12.5892 3.90895 8.68024 2.58441 1.443 2.13582 6.09583 4.52032 3.81779
internal_count=1830 118 71 47 34 1712 300 1412 377 93 318 1035 710 275
is_linear=0
shrinkage=0.05


Tree=269
num_leaves=15
num_cat=0
split_feature=7 5 4 3 4 12 9 3 4 3 12 12 12 9
split_gain=0.225035 0.258493 0.245331 0.49812 0.403094 0.377425 0.331754 0.23483 0.323081 0.223689 0.336193 0.201734 0.188012 0.148022
threshold=1.0000000180025095e-35 1.0000000180025095e-35 0.86840000748634349 0.27700001001358038 0.97154998779296886 4.5000000000000009 1.5551638007164004 0.91749998927116405 0.87620002031326305 0.6120000183582307 1.5000000000000002 2.5000000000000004 13.500000000000002 12.342508792877199
decision_type=2 2 2 2 2 2 2 2 2 2 2 2 2 2
left_child=-1 9 3 -3 7 6 -6 8 -4 -2 -11 -9 -7 -13
right_child=1 2 4 -5 5 12 -8 11 -10 10 -12 13 -14 -15
leaf_value=-0.017373180782756653 0.0044045210488578151 -0.010971555392468815 -0.014313382302115386 0.022007824124392426 -0.0089880872085507189 -0.011919156101302949 0.030378695163270731 -0.017987118682082297 0.020635043597652409 -0.029224163021676006 0.00032366715295237833 0.014941174652650886 0.012114911961265051 -0.0092868060643755516
leaf_weight=0.5148126842686932 2.4723580093123045 0.84968499839305689 0.22795478999614704 3.5394009089795873 0.19983519776724312 1.3051946740815763 1.4505839237899634 2.941845122535597 0.63605605767224915 0.80877755256369743 2.0118088047020137 0.40595199525705528 0.31648174906149495 0.25773151963949203
leaf_count=44 41 5 1 63 5 254 910 230 48 7 62 91 68 20
internal_value=0.00123781 0.00270084 0.00657622 0.0147722 0.000771267 0.0122035 0.0240193 -0.0082991 0.0086823 -0.00581463 -0.0135804 -0.0133701 -0.00439677 0.00560579
internal_weight=17.9385 17.4237 12.1307 4.38909 7.74164 3.2721 1.65042 4.46954 0.864011 5.29294 2.82059 3.60553 1.62168 0.663684
internal_count=1849 1805 1695 68 1627 1237 915 390 49 110 69 341 322 111
is_linear=0
shrinkage=0.05


Tree=270
num_leaves=15
num_cat=0
split_feature=7 3 11 14 11 3 14 11 14 14 14 2 12 11
split_gain=0.135989 0.135497 0.284865 0.251941 0.403981 0.240512 0.417953 0.552623 0.178752 0.24047 0.231133 0.156667 0.135107 0.146474
threshold=1.0000000180025095e-35 0.95049998164176952 14.500000000000002 0.96757176518440258 16.000000000000004 0.27700001001358038 0.97876101732254039 36.500000000000007 0.99037733674049389 0.930240958929062 0.9275864064693452 1.0000000180025095e-35 1.5000000000000002 40.500000000000007
decision_type=2 2 2 2 2 2 2 2 2 2 2 2 2 2
left_child=-1 3 8 -2 -5 -6 -7 -8 9 10 -3 -11 13 -4
right_child=1 2 12 4 5 6 7 -9 -10 11 -12 -13 -14 -15
leaf_value=-0.017330976501497307 0.0016861781739422458 0.01232684305307658 0.015447253665889782 -0.025350049318863595 -0.016074805714032567 -0.013145867836256512 0.030818349433379397 -0.0099755632425445016 -0.0070826933744206171 0.027892771341592688 -0.016057041223789845 -0.0050857919010132389 -0.012018614805158898 -0.0086858384589338002
leaf_weight=0.51385299710091459 7.5112301546614635 0.4622585626784711 0.44291452946345122 1.9173238021612631 0.64523424208164248 0.90856193559011478 1.213242235171492 0.71575437451247115 0.36596196677419346 1.5971638229966627 0.42903350945562124 0.099314495921134838 1.8684471313390529 0.27025852585211396
leaf_count=45 232 30 282 109 3 22 31 23 55 795 6 1 179 10
internal_value=-0.00286798 -0.00159461 0.004443 -0.00431637 -0.0116245 -9.89712e-05 0.00677596 0.0174438 0.0132168 0.0172615 -0.00260193 0.024792 -0.00648281 0.00657015
internal_weight=18.9606 18.4467 5.53535 12.9113 5.40012 3.48279 2.83756 1.929 2.95373 2.58777 0.891292 1.69648 2.58162 0.713173
internal_count=1823 1778 1358 420 188 79 76 54 887 832 36 796 471 292
is_linear=0
shrinkage=0.05


Tree=271
num_leaves=15
num_cat=0
split_feature=14 14 4 4 23 11 12 14 4 4 12 14 4 14
split_gain=0.305862 0.430268 0.277067 0.202882 0.195834 0.239147 0.301161 0.287936 0.212317 0.349472 0.153834 0.151375 0.135879 0.12847
threshold=0.97846508026123058 0.96904006600379955 0.98135000467300426 0.99975001811981212 1.0000000180025095e-35 6.5000000000000009 1.0000000180025095e-35 0.95092076063156139 0.95274999737739574 0.97600001096725475 2.5000000000000004 0.94004181027412426 0.86840000748634349 0.88813546299934398
decision_type=2 2 2 2 2 2 2 2 2 2 2 2 2 2
left_child=1 4 -2 -4 5 7 12 -1 -8 -10 11 -6 -7 -14
right_child=2 -3 3 -5 10 6 8 -9 9 -11 -12 -13 13 -15
leaf_value=0.023711590490911139 -0.016564526842846081 0.024592367475879704 0.014735532072323896 -0.0084515935991413462 0.0042444170594106122 0.018704228375127124 -0.01886888673298897 -0.0059586853618659279 0.018693075822890922 -0.012061846776049929 0.0074532249616266651 -0.019677144304758531 -0.013904709241131947 0.0072882093835292946
leaf_weight=1.4635105623747242 3.1404829102393697 1.2071725983550994 0.99602250586030983 0.89801676420029253 0.47900976380333382 0.9238636527006745 1.6636875907715878 0.72539140509616107 0.68373215713654634 1.0677990606563978 0.38450760950217944 1.5757484384957932 0.2328722937963903 0.7452109478181228
leaf_count=52 155 322 406 135 10 23 69 102 72 143 16 50 3 256
internal_value=5.49541e-05 0.00462114 -0.00914968 0.00462025 0.000171658 0.00422823 -0.00192603 0.0150938 -0.00990396 0.00237419 -0.00991107 -0.0145366 0.0108758 -0.00223614
internal_weight=16.187 11.1525 5.03452 1.89404 9.94533 7.50607 5.31717 2.1889 3.41522 1.75153 2.43927 2.05476 1.90195 0.978083
internal_count=1814 1118 696 541 796 720 566 154 284 215 76 60 282 259
is_linear=0
shrinkage=0.05


Tree=272
num_leaves=15
num_cat=0
split_feature=7 14 14 14 3 11 3 9 3 9 4 3 14 4
split_gain=0.154023 0.150964 0.467648 0.303716 0.258156 0.185673 0.170173 0.247711 0.276879 0.138464 0.349436 0.293117 0.241144 0.230198
threshold=1.0000000180025095e-35 0.94687074422836315 0.95092076063156139 0.95720818638801586 0.27700001001358038 40.500000000000007 0.35149998962879186 2.2800099849700932 0.92050001025199901 1.0076929926872256 0.97154998779296886 0.32999999821186071 0.98247721791267406 0.99575001001358043
decision_type=2 2 2 2 2 2 2 2 2 2 2 2 2 2
left_child=-1 6 -3 -4 -5 9 -2 -8 -9 11 -11 12 -6 -12
right_child=1 2 3 4 5 -7 7 8 -10 10 13 -13 -14 -15
leaf_value=-0.016499272591630681 0.011491203061834293 0.026719056977886707 -0.019181711252927877 -0.015787091807257878 -0.011328366076508327 -0.011737245981681153 -0.01785000298944699 0.013322726692079427 -0.0080666110690168057 -0.010489351878985365 0.023246197139083061 0.024695480683549608 0.012374785712654185 -0.001621293870761812
leaf_weight=0.47699864069000142 0.47136148158461111 0.87370019230729568 0.82399501380859774 0.66177578829228778 1.20530382916331 0.51025114353979084 2.3244922898011282 1.4599664252018554 2.9307738510251511 2.3251155401085271 1.0117376260532185 1.6971108838915823 1.090214669704437 1.5068522949877659
leaf_count=44 6 68 71 4 10 28 32 56 193 234 483 38 10 586
internal_value=-0.000948007 0.000254307 0.003654 -0.000307261 0.00284799 0.00556573 -0.00505327 -0.00755347 0.000197642 0.00765656 0.00133864 0.0135179 0.000268082 0.0121358
internal_weight=19.3696 18.8927 11.7061 10.8324 10.0084 9.34659 7.18659 6.71523 4.39074 8.83633 4.84371 3.99263 2.29552 2.51859
internal_count=1863 1819 1532 1464 1393 1389 287 281 249 1361 1303 58 20 1069
is_linear=0
shrinkage=0.05


Tree=273
num_leaves=15
num_cat=0
split_feature=7 14 14 4 14 14 14 14 3 14 3 4 4 23
split_gain=0.194657 0.137053 0.277982 0.464602 0.369834 0.250496 0.178236 0.206357 0.169822 0.163614 0.272022 0.184391 0.362592 0.476039
threshold=1.0000000180025095e-35 0.98690772056579601 0.97876101732254039 0.98115000128746044 0.97846508026123058 0.98733773827552807 0.97246921062469494 0.96900102496147167 0.31700000166893011 0.95720818638801586 0.92050001025199901 0.97394999861717235 0.87620002031326305 1.0000000180025095e-35
decision_type=2 2 2 2 2 2 2 2 2 2 2 2 2 2
left_child=-1 2 4 -4 6 -3 7 9 -8 11 -11 12 13 -2
right_child=1 5 3 -5 -6 -7 8 -9 -10 10 -12 -13 -14 -15
leaf_value=-0.015892948756926973 0.0041604116148362359 -0.02093639864005932 0.030825643250315383 -0.0056565888358336112 -0.02460486143089002 0.003970572195966921 -0.002298857803402212 -0.015368222306441812 0.023627557513640842 0.024591335449675521 -0.0043406004489990454 -0.012113974596139273 0.01623337066820961 -0.025115041535820493
leaf_weight=0.45417928742245095 4.3262004569987713 0.60986618988681529 1.2739845445321401 0.98602964729070652 0.24806004784477487 2.0491211635671789 0.70509086549282141 0.68959932871803253 0.88818042352795601 0.95827276962518293 0.9524971968785394 1.4448393535276407 2.4223691174265696 0.90993098355829705
leaf_count=45 68 35 88 245 10 333 5 96 197 34 300 141 202 7
internal_value=0.00190705 0.00313893 0.0049208 0.018056 0.00163846 -0.00590274 0.00381478 0.00108995 0.0156919 0.00331382 0.0136327 1.29714e-05 0.00343567 -0.00413859
internal_weight=18.9182 18.464 15.8051 2.26001 13.545 2.65899 13.297 11.7037 1.59327 11.0141 1.91077 9.10334 7.6585 5.23613
internal_count=1806 1761 1393 333 1060 368 1050 848 202 752 334 418 277 75
is_linear=0
shrinkage=0.05


Tree=274
num_leaves=15
num_cat=0
split_feature=12 4 14 14 12 11 3 11 14 14 4 14 12 18
split_gain=0.533701 0.343687 0.482468 0.185197 0.171687 0.165901 0.152794 0.255336 0.139977 0.130042 0.457658 0.375867 0.218088 0.173858
threshold=1.5000000000000002 0.87620002031326305 0.98742127418518078 0.97922512888908397 8.0000000000000018 10.500000000000002 0.96149998903274547 14.500000000000002 0.98372873663902294 0.96373772621154796 0.95205000042915355 0.94826391339302074 5.5000000000000009 1.0000000180025095e-35
decision_type=2 2 2 2 2 2 2 2 2 2 2 2 2 2
left_child=1 2 -1 -3 9 -5 -6 -8 -7 10 11 -2 -12 -11
right_child=4 3 -4 5 6 8 7 -9 -10 13 12 -13 -14 -15
leaf_value=-0.022713076094716095 0.025427079312941921 0.012427713762956453 0.010596040088150393 -0.018523226505796533 -0.018402430973394234 -0.0089223858438936161 0.016026355888735199 -0.013720748164752002 0.01469100112227177 0.019134130477549503 -0.015935709363371894 -0.0071638889876599375 0.010562789344855793 -0.0061766846209802039
leaf_weight=5.96861263952451 1.3944172026676809 1.1583792333112799 0.68311195820569981 0.49393215226882581 0.56797981774434425 0.25512659232481383 0.62022766470909119 0.33755017444491386 0.41106980902259238 1.9051425297511744 2.3681288492662138 0.84138666263606854 0.25656624183466181 0.36253781453706313
leaf_count=97 45 557 8 34 43 35 65 5 141 588 122 25 36 7
internal_value=-0.00529097 -0.0132155 -0.0183546 0.00261641 0.00344127 -0.00839818 -0.00840955 0.00388918 0.0057204 0.00670043 0.00124407 0.0147387 -0.011146 0.0144357
internal_weight=17.6242 8.97023 6.65172 2.31851 8.65394 1.16013 1.52576 0.957778 0.666196 7.12818 4.8605 2.2358 2.6247 2.26768
internal_count=1808 872 105 767 936 210 113 70 176 823 228 70 158 595
is_linear=0
shrinkage=0.05


Tree=275
num_leaves=15
num_cat=0
split_feature=3 11 4 14 9 4 14 12 24 4 4 28 14 14
split_gain=0.43437 0.51547 0.469999 0.316952 0.261996 0.224729 0.198656 0.193386 0.155199 0.115879 0.110198 0.125522 0.181361 0.113641
threshold=0.27700001001358038 16.000000000000004 0.97124999761581432 0.90128409862518322 6.9260485172271737 0.98135000467300426 0.99156674742698681 8.0000000000000018 1.0000000180025095e-35 0.97785001993179332 0.97705000638961803 1.0000000180025095e-35 0.93461748957633983 0.97740703821182262
decision_type=2 2 2 2 2 2 2 2 2 2 2 2 2 2
left_child=-1 4 3 -3 8 -4 -5 -7 10 -10 11 -2 -13 -12
right_child=1 2 5 6 -6 7 -8 -9 9 -11 13 12 -14 -15
leaf_value=-0.027254023738283457 -0.01470528861812396 -0.0028834565451739576 -0.016556212730624235 0.029020293090651669 0.0087023023819103335 0.017742401989772765 -0.0039394675032752109 -0.010061570605476893 0.014552487537819535 -0.0078466879390955389 0.011173572060923984 0.015755239792911678 -0.011053715458007811 -0.0080039398808908879
leaf_weight=0.51532902382314461 6.7937379149952903 1.0112833867315192 1.0999547742467255 2.7988654142100136 1.7595309404205171 0.53543753483972967 0.26962675899267186 0.23231717944145203 0.4481826562550858 0.16308330131869297 0.53881793060281757 0.30343357060337428 0.27659393224166706 0.58511400381394196
leaf_count=4 235 11 59 151 596 376 2 4 53 17 164 4 28 109
internal_value=-0.00160897 0.000662565 0.0114457 0.0195763 -0.00570543 -0.0069477 0.0258677 0.0083967 -0.00907404 0.00741548 -0.0109161 -0.0129194 0.00406626 0.00212198
internal_weight=17.3313 16.816 5.94749 4.07978 10.8685 1.86771 3.06849 0.767755 9.10896 0.611266 8.4977 7.37377 0.580028 1.12393
internal_count=1813 1809 603 164 1206 439 153 380 610 70 540 267 32 273
is_linear=0
shrinkage=0.05


Tree=276
num_leaves=15
num_cat=0
split_feature=37 7 30 14 34 9 3 14 3 3 3 14 14 14
split_gain=0.51229 0.308805 0.262003 0.261042 0.380793 0.218788 0.393559 0.202314 0.212626 0.161067 0.395178 0.150216 0.213262 0.143225
threshold=1.0000000180025095e-35 1.0000000180025095e-35 1.0000000180025095e-35 0.96137788891792308 1.0000000180025095e-35 6.9260485172271737 0.91749998927116405 0.98707339167594921 0.29999999701976782 0.78099998831748974 0.62000000476837169 0.97255700826644909 0.97169688344001781 0.98481070995330822
decision_type=2 2 2 2 2 2 2 2 2 2 2 2 2 2
left_child=1 -1 3 4 9 6 7 8 -5 10 -3 12 -10 -8
right_child=-2 2 -4 5 -6 -7 13 -9 11 -11 -12 -13 -14 -15
leaf_value=-0.016438782528878194 -0.018314623029394503 0.0167482485283654 -0.012674891139731352 -0.0017346831058713632 -0.0077869614600562069 0.019125923137306919 -0.01697991353026793 -0.0061061651191881778 0.014420180820733958 0.027607400001104222 -0.01225772843092069 0.029527945189229479 -0.013727857271468365 0.004459822662477496
leaf_weight=0.47499415348284202 1.4187889335444186 2.8583423675736417 0.58968560805078674 1.2207943722605712 0.96427454240620125 0.59842145173752204 2.4106620415550428 1.1378158247680401 0.37149044396937803 2.8507645882782526 0.85301247128518287 0.90973071876214817 0.32383777014911175 0.5519630782000603
leaf_count=45 123 39 110 8 22 507 340 20 21 365 9 28 4 183
internal_value=0.00350119 0.00637962 0.00801881 0.00956872 0.0155893 0.00242447 -0.00124943 0.00827772 0.0141515 0.0195998 0.00889484 0.0222621 0.000945943 -0.0128681
internal_weight=17.5346 16.1158 15.6408 15.0511 7.52639 7.52472 6.92629 3.96367 2.82585 6.56212 3.71135 1.60506 0.695328 2.96263
internal_count=1824 1701 1656 1546 435 1111 604 81 61 413 48 53 25 523
is_linear=0
shrinkage=0.05


Tree=277
num_leaves=15
num_cat=0
split_feature=11 5 11 34 4 4 9 12 4 4 6 7 7 12
split_gain=0.227128 0.286157 0.246339 0.239329 0.160927 0.224618 0.205624 0.16717 0.125812 0.17557 0.183882 0.110913 0.0927743 0.0921682
threshold=11.500000000000002 0.75000000000000011 7.5000000000000009 1.0000000180025095e-35 0.9824500083923341 0.84700000286102306 10.734659671783449 8.0000000000000018 0.95724999904632579 0.97005000710487377 1.0000000180025095e-35 1.0000000180025095e-35 1.0000000180025095e-35 13.500000000000002
decision_type=2 2 2 2 2 2 2 2 2 2 2 2 2 2
left_child=1 2 -1 11 5 -2 -7 -6 -3 -10 12 -4 -11 -9
right_child=4 8 3 -5 7 6 -8 13 9 10 -12 -13 -14 -15
leaf_value=-0.0096910019072124348 -0.00083539554749877576 0.021383822013079364 -0.0044833745237573795 -0.010688457514636181 0.015569712383462608 -0.020794930568666648 0.0081514283125017298 -0.014402640330696931 -0.0080983204057520769 -0.0038772624556411266 -0.0069584646792903125 0.023417826644353663 0.022916651652480375 0.0042227929663813382
leaf_weight=4.0254643584776222 3.4705453275528253 1.1620175618154465 0.096242698375135438 0.24108143150806427 0.59497803528211068 3.4360295600490649 0.17478298561763939 0.38053642120212294 1.1095208737388023 0.082048916257917881 0.37302015401655808 0.75748719513649121 0.79088394524296723 0.62164373893756419
leaf_count=93 57 121 8 3 413 217 9 18 82 7 16 190 537 76
internal_value=-0.00239638 0.00318692 -0.0042033 0.0109683 -0.00770858 -0.0106919 -0.0179298 0.0045426 0.0124937 0.00304219 0.0121514 0.0195507 0.0196727 -0.00651065
internal_weight=17.3163 8.63777 5.12028 1.09481 8.67852 7.08136 3.61081 1.59716 3.51749 2.35547 1.24595 0.85373 0.872933 1.00218
internal_count=1847 1057 294 201 790 283 226 507 763 642 560 198 544 94
is_linear=0
shrinkage=0.05


Tree=278
num_leaves=15
num_cat=0
split_feature=14 14 14 9 14 14 3 4 14 9 15 3 2 14
split_gain=0.2075 0.48931 0.20574 0.248934 0.246052 0.375846 0.24329 0.252753 0.193436 0.149354 0.236355 0.174545 0.146254 0.139887
threshold=0.98690772056579601 0.98247721791267406 0.98230367898941051 2.8171484470367436 0.94826391339302074 0.95720818638801586 0.31700000166893011 0.95875000953674328 0.96904006600379955 4.0992836952209482 1.0000000180025095e-35 0.95449998974800121 1.0000000180025095e-35 0.98733773827552807
decision_type=2 2 2 2 2 2 2 2 2 2 2 2 2 2
left_child=1 2 3 4 -1 -6 -7 -8 9 -5 11 -11 -3 -2
right_child=13 12 -4 8 5 6 7 -9 -10 10 -12 -13 -14 -15
leaf_value=0.015325713094085459 -0.021573901672809228 0.027327099667099314 -0.019724407151293841 -0.015008958579683047 -0.019462851001192789 -0.006686155246602681 0.022302227410783845 -0.007763061353082897 0.0089972977929929469 0.0092052941169420699 0.016517343235417755 -0.012987538911315663 -0.0049236752895336485 -0.0011528288211045078
leaf_weight=3.2348975360509975 0.63589990854961742 1.2168426400166925 0.32096905603248238 3.1457258607406402 0.94139031646773208 1.3390680896118285 1.5461101245600728 0.39397208382433735 1.0520895776535324 0.44593528698897045 0.48614345742680587 1.9604831233154982 0.096302062273025402 1.970768619852606
leaf_count=56 37 214 19 114 18 12 39 31 416 32 474 75 1 302
internal_value=0.000176803 0.00245728 -0.000817191 0.000841972 0.00679337 -0.00142934 0.00708623 0.015633 -0.00548204 -0.00892476 -0.000152082 -0.00737993 0.0238559 -0.010735
internal_weight=18.7866 16.1799 14.8668 14.5458 7.45544 4.22054 3.27915 1.94008 7.09038 6.03829 2.89256 2.40642 1.31314 2.60667
internal_count=1840 1501 1286 1267 156 100 82 70 1111 695 581 107 215 339
is_linear=0
shrinkage=0.05


Tree=279
num_leaves=15
num_cat=0
split_feature=9 3 9 9 5 36 9 9 29 14 14 3 3 4
split_gain=0.531362 0.238841 0.233289 0.302749 0.238785 0.200059 0.244496 0.172498 0.166961 0.146352 0.399005 0.406696 0.287096 0.13502
threshold=2.1465229988098149 0.58100000023841869 2.8171484470367436 3.5444744825363164 1.0000000180025095e-35 1.0000000180025095e-35 7.3861246109008798 10.734659671783449 1.0000000180025095e-35 0.97876101732254039 0.94826391339302074 0.31700000166893011 0.35149998962879186 0.88969999551773082
decision_type=2 2 2 2 2 2 2 2 2 2 2 2 2 2
left_child=1 9 -2 13 -5 6 8 -8 -6 10 12 -12 -1 -4
right_child=2 -3 3 4 5 -7 7 -9 -10 -11 11 -13 -14 -15
leaf_value=0.021375879180413646 0.022993523293860334 -0.020683937573981959 -0.022544956871012212 -0.0067852760118277721 0.028742277040952058 -0.0066177483871723859 -0.0076263504646426469 0.012801238412633892 -0.003629760027608116 0.0054832412451855904 -0.033041841423489787 0.0054616187329004492 -0.0061356074568407019 0.0005531218259728389
leaf_weight=0.53267231024801986 0.67324632300005571 2.7448055187851423 0.51684205653145898 1.6351837187539784 1.7417157366580793 0.6603055378072894 1.3146199930633886 0.89227032156486519 0.22491483109479293 2.0495674982666969 1.063788868486881 0.65658922027796496 1.6753984838724134 1.0055371705675495
leaf_count=7 60 84 6 60 644 61 383 322 47 21 9 26 30 67
internal_value=-0.00250639 -0.0106484 0.00594398 0.00211008 0.00697018 0.0119888 0.0156428 0.00204912 0.0250645 -0.00373676 -0.0086836 -0.021741 0.00509559 -0.0131177
internal_weight=17.3875 8.72282 8.66464 7.99139 6.46901 4.83383 4.17352 2.20689 1.96663 5.97802 3.92845 1.72038 2.20807 1.52238
internal_count=1827 177 1650 1590 1517 1457 1396 705 691 93 72 35 37 73
is_linear=0
shrinkage=0.05


Tree=280
num_leaves=15
num_cat=0
split_feature=3 37 3 13 14 14 14 11 14 12 3 13 3 8
split_gain=0.295816 0.285534 0.4174 0.302225 0.237399 0.268801 0.329899 0.281781 0.369208 0.181837 0.153481 0.133997 0.0858814 0.0716536
threshold=0.92050001025199901 1.0000000180025095e-35 0.68149998784065258 0.75000000000000011 0.98707339167594921 0.97876101732254039 0.97645366191864025 7.5000000000000009 0.93121567368507396 13.500000000000002 0.96149998903274547 0.75000000000000011 0.6120000183582307 0.75000000000000011
decision_type=2 2 2 2 2 2 2 2 2 2 2 2 2 2
left_child=1 2 3 -1 5 6 7 8 -5 11 -11 -2 -10 -13
right_child=9 -3 -4 4 -6 -7 -8 -9 12 10 -12 13 -14 -15
leaf_value=-0.015447724345516152 0.0098208440287993349 -0.01446215662180729 0.026520447601000668 -0.01718252700940482 -0.0084315300201788512 0.027490521386950947 -0.014687232771471116 0.025286553377396222 0.017112546389037527 -0.007753752645244312 0.018667007006466101 -0.0098891092405171289 -0.00087571524427373861 0.0059717519745123822
leaf_weight=0.76927210902795184 0.26786827146133951 0.39564909879118282 2.0006952711555641 0.86332754790783006 1.0978211350739 0.95084574446082104 0.83575792703777541 0.91006797400768835 1.0020472947508094 0.18006309634074558 0.52893216127995402 6.4761033741597185 0.85365210473537434 0.13521894568475534
leaf_count=12 54 26 152 4 10 12 8 22 31 13 62 1209 5 207
internal_value=0.00299184 0.00842422 0.0107111 0.00369051 0.00770597 0.0117815 0.00401786 0.0105678 0.000166759 -0.00411153 0.0113462 -0.00694249 0.0114287 -0.00882275
internal_weight=17.2673 9.67914 9.28349 7.28279 6.51352 5.4157 4.46485 3.62909 2.71903 7.58819 0.708995 6.87919 1.8557 6.61132
internal_count=1827 282 256 104 92 82 70 62 40 1545 75 1470 36 1416
is_linear=0
shrinkage=0.05


Tree=281
num_leaves=15
num_cat=0
split_feature=14 14 11 4 15 14 14 11 14 1 3 3 3 3
split_gain=0.218939 0.444318 0.443647 0.292236 0.169457 0.230414 0.410078 0.327558 0.252073 0.1858 0.132976 0.157198 0.122823 0.116531
threshold=0.98220920562744152 0.9766443967819215 17.500000000000004 0.97154998779296886 1.0000000180025095e-35 0.92844375967979442 0.95092076063156139 4.5000000000000009 0.95720818638801586 1.0000000180025095e-35 0.62000000476837169 0.77549999952316295 0.88699999451637279 0.91749998927116405
decision_type=2 2 2 2 2 2 2 2 2 2 2 2 2 2
left_child=1 4 -3 -2 -1 -6 7 -7 12 -9 -11 -12 -8 -10
right_child=3 2 -4 -5 5 6 8 9 13 10 11 -13 -14 -15
leaf_value=-0.009202186341002486 -0.020856109528860849 -0.0089116739877715852 0.030807410449107727 0.0027794831486883105 -0.011972715311531457 -0.0083923216121914983 -0.023145396910935204 -0.0046126262803320292 0.01144866422632807 0.03500769322245547 -0.011668972593398877 0.013274096210802111 0.0042276071033404338 -0.0044229025031396968
leaf_weight=4.319845497018834 1.8911775242304423 0.50062214391800708 1.1813706958782857 2.010069692034449 1.2488943428616037 0.3929418760526463 0.72332954191369969 0.18312687426805507 1.3641232000663879 1.2280838217120611 0.20436402549967181 0.35644982389931101 0.18521791069360916 1.4847451245113914
leaf_count=156 65 101 80 522 22 20 10 5 52 26 2 163 60 555
internal_value=-0.001531 0.0016666 0.0200706 -0.0105957 -0.00235402 0.00227911 0.00645914 0.0192586 -0.00395178 0.0257382 0.0293851 0.00253198 -0.0182739 0.00417688
internal_weight=17.2744 13.3731 1.68199 3.90125 11.6911 7.37128 6.12238 2.36497 3.75742 1.97202 1.7889 0.560814 0.908547 2.84887
internal_count=1839 1252 181 587 1071 915 893 216 677 196 191 165 70 607
is_linear=0
shrinkage=0.05


Tree=282
num_leaves=15
num_cat=0
split_feature=3 3 4 23 15 14 14 14 14 11 4 12 4 4
split_gain=0.253786 0.480668 0.433304 0.380816 0.226767 0.346297 0.196338 0.554929 0.175809 0.233018 0.154452 0.148828 0.138841 0.132366
threshold=0.75499999523162853 0.36599999666213995 0.95274999737739574 1.0000000180025095e-35 1.0000000180025095e-35 0.9465140998363496 0.97876101732254039 0.94826391339302074 0.98341789841651928 13.500000000000002 0.98135000467300426 8.0000000000000018 0.9178999960422517 0.97025001049041759
decision_type=2 2 2 2 2 2 2 2 2 2 2 2 2 2
left_child=1 6 4 -3 -2 -6 7 -1 9 -4 13 -12 -7 -10
right_child=2 3 8 -5 5 12 -8 -9 10 -11 11 -13 -14 -15
leaf_value=0.012168517444758102 -0.02355396622126938 0.024878428324016998 0.0007793177566646183 -0.0077540754740228271 0.017720031562705719 -0.01981903709009597 0.0063334774715670316 -0.027188807588825383 0.0061208561421614563 0.022450682066622454 0.014628050997691301 -0.0073472936808138605 0.0065449123395547697 -0.02020857164392699
leaf_weight=0.76903398707509341 1.961225613311397 3.0803458746813708 3.2712217854059418 0.63763349689543236 0.55685590766370296 0.71901843049272429 1.6624215831980107 1.1653724256902931 0.13774769514566321 1.0755363362404748 0.56699645019398281 0.65198170440271497 0.14898606811766513 0.7845533583604265
leaf_count=10 59 75 654 10 54 33 18 13 31 314 354 69 80 57
internal_value=0.00171698 0.00821778 -0.0034117 0.0188246 -0.0156655 0.000428173 -0.00445633 -0.0127274 0.00422154 0.00933759 -0.00583036 0.00486012 -0.0142126 -0.0151377
internal_weight=17.1889 7.31481 9.87412 3.71798 3.38609 1.42486 3.59683 1.93441 6.48804 4.34676 2.14128 1.21898 0.868004 0.922301
internal_count=1831 126 1705 85 226 167 41 23 1479 968 511 423 113 88
is_linear=0
shrinkage=0.05


Tree=283
num_leaves=15
num_cat=0
split_feature=37 14 3 14 3 30 14 14 23 14 11 3 14 14
split_gain=0.322572 0.284721 0.428327 0.3756 0.361242 0.334194 0.289969 0.508486 0.549862 0.520824 0.168138 0.137093 0.10013 0.252622
threshold=1.0000000180025095e-35 0.98481070995330822 0.91749998927116405 0.91946774721145641 0.27700001001358038 1.0000000180025095e-35 0.91151106357574474 0.95092076063156139 1.0000000180025095e-35 0.95720818638801586 4.5000000000000009 0.29999999701976782 0.97246921062469494 0.97169688344001781
decision_type=2 2 2 2 2 2 2 2 2 2 2 2 2 2
left_child=1 2 5 -4 -3 6 -1 8 -8 -9 -5 -11 13 -13
right_child=-2 4 3 10 -6 -7 7 9 -10 11 -12 12 -14 -15
leaf_value=-0.0066128135728053348 -0.013524682072418779 -0.010774909678357017 0.01703270495700852 0.008820244308880329 0.028719190564355054 -0.013811353329665219 0.039902477349863102 -0.020356385752865018 -0.0078008026778736035 -0.00059071299329218534 -0.014155093062615753 0.015155171871770604 0.026086377635250381 -0.014348609797975795
leaf_weight=0.99244469194672813 1.3845962802879519 0.19075962901115318 0.4818002743704709 0.24207687719172089 1.3991101758729199 0.47922847271547642 1.8842142909124961 0.69939763890579376 0.40067562402691681 1.2308164611458781 4.6781528472492937 0.60970202460885026 0.81517446815269068 0.33881014259532094
leaf_count=19 122 1 34 59 417 16 68 10 8 8 999 37 38 8
internal_value=0.00397097 0.00641548 0.00310413 -0.00690098 0.0216498 0.0103166 0.0134998 0.0173076 0.0317091 0.00354187 -0.0117258 0.0128223 0.0190096 0.00266113
internal_weight=15.827 14.4424 12.8525 5.40203 1.58987 7.45046 6.97124 5.97879 2.28489 3.6939 4.92023 2.9945 1.76369 0.948512
internal_count=1844 1722 1304 1092 418 212 196 177 76 101 1058 91 83 45
is_linear=0
shrinkage=0.05


Tree=284
num_leaves=15
num_cat=0
split_feature=11 14 14 2 3 9 14 7 3 14 14 9 12 14
split_gain=0.226842 0.68744 0.434972 0.229638 0.252884 0.246411 0.222578 0.232223 0.200125 0.148276 0.374428 0.144584 0.109339 0.127266
threshold=7.5000000000000009 0.930240958929062 0.96757176518440258 1.0000000180025095e-35 0.27700001001358038 7.3861246109008798 0.99207726120948803 1.0000000180025095e-35 0.32999999821186071 0.97246921062469494 0.97660115361213695 8.8445467948913592 8.0000000000000018 0.88813546299934398
decision_type=2 2 2 2 2 2 2 2 2 2 2 2 2 2
left_child=1 -1 8 4 -2 6 7 -6 -3 -4 -11 -7 13 -13
right_child=3 2 9 -5 5 11 -8 -9 -10 10 -12 12 -14 -15
leaf_value=-0.02757332408951961 -0.0088995619513421373 -0.0061916951265587796 -0.020590983991285797 -0.0085141707580094188 -0.0083213549149254353 -0.01163676383577107 -0.0086761231683040538 0.021836899342071364 0.017586910245142296 0.019894187830546334 -0.015725951515735807 -0.0041008748521757163 -0.0054198432388417109 0.019923248942860874
leaf_weight=1.1209529314655835 0.78727121930569133 0.57425963133573565 0.73334551245352464 1.0705924397334463 0.19415679154917409 0.73822707594081327 0.20534465042874206 5.8083404440840241 3.3183492239331827 0.42107297066104366 0.54369097764720209 0.3982648719102142 0.58345490728970606 0.63435705426672939
leaf_count=12 5 5 91 28 14 133 18 746 266 68 55 6 72 331
internal_value=0.00379349 -0.00310942 0.00523507 0.00812269 0.0106664 0.013208 0.0177971 0.0198124 0.0135304 -0.0117476 0.00203337 -0.00059083 0.00697438 0.0131985
internal_weight=17.1317 6.71167 5.59072 10.42 9.34942 8.56215 6.20784 6.0025 3.89261 1.69811 0.964764 2.3543 1.61608 1.03262
internal_count=1850 497 485 1353 1325 1320 778 760 271 214 123 542 409 337
is_linear=0
shrinkage=0.05


Tree=285
num_leaves=15
num_cat=0
split_feature=7 36 14 28 18 37 12 17 19 12 33 29 14 11
split_gain=0.216777 0.200831 0.270734 0.187012 0.186163 0.139954 0.172297 0.135795 0.14605 0.187964 0.125086 0.126987 0.106998 0.155381
threshold=1.0000000180025095e-35 1.0000000180025095e-35 0.95720818638801586 1.0000000180025095e-35 1.0000000180025095e-35 1.0000000180025095e-35 13.500000000000002 1.0000000180025095e-35 1.0000000180025095e-35 5.5000000000000009 1.0000000180025095e-35 1.0000000180025095e-35 0.98733773827552807 18.500000000000004
decision_type=2 2 2 2 2 2 2 2 2 2 2 2 2 2
left_child=-1 2 3 7 5 10 -7 8 9 -2 11 -4 -3 -14
right_child=1 12 4 -5 -6 6 -8 -9 -10 -11 -12 -13 13 -15
leaf_value=-0.017526326787419295 -0.011212811813821281 -0.0086010826464198303 0.024441197959251558 0.016195841930700696 -0.0072371810160213358 -0.013622423470740198 0.010491928901433401 0.011834268250868498 0.0093476266656853518 0.01028507832941598 -0.0012527901076693723 -0.0031748478172649933 -0.0096598536727505249 0.015855646439537806
leaf_weight=0.52265310275834309 5.6474378547791293 4.2036799095221786 3.0352899933750459 0.3568721854535396 0.43784114345908154 0.35570780793204893 0.63538956549018621 0.2858933750540017 0.51038538761349617 0.39779076269769564 0.53576546127442259 0.22699626024404995 0.1755305379629134 0.41776807425776497
leaf_count=45 158 71 994 33 6 18 78 11 154 45 86 75 1 48
internal_value=0.000636136 0.00211888 0.00538115 -0.00107927 0.0130227 0.0158051 -0.000657745 -0.00393087 -0.00609369 -0.00853912 0.0193428 0.0222256 -0.00580183 0.00698185
internal_weight=17.745 17.2223 12.4254 7.19838 5.22699 4.78915 0.991097 6.84151 6.55561 6.04523 3.79805 3.26229 4.79698 0.593299
internal_count=1823 1778 1658 401 1257 1251 96 368 357 203 1155 1069 120 49
is_linear=0
shrinkage=0.05


Tree=286
num_leaves=15
num_cat=0
split_feature=9 14 3 11 3 12 3 11 11 14 2 12 9 14
split_gain=0.323191 0.300409 0.202115 0.426116 0.374064 0.184469 0.28435 0.479106 0.184204 0.155683 0.128106 0.121086 0.111512 0.101927
threshold=2.9083033800125127 0.930240958929062 0.55500000715255748 20.500000000000004 0.32999999821186071 4.5000000000000009 0.99849998950958263 5.5000000000000009 5.5000000000000009 0.97876101732254039 1.0000000180025095e-35 2.5000000000000004 4.2597372531890878 0.97711780667305004
decision_type=2 2 2 2 2 2 2 2 2 2 2 2 2 2
left_child=1 -1 4 8 9 6 7 12 -4 -3 -9 -8 -2 -7
right_child=5 2 3 -5 -6 13 11 10 -10 -11 -12 -13 -14 -15
leaf_value=-0.022864291849595229 -0.014643348720642128 -0.013804193553859099 0.0026987007393779877 0.014236951409271482 0.019893544421241402 -0.012038415286717837 -0.0090079558801382797 0.030031036372080284 -0.026534544291927933 0.0043293729929727758 -0.0019186710381161789 0.010036887334351518 0.0065548473534728733 0.0034689687751238846
leaf_weight=2.1624626491684484 0.61973282112739925 1.6088816537521782 0.46793354267720166 0.4039019609481328 1.1075654589803887 1.4698310343665073 1.9227824511945075 1.7341619520448146 1.5165149124950401 1.4967276295647023 0.2246368946507572 0.24755875025948615 0.28066970211511943 1.2393653198887475
leaf_count=19 10 14 14 69 58 110 568 314 75 14 9 201 75 278
internal_value=-0.00398483 -0.0100789 -0.00343393 -0.0126391 0.00320778 0.00328023 0.00839693 0.0166968 -0.0210468 -0.00613898 0.0269569 -0.00435495 -0.00806341 -0.00592165
internal_weight=16.5027 8.76399 6.60153 2.38835 4.21317 7.73874 5.02954 2.8592 1.98445 3.10561 1.9588 2.17034 0.900403 2.7092
internal_count=1828 263 244 158 86 1565 1177 408 89 28 323 769 85 388
is_linear=0
shrinkage=0.05


Tree=287
num_leaves=15
num_cat=0
split_feature=3 2 14 14 28 4 24 14 14 3 12 14 33 6
split_gain=0.377003 0.260721 0.220237 0.244825 0.188707 0.174627 0.202433 0.187691 0.330034 0.153031 0.151582 0.139539 0.140227 0.195108
threshold=0.95049998164176952 1.0000000180025095e-35 0.97645366191864025 0.97249093651771557 1.0000000180025095e-35 0.96674999594688427 1.0000000180025095e-35 0.92844375967979442 0.91534283757209789 0.88699999451637279 2.5000000000000004 0.99035143852233898 1.0000000180025095e-35 1.0000000180025095e-35
decision_type=2 2 2 2 2 2 2 2 2 2 2 2 2 2
left_child=2 11 3 4 5 6 7 8 -1 -7 -9 12 13 -2
right_child=1 -3 -4 -5 -6 9 -8 10 -10 -11 -12 -13 -14 -15
leaf_value=-0.011153413207874349 0.024333688267613882 -0.013045790718964093 -0.01420013955430019 0.018906201504049206 0.014234634870219254 -0.0083135054627293363 0.011147765544041378 -0.018817988609378229 0.017441710600107588 0.016997484786410423 0.0046183214531009022 -0.005215425473150871 -4.0541005374285296e-05 -0.0040926331560543969
leaf_weight=1.4456736783613453 2.5102853413118278 0.30994349438697089 3.903786011360352 0.38277750998531779 0.35682434026966792 0.21413891215343017 0.35892140536452632 3.9644680730561959 0.7197861932509112 0.55951052244927268 0.40140035556396458 0.43559415898926079 1.0784876701654864 0.41637928548152547
leaf_count=27 1147 5 126 30 11 7 39 111 16 72 17 106 91 19
internal_value=-0.00121191 0.00955724 -0.00577468 -0.000766828 -0.00369748 -0.006079 -0.00875534 -0.0111841 0.000858771 0.00925437 -0.0162041 0.0132427 0.0158911 0.0202771
internal_weight=17.058 4.75069 12.3073 8.4035 8.02072 7.6639 6.89025 6.53133 2.16546 0.773649 4.36587 4.44075 4.00515 2.92666
internal_count=1824 1368 456 330 300 289 210 171 43 79 128 1363 1257 1166
is_linear=0
shrinkage=0.05


Tree=288
num_leaves=15
num_cat=0
split_feature=11 12 14 2 12 14 3 14 3 14 14 14 3 11
split_gain=0.274471 0.244327 0.307019 0.236208 0.154214 0.211623 0.342971 0.327942 0.288055 0.306077 0.258863 0.31776 0.145649 0.269568
threshold=7.5000000000000009 1.5000000000000002 0.92844375967979442 1.0000000180025095e-35 8.0000000000000018 0.98372873663902294 0.27700001001358038 0.982448309659958 0.75499999523162853 0.94521561264991771 0.94521561264991771 0.97876101732254039 0.96149998903274547 14.500000000000002
decision_type=2 2 2 2 2 2 2 2 2 2 2 2 2 2
left_child=1 2 -1 4 5 7 -7 8 10 -10 -2 -12 -6 -14
right_child=3 -3 -4 -5 12 6 -8 -9 9 -11 11 -13 13 -15
leaf_value=0.0063412146229777566 0.029905311779100986 -0.00010875836831637109 -0.025076098818049265 -0.013089556742080162 -0.016705214670590284 -0.010503618619738449 0.028300280353822801 -0.017816271837586013 -0.011063830220151239 0.014957289366973398 -0.011994045906683343 0.018307228296962092 0.017344345847056346 -0.013523881335806369
leaf_weight=0.57424796372652354 0.90950201099621919 3.4023243795381859 2.2004238791996613 1.0340305550489564 0.49061950389295794 0.1871984302997588 1.2546478910371659 0.59563057489867777 2.3417447460524277 0.72788701381068666 1.0223413653438909 0.51668657828122366 0.58573932899162173 0.33267917856574059
leaf_count=5 12 232 244 30 41 1 438 33 134 551 23 9 76 5
internal_value=-0.00235214 -0.00985793 -0.0186166 0.00275947 0.00571771 0.00846175 0.021024 0.00296021 0.0075921 -0.0027344 0.0175769 0.00138253 -0.0064011 0.00494189
internal_weight=16.1757 6.177 2.77467 9.99871 8.96468 7.55564 1.44185 6.11379 5.51816 3.06963 2.44853 1.53903 1.40904 0.918419
internal_count=1834 481 249 1353 1323 1201 439 762 729 685 44 32 122 81
is_linear=0
shrinkage=0.05


Tree=289
num_leaves=15
num_cat=0
split_feature=14 14 12 3 3 14 7 14 14 4 11 3 11 9
split_gain=0.249239 0.391967 0.183418 0.155405 0.197756 0.319689 0.248172 0.166953 0.295843 0.15279 0.139833 0.436575 0.243922 0.133101
threshold=0.98733773827552807 0.98220920562744152 8.0000000000000018 0.27700001001358038 0.31700000166893011 0.95720818638801586 1.0000000180025095e-35 0.95092076063156139 0.94687074422836315 0.99825000762939464 7.5000000000000009 0.75499999523162853 14.500000000000002 6.3864333629608163
decision_type=2 2 2 2 2 2 2 2 2 2 2 2 2 2
left_child=1 3 -2 -1 -5 7 -7 8 10 -8 -6 -12 -13 -3
right_child=2 13 -4 4 5 6 9 -9 -10 -11 11 12 -14 -15
leaf_value=0.016617126110921112 0.021975720140638453 -0.021463685159158939 -0.0058161808801374427 -0.013068283502724607 -0.011602222905270927 -0.010897690064739615 0.019709030117322123 -0.017075686132321643 0.019107878225219657 -0.0052770226949166339 0.022868025419907956 0.0078978257179354895 -0.014906135442710026 0.0034155355120377936
leaf_weight=0.50348631013185041 0.96495785791921551 1.9432034025230671 0.35702940123155713 1.5283252466469992 2.4873192160594026 0.2723910283530081 3.0466377610064286 0.79785089072538529 0.6545910034328698 0.29252833212376561 0.70385785121470723 1.0870041278249121 2.1309909445990343 0.35547193310048886
leaf_count=5 264 114 39 13 79 29 557 75 71 221 15 104 85 156
internal_value=-0.000166132 -0.00227926 0.0151976 0.00139555 -0.000338619 0.00226885 0.0128088 -0.00347214 -8.58744e-06 0.0168084 -0.00427645 0.001783 -0.007157 -0.0177472
internal_weight=17.1256 15.8037 1.32199 13.505 13.0015 11.4732 3.61156 7.86161 7.06376 3.33917 6.40917 3.92185 3.218 2.29868
internal_count=1827 1524 303 1254 1249 1236 807 429 354 778 283 204 189 270
is_linear=0
shrinkage=0.05


Tree=290
num_leaves=15
num_cat=0
split_feature=9 14 14 9 9 11 14 15 14 9 12 9 14 14
split_gain=0.262024 0.352756 0.453337 0.334812 0.213311 0.206869 0.214739 0.305423 0.177765 0.136819 0.198875 0.127478 0.109546 0.194753
threshold=2.1465229988098149 0.930240958929062 0.97846508026123058 2.8171484470367436 2.9083033800125127 27.500000000000004 0.91946774721145641 1.0000000180025095e-35 0.98860141634941112 3.3852339982986455 4.5000000000000009 6.3545753955841073 0.9766443967819215 0.94826391339302074
decision_type=2 2 2 2 2 2 2 2 2 2 2 2 2 2
left_child=1 -1 12 -2 -5 6 11 -8 -4 -9 -11 -6 13 -3
right_child=3 2 8 4 5 -7 7 9 -10 10 -12 -13 -14 -15
leaf_value=-0.027079442377088758 0.022158807619361013 0.011471146233941109 -0.022031823221623371 -0.017774102669523228 -0.0053005223019013089 0.017953680359553664 -0.014471740582902685 -0.0087885119746814091 0.0037127269333961932 0.016275866570658323 -0.0098223126377254069 0.018632254067654577 0.017591605322690249 -0.007089127663497747
leaf_weight=1.3357471609488145 0.67919060825079114 1.5050934599712493 2.0454430233512544 0.77365091053070312 0.294653630669927 0.55068181347451162 3.2770833424729062 0.40016892639687318 0.53004823256924272 1.7708039240897053 0.24802999017265381 0.72112016705796123 0.48189853248186398 2.2607781505794264
leaf_count=11 65 33 44 16 12 239 455 22 24 763 42 37 9 56
internal_value=-0.00423012 -0.0101515 -0.0037998 0.00178755 -0.00219585 0.00141396 -0.00209515 -0.00617727 -0.0171769 0.00600564 0.0108779 0.0125044 0.0060386 0.00117926
internal_weight=16.8744 8.15901 6.82326 8.71538 8.03619 7.26254 6.71186 5.69609 2.57549 2.419 2.01883 1.01577 4.24777 3.76587
internal_count=1828 177 166 1651 1586 1570 1331 1282 68 827 805 49 98 89
is_linear=0
shrinkage=0.05


Tree=291
num_leaves=15
num_cat=0
split_feature=3 9 37 7 9 33 4 11 3 14 14 14 14 4
split_gain=0.529432 0.428834 0.189629 0.177423 0.145044 0.173143 0.208963 0.137652 0.243168 0.225255 0.198339 0.196688 0.155315 0.152682
threshold=0.28300000727176672 4.0384509563446054 1.0000000180025095e-35 1.0000000180025095e-35 12.342508792877199 1.0000000180025095e-35 0.97124999761581432 7.5000000000000009 0.75499999523162853 0.94687074422836315 0.94433107972145092 0.94826391339302074 0.97876101732254039 0.98135000467300426
decision_type=2 2 2 2 2 2 2 2 2 2 2 2 2 2
left_child=-1 7 3 -3 5 -5 -7 9 10 -2 -9 -11 -12 -10
right_child=1 2 -4 4 -6 6 -8 8 13 11 12 -13 -14 -15
leaf_value=0.022903146683436969 -0.023714972426741331 -0.0087892299331622792 -0.0056022281225465752 0.025777911421232032 -0.0049202391070042838 0.015911693280695256 -0.0095526345657312734 0.019324638319018969 -0.01546518784162283 0.015007130503419897 -0.01339609578412751 -0.00809884367278795 0.0081841336199821434 0.0075820168976355393
leaf_weight=1.3237904757261283 1.908696418046018 0.20453380467369919 1.255754644051194 1.8726468635104561 0.33530223389607261 0.42426995933055878 0.87891502896673046 0.84437581920065019 1.9534300521481784 0.23436475498601828 0.69467962905764558 2.8666683295450639 0.71835514437407255 0.28542927575472266
leaf_count=13 32 8 100 1086 162 11 88 13 107 2 30 79 12 110
internal_value=0.000684216 -0.00269596 0.00820083 0.0130645 0.0160037 0.0188621 0.00204671 -0.00863288 -0.00162404 -0.0136064 0.00828973 -0.00311904 -0.00358007 -0.0110932
internal_weight=15.8012 14.4774 4.97142 3.71567 3.51113 3.17583 1.30318 9.506 4.49627 5.00973 2.25741 3.10103 1.41303 2.23886
internal_count=1853 1840 1455 1355 1347 1185 99 385 272 113 55 81 42 217
is_linear=0
shrinkage=0.05


Tree=292
num_leaves=15
num_cat=0
split_feature=3 14 15 14 9 14 4 3 3 3 11 3 7 4
split_gain=0.275398 0.312304 0.219008 0.21396 0.365621 0.216291 0.203171 0.165644 0.175932 0.155915 0.150077 0.145557 0.143424 0.125116
threshold=0.47349999845027929 0.98247721791267406 1.0000000180025095e-35 0.93461748957633983 3.5444744825363164 0.97183942794799816 0.81705000996589672 0.31700000166893011 0.35149998962879186 0.75499999523162853 5.5000000000000009 0.99849998950958263 1.0000000180025095e-35 0.96715000271797191
decision_type=2 2 2 2 2 2 2 2 2 2 2 2 2 2
left_child=1 7 9 11 5 6 -5 -1 -9 -2 -8 -4 -6 -12
right_child=2 -3 3 4 12 -7 10 8 -10 -11 13 -13 -14 -15
leaf_value=-0.029421369408969052 0.0085441091605903841 0.004326764400154344 0.024018975993195985 -0.021367031448079454 -0.0064676128346101095 0.011178230673522263 0.013756248354055818 0.011243638795471602 -0.012097004491943595 -0.0095939190675826021 -0.01426414600499896 -0.0041312486783621422 0.020188161401891058 0.0077211369204111596
leaf_weight=1.6274113736581086 0.62371969380182957 1.2531985100358722 0.86620608676457755 1.6726297442801303 0.14254420530051137 0.34323784479056474 0.36746580689214159 0.31016217498108734 1.3673487182240931 5.9078185527469032 0.76632809743750818 0.26774466058122925 1.1646128529609978 0.24459006595134269
leaf_count=16 12 13 32 26 5 23 12 8 40 762 32 19 807 25
internal_value=-0.00540184 -0.014656 -0.00114973 0.00541765 -0.000448211 -0.00884461 -0.0133005 -0.0211871 -0.00519394 -0.00695739 0.00135625 0.018551 0.015738 -0.00775045
internal_weight=16.925 4.55812 12.3669 5.83536 4.70141 3.39425 3.05101 3.30492 1.67751 6.53154 1.37838 1.13395 1.30716 1.01092
internal_count=1832 77 1755 981 930 118 95 64 48 774 69 51 812 57
is_linear=0
shrinkage=0.05


Tree=293
num_leaves=15
num_cat=0
split_feature=5 6 8 11 6 11 9 9 11 29 24 9 11 9
split_gain=0.493463 0.15316 0.145929 0.160239 0.14892 0.182944 0.163266 0.15617 0.123308 0.160324 0.161585 0.116543 0.0891898 0.108987
threshold=0.75000000000000011 1.0000000180025095e-35 1.0000000180025095e-35 4.5000000000000009 1.0000000180025095e-35 19.500000000000004 3.174047708511353 7.3861246109008798 16.000000000000004 1.0000000180025095e-35 1.0000000180025095e-35 7.4721910953521737 40.500000000000007 2.9083033800125127
decision_type=2 2 2 2 2 2 2 2 2 2 2 2 2 2
left_child=1 8 -2 -4 5 6 -5 -7 9 10 11 -1 13 -10
right_child=2 -3 3 4 -6 7 -8 -9 12 -11 -12 -13 -14 -15
leaf_value=-0.018296197949774686 -0.0087418311619222016 0.009990925479739789 -0.0079514390627311669 0.0025235307162796037 -0.0032067764333911786 0.01347195710065871 0.029831348026262625 -0.0081803705960714988 -0.002360521990124913 0.0074339359698171684 0.0054090630610149504 0.0028382973903386482 -0.012345999108977133 0.012317524933480151
leaf_weight=4.9415870981974876 0.18884647000231858 0.5125786736316521 0.23715820824872746 0.92338248810847323 0.65531983075197775 0.46402243894408435 1.8566353032438199 0.95121958191157319 4.2223112625069916 0.37077618436887849 0.49921075625024958 0.45624411677999877 0.48598203010624264 0.68282095541508159
leaf_count=200 10 13 31 61 35 133 747 65 76 8 49 115 34 290
internal_value=-0.000694611 -0.00615789 0.0108808 0.0129255 0.0151309 0.0180612 0.0238282 0.00155742 -0.00760102 -0.0118709 -0.0139866 -0.0163454 -0.00155609 0.00142263
internal_weight=17.4481 12.1715 5.27658 5.08774 4.85058 4.19526 2.78002 1.41524 11.6589 6.26782 5.89704 5.39783 5.39111 4.90513
internal_count=1867 785 1082 1072 1041 1006 808 198 772 372 364 315 400 366
is_linear=0
shrinkage=0.05


Tree=294
num_leaves=15
num_cat=0
split_feature=3 3 14 14 14 5 14 3 3 9 3 11 3 9
split_gain=0.360044 0.434484 0.2987 0.209851 0.276747 0.175947 0.290853 0.157044 0.218061 0.124859 0.244015 0.173339 0.170915 0.118886
threshold=0.29999999701976782 0.58100000023841869 0.930240958929062 0.9275864064693452 0.95645335316658031 1.0000000180025095e-35 0.88813546299934398 0.93149998784065258 0.99849998950958263 6.9260485172271737 0.91749998927116405 8.5000000000000018 0.6120000183582307 5.9426732063293466
decision_type=2 2 2 2 2 2 2 2 2 2 2 2 2 2
left_child=-1 2 -2 5 7 -3 -7 -5 -9 10 12 -12 -6 -13
right_child=1 3 -4 4 9 6 -8 8 -10 -11 11 13 -14 -15
leaf_value=-0.016267760981552696 -0.0036999781832254778 -0.0070336190546567631 0.025303813063045435 -0.025464318820763904 -0.0095512499694686941 -0.0053645521057500431 0.02556103622577174 0.013864165658647688 -0.011748655191323469 0.010876739273644409 -0.018648716140739038 0.00902681818822248 0.014928577742569782 -0.009590385066763232
leaf_weight=2.2149056242778906 0.96562021411955301 0.67949551716446821 1.8068490970181299 1.211522284022065 0.23283270047977556 0.77383463038131572 0.94229113208712079 0.36181462461536273 1.1837753026193241 1.1051207113778216 1.54027946817223 1.0487397611141203 1.3911397704650879 0.4915459542753523
leaf_count=21 6 19 70 48 5 8 66 82 162 662 156 330 62 124
internal_value=-0.00116146 0.00221331 0.0168991 -0.00260303 -0.00621492 0.00833963 0.0147751 -0.0167924 -0.00266186 0.000533686 -0.00337672 -0.0105828 0.00911642 0.00164907
internal_weight=15.9498 13.7349 2.77247 10.9624 8.56677 2.39562 1.71613 2.75711 1.54559 5.80966 4.70454 3.08057 1.62397 1.54029
internal_count=1821 1800 76 1724 1631 93 74 292 244 1339 677 610 67 454
is_linear=0
shrinkage=0.05


Tree=295
num_leaves=15
num_cat=0
split_feature=14 3 14 3 11 23 14 3 14 14 14 14 3 14
split_gain=0.209231 0.6846 0.404866 0.26452 0.254049 0.243639 0.228914 0.211958 0.209144 0.197808 0.18928 0.244202 0.243651 0.167349
threshold=0.95092076063156139 0.95049998164176952 0.94687074422836315 0.6120000183582307 32.500000000000007 1.0000000180025095e-35 0.92844375967979442 0.91749998927116405 0.98707339167594921 0.99035143852233898 0.97992375493049633 0.98220920562744152 0.89300000667572033 0.9275864064693452
decision_type=2 2 2 2 2 2 2 2 2 2 2 2 2 2
left_child=2 4 3 13 5 10 -5 -7 -6 -3 12 -12 -2 -1
right_child=1 9 -4 6 8 7 -8 -9 -10 -11 11 -13 -14 -15
leaf_value=-0.0047490606189761605 -0.033238347703042286 0.02057461212310743 0.02785382229277597 0.0037112690643974437 0.017889823076454779 0.015518656991055466 -0.015439514305592657 -0.0095647719576005541 -0.0097655820990936743 -0.0058155927193072107 0.013429090512963938 -0.013505312585425587 0.0048010795938128294 0.019927703986245781
leaf_weight=0.52604906447231847 1.9180407746171102 1.8909018495578496 0.81630856492847659 2.7604515994316898 0.49633340012223914 0.43008851791091718 1.8699886441754641 1.0556883925601139 0.40327615803107619 0.4537648876721504 0.38000594440381963 1.3091555362916549 0.22336414381425118 1.2365555333672089
leaf_count=5 60 1081 70 96 35 19 144 40 20 110 7 36 81 28
internal_value=0.00121693 -0.00388575 0.00701128 0.000942363 -0.0122194 -0.0160283 -0.00539126 0.00101814 0.0068779 0.0152555 -0.0214822 -0.00470542 -0.0290053 0.0135098
internal_weight=15.77 8.56062 7.20935 6.39304 6.21595 5.31634 4.63044 1.48578 0.89961 2.34467 3.83057 1.68916 2.1414 1.7626
internal_count=1832 1489 343 273 298 243 240 59 55 1191 184 43 141 33
is_linear=0
shrinkage=0.05


Tree=296
num_leaves=15
num_cat=0
split_feature=3 9 12 3 3 5 9 9 9 12 4 9 3 7
split_gain=0.295818 0.42356 0.184974 0.266159 0.257938 0.108143 0.163782 0.206842 0.194477 0.2328 0.111361 0.0919163 0.112266 0.0912745
threshold=0.28950001299381262 2.2800099849700932 1.5000000000000002 0.55500000715255748 0.38750000298023229 1.0000000180025095e-35 4.0992836952209482 2.8171484470367436 6.9054689407348642 2.5000000000000004 0.97424998879432689 5.3045852184295663 0.90599998831748974 1.0000000180025095e-35
decision_type=2 2 2 2 2 2 2 2 2 2 2 2 2 2
left_child=-1 2 3 4 -2 11 7 -7 13 10 -10 -3 -13 -8
right_child=1 5 -4 -5 -6 6 8 -9 9 -11 -12 12 -14 -15
leaf_value=0.013496427568558837 -0.014585153195930862 0.0050670161212176294 0.00074032431363240813 -0.028315588568366253 0.0099493996141179555 0.015129855495777254 -0.0033278196673447776 -0.0074538583188720328 -0.016587622667183357 0.012516553456025863 0.0051439641040085379 0.0040443306065612939 -0.018192227180895467 0.025871797071488407
leaf_weight=1.9433636413887168 1.271934172837063 0.63339446298777868 1.7178926087217403 1.814617409429047 1.0898034515557808 0.38327782836859148 0.068326669745147117 2.8756440135912271 0.76466467352292988 1.2253268623244364 0.3214818803826347 0.40961677953600861 0.61646784609183669 1.0559558636050499
leaf_count=18 18 29 79 37 36 53 3 164 77 359 369 18 18 578
internal_value=-0.00108649 -0.00383014 -0.0130587 -0.0177812 -0.00367198 0.00338097 0.00611538 -0.00186895 0.0124027 0.0016245 -0.0107729 -0.0058018 -0.0117005 0.023366
internal_weight=16.1918 14.2484 5.89425 4.17636 2.36174 8.35416 6.69468 3.25892 3.43576 2.31147 1.08615 1.65948 1.02608 1.12428
internal_count=1856 1838 170 91 54 1668 1603 217 1386 805 446 65 36 581
is_linear=0
shrinkage=0.05


Tree=297
num_leaves=15
num_cat=0
split_feature=3 14 13 14 13 12 11 14 14 14 3 14 14 3
split_gain=0.294643 0.305068 0.205703 0.208498 0.146199 0.164806 0.129087 0.207805 0.528017 0.18382 0.108 0.0911827 0.189418 0.280562
threshold=0.91749998927116405 0.97846508026123058 0.75000000000000011 0.90128409862518322 0.75000000000000011 13.500000000000002 5.5000000000000009 0.94826391339302074 0.95980143547058117 0.91151106357574474 0.96149998903274547 0.97992375493049633 0.98220920562744152 0.27700001001358038
decision_type=2 2 2 2 2 2 2 2 2 2 2 2 2 2
left_child=1 2 -1 -4 -2 -6 -5 9 -9 -8 -7 -3 -13 -14
right_child=4 11 3 6 5 10 7 8 -10 -11 -12 12 13 -15
leaf_value=-0.0065676208845470048 0.010327273495396456 -0.017893336897426768 -0.0041222533734205178 -0.0012929951756070904 -0.011351704724174573 -0.0076487125582952679 -7.0553529240673259e-05 -0.016629730747190975 0.020054821702160563 0.034531582659857195 0.013477631917466744 0.013782945007732712 -0.024073197494223965 0.0057057148001244343
leaf_weight=0.87768085603602219 0.27654263881413577 0.34659772797022048 0.94942599488422441 0.65816271270159621 6.8187754960599687 0.17748068179935206 0.44847538694739375 0.77959249666309949 1.2615269292437004 1.5046270413149612 0.58079027570784092 0.46740275355114169 0.43016836047172535 1.1159487324039217
leaf_count=27 49 5 14 32 1464 14 6 21 44 56 63 16 2 51
internal_value=-0.000557551 0.00542799 0.0106471 0.0139306 -0.00714672 -0.00891418 0.0176922 0.020453 0.00518243 0.0292528 0.006995 -0.007805 -0.000707012 -0.00878032
internal_weight=16.6932 8.83961 6.47949 5.60181 7.85359 7.57705 4.65238 3.99422 2.04112 1.9531 0.758271 2.36012 2.01352 1.54612
internal_count=1864 274 200 173 1590 1541 159 127 65 62 77 74 69 53
is_linear=0
shrinkage=0.05


Tree=298
num_leaves=15
num_cat=0
split_feature=14 3 4 14 3 14 3 14 14 4 3 14 7 14
split_gain=0.320079 0.413008 0.324799 0.253182 0.162675 0.156304 0.13361 0.167283 0.113144 0.122811 0.108627 0.266528 0.153167 0.135542
threshold=0.94826391339302074 0.62000000476837169 0.93600001931190502 0.9275864064693452 0.52950000762939464 0.92844375967979442 0.29999999701976782 0.98707339167594921 0.90128409862518322 0.97600001096725475 0.91850000619888317 0.98341789841651928 1.0000000180025095e-35 0.98481070995330822
decision_type=2 2 2 2 2 2 2 2 2 2 2 2 2 2
left_child=1 3 4 -1 6 8 -2 -8 -3 -10 -4 12 -12 -13
right_child=2 5 10 -5 -6 -7 7 -9 9 -11 11 13 -14 -15
leaf_value=-0.0046818994404548417 -0.010826038245769706 -0.003980180110448899 -0.0074255367301328248 0.026122603778744091 -0.023337722806121702 -0.010873220292228163 0.014393378884072034 -0.00910058195825828 0.017605887503870113 -0.004620018967113981 -0.0068732705935587689 -0.016228760269909309 0.019495084444649848 0.0034780459923105206
leaf_weight=0.51989234611392321 2.2132107056677328 1.5034603668609636 1.1080451620509846 1.8555380476173011 1.8231745097727978 1.9127442583485388 0.77848124550655462 0.44395535252988338 0.93785317000583723 0.4129527552286163 0.1543499785475454 0.55414551289140934 1.8672865529661051 1.3636555123375727
leaf_count=5 17 33 90 36 86 175 30 5 49 21 15 50 795 430
internal_value=-0.00105552 0.00656225 -0.00644824 0.019991 -0.0140946 -0.00243547 -0.00503395 0.00560534 0.00457299 0.0117363 0.00253155 0.0062685 0.0158735 -0.00582663
internal_weight=17.4487 7.14244 10.3063 2.37543 5.25882 4.76701 3.43565 1.22244 2.85427 1.35081 5.04748 3.93944 2.02164 1.9178
internal_count=1837 319 1518 41 138 278 52 35 103 70 1380 1290 810 480
is_linear=0
shrinkage=0.05


Tree=299
num_leaves=15
num_cat=0
split_feature=12 11 11 3 14 14 3 11 14 4 12 11 3 4
split_gain=0.247047 0.260029 0.144638 0.16992 0.236633 0.146638 0.142191 0.244387 0.227699 0.232001 0.190714 0.127451 0.19179 0.125248
threshold=1.5000000000000002 7.5000000000000009 11.500000000000002 0.91749998927116405 0.96904006600379955 0.91946774721145641 0.93149998784065258 20.500000000000004 0.98471453785896312 0.95274999737739574 13.500000000000002 31.000000000000004 0.47349999845027929 0.90209999680519115
decision_type=2 2 2 2 2 2 2 2 2 2 2 2 2 2
left_child=1 -1 3 -2 5 -5 7 -4 9 -8 -10 12 -3 -7
right_child=2 11 6 4 -6 13 8 -9 10 -11 -12 -13 -14 -15
leaf_value=-0.020152092117170037 0.01449101259753263 -0.010309089994521504 -0.023804568324186388 0.0094351552712393597 0.014857770789185222 0.0047623822646767171 -0.0077440018708930169 0.0088007819854820195 -0.019600598822813148 0.020933670167626699 0.0088186258373368197 -0.0063935216137080211 0.016649374392422766 -0.016165246293140093
leaf_weight=3.0156532164692198 2.0155230298551015 0.22559212381020166 0.79280383372679375 0.22458735623513426 0.59513208954012942 0.44093817169778082 0.47416321592754707 0.23224148387089372 0.65172518379404198 0.87190020062553231 0.21275134710595012 4.5598511426578625 0.77881014653394232 2.014350921199366
leaf_count=266 55 5 42 18 346 15 13 6 102 146 50 259 361 194
internal_value=-0.00486827 -0.0103852 0.00119088 0.00589566 -0.00154646 -0.00823703 -0.00607765 -0.0157193 0.00189682 0.0118368 -0.0116279 -0.0028283 0.00847202 -0.0121163
internal_weight=17.106 8.57991 8.52612 5.29053 3.27501 2.67988 3.23559 1.02505 2.21054 1.34606 0.864477 5.56425 1.0044 2.45529
internal_count=1878 891 987 628 573 227 359 48 311 159 152 625 366 209
is_linear=0
shrinkage=0.05


end of trees

feature_importances:
Column_14=901
Column_3=672
Column_9=470
Column_4=435
Column_11=433
Column_12=322
Column_7=177
Column_5=95
Column_37=65
Column_15=64
Column_16=52
Column_2=51
Column_24=51
Column_8=40
Column_34=38
Column_13=30
Column_36=29
Column_17=28
Column_30=28
Column_33=28
Column_6=26
Column_23=25
Column_35=25
Column_1=20
Column_28=19
Column_31=16
Column_25=15
Column_29=15
Column_18=11
Column_19=10
Column_21=4
Column_22=3
Column_20=1
Column_32=1

parameters:
[boosting: gbdt]
[objective: binary]
[metric: binary_logloss]
[tree_learner: serial]
[device_type: cpu]
[data_sample_strategy: bagging]
[data: ]
[valid: ]
[num_iterations: 300]
[learning_rate: 0.05]
[num_leaves: 15]
[num_threads: 2]
[seed: 7]
[deterministic: 0]
[force_col_wise: 0]
[force_row_wise: 0]
[histogram_pool_size: -1]
[max_depth: -1]
[min_data_in_leaf: 10]
[min_sum_hessian_in_leaf: 0.001]
[bagging_fraction: 0.8]
[pos_bagging_fraction: 1]
[neg_bagging_fraction: 1]
[bagging_freq: 1]
[bagging_seed: 17422]
[bagging_by_query: 0]
[feature_fraction: 0.8]
[feature_fraction_bynode: 1]
[feature_fraction_seed: 7040]
[extra_trees: 0]
[extra_seed: 6516]
[early_stopping_round: 0]
[early_stopping_min_delta: 0]
[first_metric_only: 0]
[max_delta_step: 0]
[lambda_l1: 0]
[lambda_l2: 1]
[linear_lambda: 0]
[min_gain_to_split: 0]
[drop_rate: 0.1]
[max_drop: 50]
[skip_drop: 0.5]
[xgboost_dart_mode: 0]
[uniform_drop: 0]
[drop_seed: 15215]
[top_rate: 0.2]
[other_rate: 0.1]
[min_data_per_group: 100]
[max_cat_threshold: 32]
[cat_l2: 10]
[cat_smooth: 10]
[max_cat_to_onehot: 4]
[top_k: 20]
[monotone_constraints: ]
[monotone_constraints_method: basic]
[monotone_penalty: 0]
[feature_contri: ]
[forcedsplits_filename: ]
[refit_decay_rate: 0.9]
[cegb_tradeoff: 1]
[cegb_penalty_split: 0]
[cegb_penalty_feature_lazy: ]
[cegb_penalty_feature_coupled: ]
[path_smooth: 0]
[interaction_constraints: ]
[verbosity: -1]
[saved_feature_importance_type: 0]
[use_quantized_grad: 0]
[num_grad_quant_bins: 4]
[quant_train_renew_leaf: 0]
[stochastic_rounding: 1]
[linear_tree: 0]
[max_bin: 255]
[max_bin_by_feature: ]
[min_data_in_bin: 3]
[bin_construct_sample_cnt: 200000]
[data_random_seed: 61]
[is_enable_sparse: 1]
[enable_bundle: 1]
[use_missing: 1]
[zero_as_missing: 0]
[feature_pre_filter: 1]
[pre_partition: 0]
[two_round: 0]
[header: 0]
[label_column: ]
[weight_column: ]
[group_column: ]
[ignore_column: ]
[categorical_feature: ]
[forcedbins_filename: ]
[precise_float_parser: 0]
[parser_config_file: ]
[objective_seed: 15521]
[num_class: 1]
[is_unbalance: 0]
[scale_pos_weight: 1]
[sigmoid: 1]
[boost_from_average: 1]
[reg_sqrt: 0]
[alpha: 0.9]
[fair_c: 1]
[poisson_max_delta_step: 0.7]
[tweedie_variance_power: 1.5]
[lambdarank_truncation_level: 30]
[lambdarank_norm: 1]
[label_gain: ]
[lambdarank_position_bias_regularization: 0]
[eval_at: ]
[multi_error_top_k: 1]
[auc_mu_weights: ]
[num_machines: 1]
[local_listen_port: 12400]
[time_out: 120]
[machine_list_filename: ]
[machines: ]
[gpu_platform_id: -1]
[gpu_device_id: -1]
[gpu_device_id_list: ]
[gpu_use_dp: 0]
[num_gpu: 1]

end of parameters

pandas_categorical:null
